case_id,variant_id,level,agent_variant,run_id,claim_id,claim_type,agent_claim,cited_evidence,confidence,what_would_falsify_this_claim,verbatim_quote,source_section,raw_output_file,notes
C001,level2,level2,benchmark_isolated,RUN_20260527_210840_01_openclaw_deepseekv4pro_isolated,RUN_20260527_210840_01_openclaw_deepseekv4pro_isolated_CL001,Causal (ITT),Advance notice affects contact probability,"Reduced-form regression of *Cᵢ* on Arm B indicator (vs. Arm A), with block FE","High, under randomization","No statistically significant difference between Arm A and Arm B in contact rates, with a precisely estimated zero",Advance notice affects contact probability,Claim-Evidence Table,outputs/raw_agent_logs/main/C001_level2_openclaw_RUN_20260527_210840_01_openclaw_deepseekv4pro_isolated.md,extracted_from_claim_evidence_table
C001,level2,level2,benchmark_isolated,RUN_20260527_210840_01_openclaw_deepseekv4pro_isolated,RUN_20260527_210840_01_openclaw_deepseekv4pro_isolated_CL002,Causal (ITT),Adding a low-cost opt-out reduces contact probability,Reduced-form regression of *Cᵢ* on Arm C vs. Arm B contrast,"High, under randomization and if manipulation is successful",Contact rates in Arm C are not lower than in Arm B (with sufficient power to detect a meaningful difference),Adding a low-cost opt-out reduces contact probability,Claim-Evidence Table,outputs/raw_agent_logs/main/C001_level2_openclaw_RUN_20260527_210840_01_openclaw_deepseekv4pro_isolated.md,extracted_from_claim_evidence_table
C001,level2,level2,benchmark_isolated,RUN_20260527_210840_01_openclaw_deepseekv4pro_isolated,RUN_20260527_210840_01_openclaw_deepseekv4pro_isolated_CL003,Causal (ITT),Unconditional giving differs across solicitation-process conditions,Reduced-form regression of *Gᵢ* on treatment indicators,"High, under randomization",No difference in unconditional giving rates across arms,Unconditional giving differs across solicitation-process conditions,Claim-Evidence Table,outputs/raw_agent_logs/main/C001_level2_openclaw_RUN_20260527_210840_01_openclaw_deepseekv4pro_isolated.md,extracted_from_claim_evidence_table
C001,level2,level2,benchmark_isolated,RUN_20260527_210840_01_openclaw_deepseekv4pro_isolated,RUN_20260527_210840_01_openclaw_deepseekv4pro_isolated_CL004,Descriptive decomposition,The total giving effect can be decomposed into contact-margin and conditional-giving components,Accounting identity decomposition applied to ITT estimates,High (it is an identity given the estimates),"Not falsifiable — it is an accounting relationship. However, if the contact margin explains all of the total effect, the conditional-giving component is zero",The total giving effect can be decomposed into contact-margin and conditional-giving components,Claim-Evidence Table,outputs/raw_agent_logs/main/C001_level2_openclaw_RUN_20260527_210840_01_openclaw_deepseekv4pro_isolated.md,extracted_from_claim_evidence_table
C001,level2,level2,benchmark_isolated,RUN_20260527_210840_01_openclaw_deepseekv4pro_isolated,RUN_20260527_210840_01_openclaw_deepseekv4pro_isolated_CL005,Descriptive association; suggestive of mechanism,Small gifts are differentially sensitive to pressure,Interaction between treatment and contribution-size category in a multinomial/ordered model,Low (confounded by selection and alternative explanations),"Small-gift share does not differ differentially across arms; or the pattern is consistent with alternative explanations (e.g., differential selection by income)",Small gifts are differentially sensitive to pressure,Claim-Evidence Table,outputs/raw_agent_logs/main/C001_level2_openclaw_RUN_20260527_210840_01_openclaw_deepseekv4pro_isolated.md,extracted_from_claim_evidence_table
C001,level2,level2,benchmark_isolated,RUN_20260527_210840_01_openclaw_deepseekv4pro_isolated,RUN_20260527_210840_01_openclaw_deepseekv4pro_isolated_CL006,Descriptive; consistent with mechanism but not a causal test,Genuine willingness accounts for giving that persists when avoidance is easy,"Giving rate in Arm C among contacted units, relative to Arm B","Moderate for existence, low for magnitude","Giving in Arm C among contacted units is near zero (inconsistent with any genuine willingness) or identical to Arm B (the opt-out selects out no one, so willingness cannot be separated from other motives)",Genuine willingness accounts for giving that persists when avoidance is easy,Claim-Evidence Table,outputs/raw_agent_logs/main/C001_level2_openclaw_RUN_20260527_210840_01_openclaw_deepseekv4pro_isolated.md,extracted_from_claim_evidence_table
C001,level2,level2,benchmark_isolated,RUN_20260527_210840_01_openclaw_deepseekv4pro_isolated,RUN_20260527_210840_01_openclaw_deepseekv4pro_isolated_CL007,Descriptive behavioral measure,The opt-out mechanism reveals avoidance preference,Opt-out take-up rate in Arm C; differential contact rates between B and C,"Moderate (if opt-out rate > 0, avoidance preference exists in at least some units)","Opt-out rate is zero; or opt-out rate is positive but driven by factors unrelated to avoidance (e.g., language barriers, misunderstanding)",The opt-out mechanism reveals avoidance preference,Claim-Evidence Table,outputs/raw_agent_logs/main/C001_level2_openclaw_RUN_20260527_210840_01_openclaw_deepseekv4pro_isolated.md,extracted_from_claim_evidence_table
C001,level2,level2,benchmark_isolated,RUN_20260527_210840_01_openclaw_deepseekv4pro_isolated,RUN_20260527_210840_01_openclaw_deepseekv4pro_isolated_CL008,Robustness check,The results are not driven by solicitor-level confounds,Solicitor FE regressions; solicitor × treatment interaction tests,"High for ruling out large confounds, moderate for small ones",Treatment effects change substantially when solicitor FE are included; or solicitor × treatment interactions are large and significant,The results are not driven by solicitor-level confounds,Claim-Evidence Table,outputs/raw_agent_logs/main/C001_level2_openclaw_RUN_20260527_210840_01_openclaw_deepseekv4pro_isolated.md,extracted_from_claim_evidence_table
C001,level2,level2,benchmark_isolated,RUN_20260527_210840_01_openclaw_deepseekv4pro_isolated,RUN_20260527_210840_01_openclaw_deepseekv4pro_isolated_CL009,Robustness check,The findings are not artifacts of spatial spillover,Cluster-robust SE at route/building level; spatial correlation tests,Moderate (spillover is difficult to rule out conclusively),Standard errors inflate substantially under spatial clustering; or neighbor-treatment indicators are significant predictors of own outcomes,The findings are not artifacts of spatial spillover,Claim-Evidence Table,outputs/raw_agent_logs/main/C001_level2_openclaw_RUN_20260527_210840_01_openclaw_deepseekv4pro_isolated.md,extracted_from_claim_evidence_table
C001,level3,level3,benchmark_isolated,RUN_20260527_211500_02_openclaw_deepseekv4pro_isolated,RUN_20260527_211500_02_openclaw_deepseekv4pro_isolated_CL001,Causal (point-identified under random assignment),Solicitation-process conditions causally affect contact probability,"ITT estimate of treatment assignment on contact, with cluster-robust inference; balance on pre-treatment covariates",High,Failure of balance on observables; evidence of selective noncompliance or differential attrition by arm,Solicitation-process conditions causally affect contact probability,Claim-Evidence Table,outputs/raw_agent_logs/main/C001_level3_openclaw_RUN_20260527_211500_02_openclaw_deepseekv4pro_isolated.md,extracted_from_claim_evidence_table
C001,level3,level3,benchmark_isolated,RUN_20260527_211500_02_openclaw_deepseekv4pro_isolated,RUN_20260527_211500_02_openclaw_deepseekv4pro_isolated_CL002,Causal (point-identified under random assignment),Solicitation-process conditions causally affect unconditional giving,"ITT estimate of treatment assignment on giving, with cluster-robust inference",High,Same as above; or evidence of spillover that contaminates the control condition,Solicitation-process conditions causally affect unconditional giving,Claim-Evidence Table,outputs/raw_agent_logs/main/C001_level3_openclaw_RUN_20260527_211500_02_openclaw_deepseekv4pro_isolated.md,extracted_from_claim_evidence_table
C001,level3,level3,benchmark_isolated,RUN_20260527_211500_02_openclaw_deepseekv4pro_isolated,RUN_20260527_211500_02_openclaw_deepseekv4pro_isolated_CL003,Causal (ITT) for contact-rate differences; mechanism inference for sorting vs. scheduling,"Advance notice enables sorting/avoidance, not just scheduling","Contact rate is lower under advance-notice arms (B, C) than under no-notice arm (A), and lower in C than in B (revealed preference for avoidance via opt-out)",Medium-High for existence of avoidance; Medium for scheduling vs. avoidance distinction,"Contact rate does not differ across arms → no evidence of sorting; contact rate differs between A and B but not B and C → consistent with scheduling-only, not active avoidance","Advance notice enables sorting/avoidance, not just scheduling",Claim-Evidence Table,outputs/raw_agent_logs/main/C001_level3_openclaw_RUN_20260527_211500_02_openclaw_deepseekv4pro_isolated.md,extracted_from_claim_evidence_table
C001,level3,level3,benchmark_isolated,RUN_20260527_211500_02_openclaw_deepseekv4pro_isolated,RUN_20260527_211500_02_openclaw_deepseekv4pro_isolated_CL004,Pattern-of-evidence (not point-identified),Some giving under standard solicitation is pressure-driven,Unconditional giving falls from B to C by more than can be explained by the contact-rate change alone; small contributions disproportionately affected; opt-out households had positive giving under B,Medium,Conditional giving distribution is unchanged across B and C; all giving reduction is explained by contact-rate change; opt-out households were zero-givers under B,Some giving under standard solicitation is pressure-driven,Claim-Evidence Table,outputs/raw_agent_logs/main/C001_level3_openclaw_RUN_20260527_211500_02_openclaw_deepseekv4pro_isolated.md,extracted_from_claim_evidence_table
C001,level3,level3,benchmark_isolated,RUN_20260527_211500_02_openclaw_deepseekv4pro_isolated,RUN_20260527_211500_02_openclaw_deepseekv4pro_isolated_CL005,Correlational pattern,Contribution size is informative about pressure vs. genuine willingness,Small contributions differentially disappear in low-pressure arm (C); large contributions are stable across arms,Low-Medium,Contribution-size distribution shifts uniformly across arms; or small contributions are stable while large contributions change (opposite pattern),Contribution size is informative about pressure vs. genuine willingness,Claim-Evidence Table,outputs/raw_agent_logs/main/C001_level3_openclaw_RUN_20260527_211500_02_openclaw_deepseekv4pro_isolated.md,extracted_from_claim_evidence_table
C001,level3,level3,benchmark_isolated,RUN_20260527_211500_02_openclaw_deepseekv4pro_isolated,RUN_20260527_211500_02_openclaw_deepseekv4pro_isolated_CL006,Descriptive / diagnostic,Contact selection is non-ignorable,Observable characteristics of contacted households differ across arms; bounds on conditional-giving effects differ from naive conditional estimates,High,No observable differences in contacted-household composition across arms; Lee bounds are trivially tight (but this does not prove ignorability),Contact selection is non-ignorable,Claim-Evidence Table,outputs/raw_agent_logs/main/C001_level3_openclaw_RUN_20260527_211500_02_openclaw_deepseekv4pro_isolated.md,extracted_from_claim_evidence_table
C001,level3,level3,benchmark_isolated,RUN_20260527_211500_02_openclaw_deepseekv4pro_isolated,RUN_20260527_211500_02_openclaw_deepseekv4pro_isolated_CL007,Diagnostic (failure to reject null of no spillover),Spillover effects are absent or small,No correlation between household outcomes and neighbors' treatment assignment; results robust to route-level clustering,Medium (limited power for spillover detection),Significant correlation between own outcomes and neighbor treatment; route-level vs. household-level standard errors differ substantially,Spillover effects are absent or small,Claim-Evidence Table,outputs/raw_agent_logs/main/C001_level3_openclaw_RUN_20260527_211500_02_openclaw_deepseekv4pro_isolated.md,extracted_from_claim_evidence_table
C002,level2,level2,benchmark_isolated,RUN_20260527_215707_05_openclaw_deepseekv4pro_isolated,RUN_20260527_215707_05_openclaw_deepseekv4pro_isolated_CL001,Causal,Pre-borrowing offer terms causally affect the take-up decision.,ITT estimate of Z_pre on Y_takeup from randomized offer variation; balance on pre-offer covariates across Z_pre arms.,High (if A1 holds),No significant difference in take-up rates across Z_pre arms; or pre-treatment imbalance across arms.,Pre-borrowing offer terms causally affect the take-up decision.,Claim-Evidence Table,outputs/raw_agent_logs/main/C002_level2_openclaw_RUN_20260527_215707_05_openclaw_deepseekv4pro_isolated.md,extracted_from_claim_evidence_table
C002,level2,level2,benchmark_isolated,RUN_20260527_215707_05_openclaw_deepseekv4pro_isolated,RUN_20260527_215707_05_openclaw_deepseekv4pro_isolated_CL002,Causal (M1),Pre-borrowing offer terms causally shift the risk composition of accepted borrowers.,Significant θ₁ in risk-composition regression; shift in mean risk score across Z_pre arms among acceptors.,High (if A1 holds),"No difference in risk-score distribution among acceptors across Z_pre arms, despite different take-up rates.",Pre-borrowing offer terms causally shift the risk composition of accepted borrowers.,Claim-Evidence Table,outputs/raw_agent_logs/main/C002_level2_openclaw_RUN_20260527_215707_05_openclaw_deepseekv4pro_isolated.md,extracted_from_claim_evidence_table
C002,level2,level2,benchmark_isolated,RUN_20260527_215707_05_openclaw_deepseekv4pro_isolated,RUN_20260527_215707_05_openclaw_deepseekv4pro_isolated_CL003,Causal (M2),Post-borrowing terms causally affect repayment behavior.,Significant γ₂ in repayment equation; Z_post randomly assigned and orthogonal to Z_pre; information separation test passes.,High (if A1–A5 hold),γ₂ not significant; or information separation test fails; or post-acceptance imbalance across Z_post arms.,Post-borrowing terms causally affect repayment behavior.,Claim-Evidence Table,outputs/raw_agent_logs/main/C002_level2_openclaw_RUN_20260527_215707_05_openclaw_deepseekv4pro_isolated.md,extracted_from_claim_evidence_table
C002,level2,level2,benchmark_isolated,RUN_20260527_215707_05_openclaw_deepseekv4pro_isolated,RUN_20260527_215707_05_openclaw_deepseekv4pro_isolated_CL004,Causal (mechanism),Selection and incentive effects are additive (do not interact).,γ₃ not significantly different from zero in the Z_pre × Z_post interaction term.,Moderate (depends on power),Significant γ₃; or visual inspection of repayment-by-stratum plots shows non-parallel patterns.,Selection and incentive effects are additive (do not interact).,Claim-Evidence Table,outputs/raw_agent_logs/main/C002_level2_openclaw_RUN_20260527_215707_05_openclaw_deepseekv4pro_isolated.md,extracted_from_claim_evidence_table
C002,level2,level2,benchmark_isolated,RUN_20260527_215707_05_openclaw_deepseekv4pro_isolated,RUN_20260527_215707_05_openclaw_deepseekv4pro_isolated_CL005,Causal (M4),Future-credit access incentives causally affect current repayment.,Significant γ₄ in future-access extension; orthogonal assignment of future-access terms.,High (if assignment is random and information-separated),No difference in current repayment by future-access assignment; or information leakage to current stage.,Future-credit access incentives causally affect current repayment.,Claim-Evidence Table,outputs/raw_agent_logs/main/C002_level2_openclaw_RUN_20260527_215707_05_openclaw_deepseekv4pro_isolated.md,extracted_from_claim_evidence_table
C002,level2,level2,benchmark_isolated,RUN_20260527_215707_05_openclaw_deepseekv4pro_isolated,RUN_20260527_215707_05_openclaw_deepseekv4pro_isolated_CL006,Causal decomposition,The total repayment difference across Z_pre arms is decomposable into selection and incentive components.,Sum of γ₁ (residual selection) + observed compositional shift + γ₂-based incentive channel matches observed total difference.,High (under A1–A5),Decomposition terms do not sum to observed total; or alternative decomposition methods produce qualitatively different allocations.,The total repayment difference across Z_pre arms is decomposable into selection and incentive components.,Claim-Evidence Table,outputs/raw_agent_logs/main/C002_level2_openclaw_RUN_20260527_215707_05_openclaw_deepseekv4pro_isolated.md,extracted_from_claim_evidence_table
C002,level2,level2,benchmark_isolated,RUN_20260527_215707_05_openclaw_deepseekv4pro_isolated,RUN_20260527_215707_05_openclaw_deepseekv4pro_isolated_CL007,Descriptive pattern,Observably riskier borrowers are differentially selected into the accepted pool under less generous Z_pre.,Interaction of Z_pre with pre-offer risk score in take-up equation; risk-gradient plot across Z_pre arms.,Moderate,Risk gradient is flat or goes in the opposite direction.,Observably riskier borrowers are differentially selected into the accepted pool under less generous Z_pre.,Claim-Evidence Table,outputs/raw_agent_logs/main/C002_level2_openclaw_RUN_20260527_215707_05_openclaw_deepseekv4pro_isolated.md,extracted_from_claim_evidence_table
C002,level2,level2,benchmark_isolated,RUN_20260527_215707_05_openclaw_deepseekv4pro_isolated,RUN_20260527_215707_05_openclaw_deepseekv4pro_isolated_CL008,Descriptive / diagnostic,The lender's internal risk score is a valid proxy for repayment propensity.,Correlation between pre-offer risk score and realized repayment among a holdout or pre-study sample.,Moderate,Risk score does not predict repayment in pre-study data; or correlation reverses in study period.,The lender's internal risk score is a valid proxy for repayment propensity.,Claim-Evidence Table,outputs/raw_agent_logs/main/C002_level2_openclaw_RUN_20260527_215707_05_openclaw_deepseekv4pro_isolated.md,extracted_from_claim_evidence_table
C002,level2,level2,benchmark_isolated,RUN_20260527_215707_05_openclaw_deepseekv4pro_isolated,RUN_20260527_215707_05_openclaw_deepseekv4pro_isolated_CL009,Diagnostic,Attrition from the repayment sample is unrelated to treatment assignment.,Attrition rates do not differ significantly across Z_pre or Z_post arms.,Moderate,Significant differential attrition by treatment arm; Lee bounds include zero but are wide.,Attrition from the repayment sample is unrelated to treatment assignment.,Claim-Evidence Table,outputs/raw_agent_logs/main/C002_level2_openclaw_RUN_20260527_215707_05_openclaw_deepseekv4pro_isolated.md,extracted_from_claim_evidence_table
C002,level2,level2,benchmark_isolated,RUN_20260527_215707_05_openclaw_deepseekv4pro_isolated,RUN_20260527_215707_05_openclaw_deepseekv4pro_isolated_CL010,Assumption (A4),Borrowers do not share assignment information with each other.,Absence of spatial or temporal clustering of outcomes; neighbors' assignments do not predict own outcomes.,Moderate,Significant spatial autocorrelation of outcomes; neighbors' Z_pre or Z_post predict own Y_takeup or Y_repay.,Borrowers do not share assignment information with each other.,Claim-Evidence Table,outputs/raw_agent_logs/main/C002_level2_openclaw_RUN_20260527_215707_05_openclaw_deepseekv4pro_isolated.md,extracted_from_claim_evidence_table
C002,level3,level3,benchmark_isolated,RUN_20260527_222408_06_openclaw_deepseekv4pro_isolated,RUN_20260527_222408_06_openclaw_deepseekv4pro_isolated_CL001,Causal (ITT),Pre-borrowing offer terms causally affect take-up rates,"Stage-1 randomization: difference in \(P(A_i=1)\) across \(Z_i\) arms, F-test for joint significance",High (randomized),Randomization balance failure; evidence of manipulation or noncompliance that is not random,**C1:** Pre-borrowing offer terms causally affect take-up rates,Claim-Evidence Table,outputs/raw_agent_logs/main/C002_level3_openclaw_RUN_20260527_222408_06_openclaw_deepseekv4pro_isolated.md,extracted_from_claim_evidence_table
C002,level3,level3,benchmark_isolated,RUN_20260527_222408_06_openclaw_deepseekv4pro_isolated,RUN_20260527_222408_06_openclaw_deepseekv4pro_isolated_CL002,Causal (compositional),Pre-borrowing offer terms sort borrowers on observable risk characteristics,Stage-1 randomization: difference in mean \(X_i\) across \(Z_i\) arms within the accepted sample,High (randomized),No detectable compositional shift — implies either homogeneous take-up elasticity or limited scope for selection on observables,**C2:** Pre-borrowing offer terms sort borrowers on observable risk characteristics,Claim-Evidence Table,outputs/raw_agent_logs/main/C002_level3_openclaw_RUN_20260527_222408_06_openclaw_deepseekv4pro_isolated.md,extracted_from_claim_evidence_table
C002,level3,level3,benchmark_isolated,RUN_20260527_222408_06_openclaw_deepseekv4pro_isolated,RUN_20260527_222408_06_openclaw_deepseekv4pro_isolated_CL003,Causal (local treatment effect),Post-acceptance contract terms causally affect repayment among acceptors,"Stage-2 randomization: difference in \(E[Y_i \mid A_i=1]\) across \(D_i\) arms, orthogonal to \(Z_i\)","High (randomized, conditional on firewall holding)",Anticipation detected (borrowers predict \(D_i\) at take-up); differential attrition by \(D_i\) arm; imbalance in pre-acceptance \(X_i\) across \(D_i\) arms,**C3:** Post-acceptance contract terms causally affect repayment among acceptors,Claim-Evidence Table,outputs/raw_agent_logs/main/C002_level3_openclaw_RUN_20260527_222408_06_openclaw_deepseekv4pro_isolated.md,extracted_from_claim_evidence_table
C002,level3,level3,benchmark_isolated,RUN_20260527_222408_06_openclaw_deepseekv4pro_isolated,RUN_20260527_222408_06_openclaw_deepseekv4pro_isolated_CL004,Mechanism,Selection and incentive channels are empirically separable,Cross-randomization: \(Z_i \perp D_i\) ensures that variation in \(Z_i\) affects only selection and variation in \(D_i\) affects only incentives; interaction term \(Z_i \times D_i\) is zero in repayment equation,Moderate (requires firewall + no interaction),Significant \(Z_i \times D_i\) interaction in repayment equation; anticipation detected; learning effects in repeat borrowers,**C4:** Selection and incentive channels are empirically separable,Claim-Evidence Table,outputs/raw_agent_logs/main/C002_level3_openclaw_RUN_20260527_222408_06_openclaw_deepseekv4pro_isolated.md,extracted_from_claim_evidence_table
C002,level3,level3,benchmark_isolated,RUN_20260527_222408_06_openclaw_deepseekv4pro_isolated,RUN_20260527_222408_06_openclaw_deepseekv4pro_isolated_CL005,Causal (if \(F_i\) randomized),Future-credit incentives alter current repayment behavior independently of current burden,Stage-3 randomization of \(F_i\) orthogonal to \(D_i\): coefficient on \(F_i\) in repayment equation with \(D_i\) controlled,Moderate (depends on whether \(F_i\) randomization is feasible and firewall extends to future terms),Interaction between \(F_i\) and \(D_i\) suggests channels are not independent; borrowers may not understand or respond to future incentives,**C5:** Future-credit incentives alter current repayment behavior independently of current burden,Claim-Evidence Table,outputs/raw_agent_logs/main/C002_level3_openclaw_RUN_20260527_222408_06_openclaw_deepseekv4pro_isolated.md,extracted_from_claim_evidence_table
C002,level3,level3,benchmark_isolated,RUN_20260527_222408_06_openclaw_deepseekv4pro_isolated,RUN_20260527_222408_06_openclaw_deepseekv4pro_isolated_CL006,Descriptive decomposition,The selection channel accounts for X% of the total repayment difference across offer arms,"Decomposition: reduced-form \(\pi_k\) (from \(Z_i\) variation) minus incentive effect \(\beta_m\) (from \(D_i\) variation), appropriately scaled",Moderate (requires mapping between \(Z_i\) and \(D_i\) levels; valid only under firewall),Firewall failure; nonlinearities in the \(Z \to Y\) relationship that do not decompose additively,**C6:** The selection channel accounts for X% of the total repayment difference across offer arms,Claim-Evidence Table,outputs/raw_agent_logs/main/C002_level3_openclaw_RUN_20260527_222408_06_openclaw_deepseekv4pro_isolated.md,extracted_from_claim_evidence_table
C002,level3,level3,benchmark_isolated,RUN_20260527_222408_06_openclaw_deepseekv4pro_isolated,RUN_20260527_222408_06_openclaw_deepseekv4pro_isolated_CL007,Cannot be claimed,Results generalize to other borrower populations or market settings,None available — the design is internal to a single lender's population,N/A,"Evidence of external validity would require multi-lender or multi-market replication, not available in this packet",**C7:** Results generalize to other borrower populations or market settings,Claim-Evidence Table,outputs/raw_agent_logs/main/C002_level3_openclaw_RUN_20260527_222408_06_openclaw_deepseekv4pro_isolated.md,extracted_from_claim_evidence_table
C002,perturbed,perturbed,benchmark_isolated,RUN_20260527_222901_07_openclaw_deepseekv4pro_isolated,RUN_20260527_222901_07_openclaw_deepseekv4pro_isolated_CL001,Causal,Initial offers affect take-up,Difference in application rates across randomized offer arms,High (if randomization successful),"No detectable difference in take-up across offer arms (balance tests pass, but no first stage)",C1: Initial offers affect take-up,Claim-Evidence Table,outputs/raw_agent_logs/main/C002_perturbed_openclaw_RUN_20260527_222901_07_openclaw_deepseekv4pro_isolated.md,extracted_from_claim_evidence_table
C002,perturbed,perturbed,benchmark_isolated,RUN_20260527_222901_07_openclaw_deepseekv4pro_isolated,RUN_20260527_222901_07_openclaw_deepseekv4pro_isolated_CL002,Causal for observables; descriptive for unobservables,The composition of borrowers differs by initial offer arm,Differences in observable risk characteristics between acceptors in different offer arms,Medium-High,No detectable difference in any observable characteristic across arms (suggests no selection on observables; unobservables still possible),C2: The composition of borrowers differs by initial offer arm,Claim-Evidence Table,outputs/raw_agent_logs/main/C002_perturbed_openclaw_RUN_20260527_222901_07_openclaw_deepseekv4pro_isolated.md,extracted_from_claim_evidence_table
C002,perturbed,perturbed,benchmark_isolated,RUN_20260527_222901_07_openclaw_deepseekv4pro_isolated,RUN_20260527_222901_07_openclaw_deepseekv4pro_isolated_CL003,Causal,Post-acceptance ε shock causally affects repayment,Within-offer-arm comparison of repayment across randomized ε levels,High (if ε is successfully randomized post-acceptance),ε fails balance tests; ε is predictable from pre-acceptance information; ε assignment is non-compliant,C3: Post-acceptance ε shock causally affects repayment,Claim-Evidence Table,outputs/raw_agent_logs/main/C002_perturbed_openclaw_RUN_20260527_222901_07_openclaw_deepseekv4pro_isolated.md,extracted_from_claim_evidence_table
C002,perturbed,perturbed,benchmark_isolated,RUN_20260527_222901_07_openclaw_deepseekv4pro_isolated,RUN_20260527_222901_07_openclaw_deepseekv4pro_isolated_CL004,Causal (if C3 holds),Incentive effect is non-zero,δ₁ ≠ 0 in the interacted model on randomized ε,High (conditional on design integrity),δ₁ = 0 with tight confidence intervals,C4: Incentive effect is non-zero,Claim-Evidence Table,outputs/raw_agent_logs/main/C002_perturbed_openclaw_RUN_20260527_222901_07_openclaw_deepseekv4pro_isolated.md,extracted_from_claim_evidence_table
C002,perturbed,perturbed,benchmark_isolated,RUN_20260527_222901_07_openclaw_deepseekv4pro_isolated,RUN_20260527_222901_07_openclaw_deepseekv4pro_isolated_CL005,Causal (if initial offer randomization and ε randomization both hold),Selection effect is non-zero,δ₂ ≠ 0 in the interacted model (compositional difference at constant ε),Medium-High,δ₂ = 0; suggests no detectable selection despite first-stage take-up effect (possible if marginal borrowers are identical to infra-marginal),C5: Selection effect is non-zero,Claim-Evidence Table,outputs/raw_agent_logs/main/C002_perturbed_openclaw_RUN_20260527_222901_07_openclaw_deepseekv4pro_isolated.md,extracted_from_claim_evidence_table
C002,perturbed,perturbed,benchmark_isolated,RUN_20260527_222901_07_openclaw_deepseekv4pro_isolated,RUN_20260527_222901_07_openclaw_deepseekv4pro_isolated_CL006,Causal (if both randomizations hold),Selection and incentive channels are separable,δ₃ = 0 in the interacted model (no interaction between offer arm and ε),Medium,"δ₃ ≠ 0; implies the incentive effect differs by borrower pool, suggesting non-separability or that the perturbation creates differential anticipation",C6: Selection and incentive channels are separable,Claim-Evidence Table,outputs/raw_agent_logs/main/C002_perturbed_openclaw_RUN_20260527_222901_07_openclaw_deepseekv4pro_isolated.md,extracted_from_claim_evidence_table
C002,perturbed,perturbed,benchmark_isolated,RUN_20260527_222901_07_openclaw_deepseekv4pro_isolated,RUN_20260527_222901_07_openclaw_deepseekv4pro_isolated_CL007,Logical/analytical,The perturbation weakens identification relative to the base design,Theoretical argument + comparison of required assumptions with vs. without the perturbation,High,A design is proposed that achieves identical identification without additional assumptions under the perturbation (no such design is known),C7: The perturbation weakens identification relative to the base design,Claim-Evidence Table,outputs/raw_agent_logs/main/C002_perturbed_openclaw_RUN_20260527_222901_07_openclaw_deepseekv4pro_isolated.md,extracted_from_claim_evidence_table
C002,perturbed,perturbed,benchmark_isolated,RUN_20260527_222901_07_openclaw_deepseekv4pro_isolated,RUN_20260527_222901_07_openclaw_deepseekv4pro_isolated_CL008,Analytical,"Without post-acceptance randomization, point identification is not possible",Nonparametric identification analysis: the selection equation and incentive equation share the same variation in final terms,High (under standard nonparametric identification criteria),Discovery of a valid instrument or natural experiment providing exogenous variation in final terms orthogonal to selection,"C8: Without post-acceptance randomization, point identification is not possible",Claim-Evidence Table,outputs/raw_agent_logs/main/C002_perturbed_openclaw_RUN_20260527_222901_07_openclaw_deepseekv4pro_isolated.md,extracted_from_claim_evidence_table
C004,level2,level2,benchmark_isolated,RUN_20260527_223351_08_openclaw_deepseekv4pro_isolated,RUN_20260527_223351_08_openclaw_deepseekv4pro_isolated_CL001,Causal (intent-to-treat),Paid-search availability causes an increase in total market-level purchases,"\( \hat{\delta} > 0 \) with \( p < 0.05 \) in primary specification, robust to alternative specifications",Conditional on parallel pre-trends,\( \hat{\delta} \approx 0 \) in primary specification; pre-trend divergence,Paid-search availability causes an increase in total market-level purchases,Claim-Evidence Table,outputs/raw_agent_logs/main/C004_level2_openclaw_RUN_20260527_223351_08_openclaw_deepseekv4pro_isolated.md,extracted_from_claim_evidence_table
C004,level2,level2,benchmark_isolated,RUN_20260527_223351_08_openclaw_deepseekv4pro_isolated,RUN_20260527_223351_08_openclaw_deepseekv4pro_isolated_CL002,Causal (segment-specific ITT),Paid search creates demand among less active users,"\( \hat{\delta}_{\text{low}} > 0 \) with \( p < 0.05 \) in segment specification, \( \hat{\delta}_{\text{high}} \approx 0 \)",Moderate (lower power at segment level),\( \hat{\delta}_{\text{low}} \approx 0 \); effect concentrated in high-activity segment instead,Paid search creates demand among less active users,Claim-Evidence Table,outputs/raw_agent_logs/main/C004_level2_openclaw_RUN_20260527_223351_08_openclaw_deepseekv4pro_isolated.md,extracted_from_claim_evidence_table
C004,level2,level2,benchmark_isolated,RUN_20260527_223351_08_openclaw_deepseekv4pro_isolated,RUN_20260527_223351_08_openclaw_deepseekv4pro_isolated_CL003,Mechanism,Paid search primarily substitutes for other channels among active users,\( \hat{\delta}_{\text{high}} > 0 \) on total purchases but effect on search-attributed purchases exceeds effect on total purchases,Moderate (requires channel-level data for direct test),\( \hat{\delta}_{\text{high}} \approx 0 \); no gap between total and attributed effects,Paid search primarily substitutes for other channels among active users,Claim-Evidence Table,outputs/raw_agent_logs/main/C004_level2_openclaw_RUN_20260527_223351_08_openclaw_deepseekv4pro_isolated.md,extracted_from_claim_evidence_table
C004,level2,level2,benchmark_isolated,RUN_20260527_223351_08_openclaw_deepseekv4pro_isolated,RUN_20260527_223351_08_openclaw_deepseekv4pro_isolated_CL004,Measurement,Attribution systems overstate campaign value,Treatment effect on search-attributed purchases > treatment effect on total purchases,High (if attributed outcome data are available),Equal effects on total and attributed outcomes,Attribution systems overstate campaign value,Claim-Evidence Table,outputs/raw_agent_logs/main/C004_level2_openclaw_RUN_20260527_223351_08_openclaw_deepseekv4pro_isolated.md,extracted_from_claim_evidence_table
C004,level2,level2,benchmark_isolated,RUN_20260527_223351_08_openclaw_deepseekv4pro_isolated,RUN_20260527_223351_08_openclaw_deepseekv4pro_isolated_CL005,Descriptive/Heterogeneity,Average effect masks meaningful heterogeneity,\( \hat{\delta}_{\text{low}} \) and \( \hat{\delta}_{\text{high}} \) differ significantly; joint F-test rejects equality,Moderate (limited power for interaction tests),\( \hat{\delta}_{\text{low}} \approx \hat{\delta}_{\text{high}} \); failure to reject equality,Average effect masks meaningful heterogeneity,Claim-Evidence Table,outputs/raw_agent_logs/main/C004_level2_openclaw_RUN_20260527_223351_08_openclaw_deepseekv4pro_isolated.md,extracted_from_claim_evidence_table
C004,level2,level2,benchmark_isolated,RUN_20260527_223351_08_openclaw_deepseekv4pro_isolated,RUN_20260527_223351_08_openclaw_deepseekv4pro_isolated_CL006,Diagnostic,Treated and untreated markets were on parallel pre-trends,Event-study coefficients for \( k < 0 \) not significantly different from zero; joint F-test fails to reject,High (directly testable),Significant pre-period coefficients; rejection of joint null,Treated and untreated markets were on parallel pre-trends,Claim-Evidence Table,outputs/raw_agent_logs/main/C004_level2_openclaw_RUN_20260527_223351_08_openclaw_deepseekv4pro_isolated.md,extracted_from_claim_evidence_table
C004,level2,level2,benchmark_isolated,RUN_20260527_223351_08_openclaw_deepseekv4pro_isolated,RUN_20260527_223351_08_openclaw_deepseekv4pro_isolated_CL007,Robustness,The effect is not driven by a single market,Leave-one-out estimates stable; no single exclusion meaningfully changes \( \hat{\delta} \),High (directly testable),Large change in \( \hat{\delta} \) when a specific market is excluded,The effect is not driven by a single market,Claim-Evidence Table,outputs/raw_agent_logs/main/C004_level2_openclaw_RUN_20260527_223351_08_openclaw_deepseekv4pro_isolated.md,extracted_from_claim_evidence_table
C004,level2,level2,benchmark_isolated,RUN_20260527_223351_08_openclaw_deepseekv4pro_isolated,RUN_20260527_223351_08_openclaw_deepseekv4pro_isolated_CL008,Descriptive dynamics,Treatment effects persist (or decay) over the campaign window,"Event-study coefficients for \( k \geq 0 \) show a stable (or declining, or rising) pattern",Low (limited number of campaign periods),Not applicable to a single summary; pattern itself is the finding,Treatment effects persist (or decay) over the campaign window,Claim-Evidence Table,outputs/raw_agent_logs/main/C004_level2_openclaw_RUN_20260527_223351_08_openclaw_deepseekv4pro_isolated.md,extracted_from_claim_evidence_table
C004,level3,level3,benchmark_isolated,RUN_20260527_223821_09_openclaw_deepseekv4pro_isolated,RUN_20260527_223821_09_openclaw_deepseekv4pro_isolated_CL001,Causal (under parallel trends),Paid search availability causes a change in aggregate downstream purchases of magnitude β,DiD estimate of β with market-clustered inference; pre-trend diagnostics; event-study coefficients,Moderate to high if pre-trends hold; low if pre-trends fail,Significant pre-trend coefficients; failure of in-time placebo tests; sensitivity to exclusion of any single market; significant differential shocks during intervention,Paid search availability causes a change in aggregate downstream purchases of magnitude β,Claim-Evidence Table,outputs/raw_agent_logs/main/C004_level3_openclaw_RUN_20260527_223821_09_openclaw_deepseekv4pro_isolated.md,extracted_from_claim_evidence_table
C004,level3,level3,benchmark_isolated,RUN_20260527_223821_09_openclaw_deepseekv4pro_isolated,RUN_20260527_223821_09_openclaw_deepseekv4pro_isolated_CL002,Descriptive heterogeneity; suggestive of mechanism,The aggregate effect masks heterogeneous effects across user segments,Comparison of segment-specific β^s; formal test of β^new = β^active,Moderate if segments are well-powered; low if cell sizes are small,All segment-specific effects are statistically indistinguishable from each other,The aggregate effect masks heterogeneous effects across user segments,Claim-Evidence Table,outputs/raw_agent_logs/main/C004_level3_openclaw_RUN_20260527_223821_09_openclaw_deepseekv4pro_isolated.md,extracted_from_claim_evidence_table
C004,level3,level3,benchmark_isolated,RUN_20260527_223821_09_openclaw_deepseekv4pro_isolated,RUN_20260527_223821_09_openclaw_deepseekv4pro_isolated_CL003,Descriptive pattern; suggestive of discovery mechanism,Effects for low-familiarity users are larger than for active users,β^low_familiarity > β^active; significant DDD interaction term,Moderate,Reversal (β^active > β^low_familiarity); no significant difference between segments,Effects for low-familiarity users are larger than for active users,Claim-Evidence Table,outputs/raw_agent_logs/main/C004_level3_openclaw_RUN_20260527_223821_09_openclaw_deepseekv4pro_isolated.md,extracted_from_claim_evidence_table
C004,level3,level3,benchmark_isolated,RUN_20260527_223821_09_openclaw_deepseekv4pro_isolated,RUN_20260527_223821_09_openclaw_deepseekv4pro_isolated_CL004,Mechanism inference; not causally identified,Observed effects for active users reflect route substitution rather than demand creation,Near-zero or negative β^active combined with stable aggregate organic/direct traffic shares (if observable),Low (mechanism claim without channel-path data),Positive β^active that is not explainable by increased category demand; evidence that active users increase total purchase volume rather than shifting channels,Observed effects for active users reflect route substitution rather than demand creation,Claim-Evidence Table,outputs/raw_agent_logs/main/C004_level3_openclaw_RUN_20260527_223821_09_openclaw_deepseekv4pro_isolated.md,extracted_from_claim_evidence_table
C004,level3,level3,benchmark_isolated,RUN_20260527_223821_09_openclaw_deepseekv4pro_isolated,RUN_20260527_223821_09_openclaw_deepseekv4pro_isolated_CL005,Descriptive summary of evidence pattern,"Paid search is not uniformly ""effective"" or ""ineffective""",Significant heterogeneity in segment-specific effects; aggregate β near zero with opposite-signed segment effects,Moderate if heterogeneity is statistically significant,Uniform effects across all segments; no detectable heterogeneity,"Paid search is not uniformly ""effective"" or ""ineffective""",Claim-Evidence Table,outputs/raw_agent_logs/main/C004_level3_openclaw_RUN_20260527_223821_09_openclaw_deepseekv4pro_isolated.md,extracted_from_claim_evidence_table
C004,level3,level3,benchmark_isolated,RUN_20260527_223821_09_openclaw_deepseekv4pro_isolated,RUN_20260527_223821_09_openclaw_deepseekv4pro_isolated_CL006,Descriptive (external validity limitation),"The estimated effect is specific to the studied firm, markets, and time period",All estimates are conditional on the sample; no out-of-sample validation data,High (this is a statement about what cannot be claimed),"Replication in different settings with similar estimates would support external validity, but cannot falsify the claim that *this* estimate is sample-specific","The estimated effect is specific to the studied firm, markets, and time period",Claim-Evidence Table,outputs/raw_agent_logs/main/C004_level3_openclaw_RUN_20260527_223821_09_openclaw_deepseekv4pro_isolated.md,extracted_from_claim_evidence_table
C004,level3,level3,benchmark_isolated,RUN_20260527_223821_09_openclaw_deepseekv4pro_isolated,RUN_20260527_223821_09_openclaw_deepseekv4pro_isolated_CL007,Causal if market-level estimate is valid; comparison requires both metrics,Individual-level click-to-conversion metrics overstate the causal effect of paid search,Comparison of market-level DiD (ITT) with naive pre-post or click-attributed metrics (if available),Moderate (requires both market-level and click-level data),Market-level DiD estimate equals or exceeds individual-level attribution estimates,Individual-level click-to-conversion metrics overstate the causal effect of paid search,Claim-Evidence Table,outputs/raw_agent_logs/main/C004_level3_openclaw_RUN_20260527_223821_09_openclaw_deepseekv4pro_isolated.md,extracted_from_claim_evidence_table
C004,perturbed,perturbed,benchmark_isolated,RUN_20260527_224310_10_openclaw_deepseekv4pro_isolated,RUN_20260527_224310_10_openclaw_deepseekv4pro_isolated_CL001,Descriptive / Associational,Paid-search availability is associated with downstream purchases in the expected direction,"Conditional DiD estimate \(\tau\) from matched/weighted specification, with cluster-robust inference",Low (due to unobserved confounding),\(\tau\) is statistically indistinguishable from zero across specifications; sensitivity bounds include zero under modest unobserved confounding,Paid-search availability is associated with downstream purchases in the expected direction,Claim-Evidence Table,outputs/raw_agent_logs/main/C004_perturbed_openclaw_RUN_20260527_224310_10_openclaw_deepseekv4pro_isolated.md,extracted_from_claim_evidence_table
C004,perturbed,perturbed,benchmark_isolated,RUN_20260527_224310_10_openclaw_deepseekv4pro_isolated,RUN_20260527_224310_10_openclaw_deepseekv4pro_isolated_CL002,Descriptive / Associational,The association between paid-search availability and purchases differs across user-history segments,Segment-specific \(\tau^s\) estimates; formal test of equality,Low–Moderate,Segment-specific estimates are statistically indistinguishable; the pattern reverses under alternative segment definitions,The association between paid-search availability and purchases differs across user-history segments,Claim-Evidence Table,outputs/raw_agent_logs/main/C004_perturbed_openclaw_RUN_20260527_224310_10_openclaw_deepseekv4pro_isolated.md,extracted_from_claim_evidence_table
C004,perturbed,perturbed,benchmark_isolated,RUN_20260527_224310_10_openclaw_deepseekv4pro_isolated,RUN_20260527_224310_10_openclaw_deepseekv4pro_isolated_CL003,Diagnostic / Descriptive,Pre-existing trends do not differ between treated and untreated markets on observables,Event-study pre-period coefficients \(\beta_k \approx 0\) for \(k < 0\),Moderate (for observable trends only; says nothing about unobservable counterfactual trends),Pre-period event-study coefficients are jointly significant and economically meaningful,Pre-existing trends do not differ between treated and untreated markets on observables,Claim-Evidence Table,outputs/raw_agent_logs/main/C004_perturbed_openclaw_RUN_20260527_224310_10_openclaw_deepseekv4pro_isolated.md,extracted_from_claim_evidence_table
C004,perturbed,perturbed,benchmark_isolated,RUN_20260527_224310_10_openclaw_deepseekv4pro_isolated,RUN_20260527_224310_10_openclaw_deepseekv4pro_isolated_CL004,Diagnostic / Descriptive,Treated and untreated markets are balanced on observable pre-period characteristics after matching/weighting,Standardized mean differences < 0.1–0.25; variance ratios near 1; Love plots,Moderate,Large post-matching imbalances remain on key covariates; no adequate common support,Treated and untreated markets are balanced on observable pre-period characteristics after matching/weighting,Claim-Evidence Table,outputs/raw_agent_logs/main/C004_perturbed_openclaw_RUN_20260527_224310_10_openclaw_deepseekv4pro_isolated.md,extracted_from_claim_evidence_table
C004,perturbed,perturbed,benchmark_isolated,RUN_20260527_224310_10_openclaw_deepseekv4pro_isolated,RUN_20260527_224310_10_openclaw_deepseekv4pro_isolated_CL005,Sensitivity Analysis,The observed association is robust to reasonable unobserved confounding,Oster \(\delta\) bounds; Rosenbaum \(\Gamma\) sensitivity,"Inherently uncertain (these bounds are calibration tools, not causal tests)",The identified set includes zero under plausible values of \(\delta\) or \(\Gamma\),The observed association is robust to reasonable unobserved confounding,Claim-Evidence Table,outputs/raw_agent_logs/main/C004_perturbed_openclaw_RUN_20260527_224310_10_openclaw_deepseekv4pro_isolated.md,extracted_from_claim_evidence_table
C004,perturbed,perturbed,benchmark_isolated,RUN_20260527_224310_10_openclaw_deepseekv4pro_isolated,RUN_20260527_224310_10_openclaw_deepseekv4pro_isolated_CL006,Causal,Reducing paid-search availability causes a change in downstream purchases,Any of the above,**Not supported** — this claim cannot be made from the available data,N/A — the claim itself is not falsifiable with the available evidence because the design cannot support it,Reducing paid-search availability causes a change in downstream purchases,Claim-Evidence Table,outputs/raw_agent_logs/main/C004_perturbed_openclaw_RUN_20260527_224310_10_openclaw_deepseekv4pro_isolated.md,extracted_from_claim_evidence_table
C005,level2,level2,benchmark_isolated,RUN_20260527_224724_11_openclaw_deepseekv4pro_isolated,RUN_20260527_224724_11_openclaw_deepseekv4pro_isolated_CL001,Causal (ITT),Campaign assignment caused a change in downstream conversions of magnitude \(\tau_{\text{ITT}}\),ITT estimate from randomization + outcome data; balance checks; pre-period falsification test,High (conditional on valid randomization),Pre-period outcome differences by Z; covariate imbalance; differential attrition by Z,**C1:** Campaign assignment caused a change in downstream conversions of magnitude \(\tau_{\text{ITT}}\),Claim-Evidence Table,outputs/raw_agent_logs/main/C005_level2_openclaw_RUN_20260527_224724_11_openclaw_deepseekv4pro_isolated.md,extracted_from_claim_evidence_table
C005,level2,level2,benchmark_isolated,RUN_20260527_224724_11_openclaw_deepseekv4pro_isolated,RUN_20260527_224724_11_openclaw_deepseekv4pro_isolated_CL002,Causal (CACE),Actual ad exposure caused a change in conversions of magnitude \(\tau_{\text{CACE}}\) among compliers,Wald estimate (ITT / first stage); first-stage F-statistic; monotonicity argument,Moderate to High (if first stage strong and exclusion plausible); Low (if first stage weak),Weak first stage (F < 10); placebo test failure (Z predicts outcomes that should not respond); evidence of defiers,**C2:** Actual ad exposure caused a change in conversions of magnitude \(\tau_{\text{CACE}}\) among compliers,Claim-Evidence Table,outputs/raw_agent_logs/main/C005_level2_openclaw_RUN_20260527_224724_11_openclaw_deepseekv4pro_isolated.md,extracted_from_claim_evidence_table
C005,level2,level2,benchmark_isolated,RUN_20260527_224724_11_openclaw_deepseekv4pro_isolated,RUN_20260527_224724_11_openclaw_deepseekv4pro_isolated_CL003,Descriptive / Mechanism,The platform's delivery algorithm selects users with higher baseline conversion propensity,Comparison of exposed vs. unexposed in the assigned group; correlation of pre-campaign covariates with D conditional on Z,High,No correlation between pre-campaign activity and D conditional on Z,**C3:** The platform's delivery algorithm selects users with higher baseline conversion propensity,Claim-Evidence Table,outputs/raw_agent_logs/main/C005_level2_openclaw_RUN_20260527_224724_11_openclaw_deepseekv4pro_isolated.md,extracted_from_claim_evidence_table
C005,level2,level2,benchmark_isolated,RUN_20260527_224724_11_openclaw_deepseekv4pro_isolated,RUN_20260527_224724_11_openclaw_deepseekv4pro_isolated_CL004,Descriptive heterogeneity (ITT); suggestive for CACE,The treatment effect is larger for high-activity users than low-activity users,ITT × pre-campaign activity interaction,Moderate (ITT); Low (CACE without subgroup-specific first stages),"Null interaction; or subgroup-specific first stages showing the interaction is driven by compliance differences, not effect differences",**C4:** The treatment effect is larger for high-activity users than low-activity users,Claim-Evidence Table,outputs/raw_agent_logs/main/C005_level2_openclaw_RUN_20260527_224724_11_openclaw_deepseekv4pro_isolated.md,extracted_from_claim_evidence_table
C005,level2,level2,benchmark_isolated,RUN_20260527_224724_11_openclaw_deepseekv4pro_isolated,RUN_20260527_224724_11_openclaw_deepseekv4pro_isolated_CL005,Diagnostic,Exposure measurement error is non-differential by assignment,Comparison of tracking rates by Z,Moderate,Significant difference in tracking rates by Z,**C5:** Exposure measurement error is non-differential by assignment,Claim-Evidence Table,outputs/raw_agent_logs/main/C005_level2_openclaw_RUN_20260527_224724_11_openclaw_deepseekv4pro_isolated.md,extracted_from_claim_evidence_table
C005,level2,level2,benchmark_isolated,RUN_20260527_224724_11_openclaw_deepseekv4pro_isolated,RUN_20260527_224724_11_openclaw_deepseekv4pro_isolated_CL006,Diagnostic,Spillover effects are negligible,Comparison of control-group outcomes by local treatment density,Low to Moderate (depends on available variation in treatment density),Control-group outcomes correlated with treatment density,**C6:** Spillover effects are negligible,Claim-Evidence Table,outputs/raw_agent_logs/main/C005_level2_openclaw_RUN_20260527_224724_11_openclaw_deepseekv4pro_isolated.md,extracted_from_claim_evidence_table
C005,level2,level2,benchmark_isolated,RUN_20260527_224724_11_openclaw_deepseekv4pro_isolated,RUN_20260527_224724_11_openclaw_deepseekv4pro_isolated_CL007,Falsification,The campaign had no effect on outcomes that should be unrelated to the advertised product,Placebo outcome test,High (for ruling out confounding); Low (for proving validity),Significant ITT effect on placebo outcomes,**C7:** The campaign had no effect on outcomes that should be unrelated to the advertised product,Claim-Evidence Table,outputs/raw_agent_logs/main/C005_level2_openclaw_RUN_20260527_224724_11_openclaw_deepseekv4pro_isolated.md,extracted_from_claim_evidence_table
C005,level2,level2,benchmark_isolated,RUN_20260527_224724_11_openclaw_deepseekv4pro_isolated,RUN_20260527_224724_11_openclaw_deepseekv4pro_isolated_CL008,Robustness,Results are robust to the choice of attribution window,Sensitivity analysis varying the outcome window,Moderate,ITT effect changes sign or significance with different windows,**C8:** Results are robust to the choice of attribution window,Claim-Evidence Table,outputs/raw_agent_logs/main/C005_level2_openclaw_RUN_20260527_224724_11_openclaw_deepseekv4pro_isolated.md,extracted_from_claim_evidence_table
C005,level2,level2,benchmark_isolated,RUN_20260527_224724_11_openclaw_deepseekv4pro_isolated,RUN_20260527_224724_11_openclaw_deepseekv4pro_isolated_CL009,Descriptive,The complier subpopulation is demographically and behaviorally similar to the full eligible population,Complier profiling (covariate means weighted by compliance probability),Moderate,Large standardized differences between complier-weighted and full-sample covariate means,**C9:** The complier subpopulation is demographically and behaviorally similar to the full eligible population,Claim-Evidence Table,outputs/raw_agent_logs/main/C005_level2_openclaw_RUN_20260527_224724_11_openclaw_deepseekv4pro_isolated.md,extracted_from_claim_evidence_table
C005,level2,level2,benchmark_isolated,RUN_20260527_224724_11_openclaw_deepseekv4pro_isolated,RUN_20260527_224724_11_openclaw_deepseekv4pro_isolated_CL010,Partial validation,The exclusion restriction is approximately satisfied,Placebo tests; sensitivity analysis (Conley-Hansen-Rossi bounds),Moderate,Placebo failures; bounds that include zero under small plausible violations,**C10:** The exclusion restriction is approximately satisfied,Claim-Evidence Table,outputs/raw_agent_logs/main/C005_level2_openclaw_RUN_20260527_224724_11_openclaw_deepseekv4pro_isolated.md,extracted_from_claim_evidence_table
C005,level3,level3,benchmark_isolated,RUN_20260527_225055_12_openclaw_deepseekv4pro_isolated,RUN_20260527_225055_12_openclaw_deepseekv4pro_isolated_CL001,Causal (under randomization of \(Z_i\)),Making users eligible for the campaign changes their conversion behavior (ITT),Reduced-form regression of \(Y_i\) on \(Z_i\) with covariate adjustment. Randomized or conditionally randomized assignment ensures internal validity.,High (if assignment is well-randomized),Falsification: Pre-period outcome imbalance across \(Z_i\) arms; covariate imbalance despite randomization; null reduced-form with tight confidence intervals,**C1:** Making users eligible for the campaign changes their conversion behavior (ITT),Claim-Evidence Table,outputs/raw_agent_logs/main/C005_level3_openclaw_RUN_20260527_225055_12_openclaw_deepseekv4pro_isolated.md,extracted_from_claim_evidence_table
C005,level3,level3,benchmark_isolated,RUN_20260527_225055_12_openclaw_deepseekv4pro_isolated,RUN_20260527_225055_12_openclaw_deepseekv4pro_isolated_CL002,Causal (under IV assumptions),Actual ad exposure causes increased conversions among compliers (LATE),2SLS estimate of \(Y_i\) on \(\hat{D}_i\) using \(Z_i\) as instrument. First stage confirms \(Z_i\) shifts \(D_i\).,"Moderate—depends on instrument strength, exclusion, and monotonicity",Falsification: F < 10 (weak instrument); never-exposed outcome test shows \(Z_i\) affects \(Y_i\) when \(D_i = 0\); alternative overidentifying restrictions rejected; sign of first stage is negative,**C2:** Actual ad exposure causes increased conversions among compliers (LATE),Claim-Evidence Table,outputs/raw_agent_logs/main/C005_level3_openclaw_RUN_20260527_225055_12_openclaw_deepseekv4pro_isolated.md,extracted_from_claim_evidence_table
C005,level3,level3,benchmark_isolated,RUN_20260527_225055_12_openclaw_deepseekv4pro_isolated,RUN_20260527_225055_12_openclaw_deepseekv4pro_isolated_CL003,Correlational heterogeneity of a causal estimate,Ad exposure is more effective for high-activity users than low-activity users,Subgroup LATE estimates by pre-campaign activity tercile,Low-to-moderate (reduced power in subgroups; complier composition may differ across subgroups),Falsification: Subgroup LATEs are statistically indistinguishable; complier characteristics differ systematically across subgroups such that comparisons conflate selection with heterogeneity,**C3:** Ad exposure is more effective for high-activity users than low-activity users,Claim-Evidence Table,outputs/raw_agent_logs/main/C005_level3_openclaw_RUN_20260527_225055_12_openclaw_deepseekv4pro_isolated.md,extracted_from_claim_evidence_table
C005,level3,level3,benchmark_isolated,RUN_20260527_225055_12_openclaw_deepseekv4pro_isolated,RUN_20260527_225055_12_openclaw_deepseekv4pro_isolated_CL004,"Causal under stronger assumptions (linearity, monotonicity across frequency levels)",Additional impressions (beyond the first) have diminishing returns,Dose-response IV with \(F_i\) as endogenous variable,Low—single instrument cannot separately identify first-impression and additional-impression effects,"Falsification: Non-linearity in reduced form of \(Y_i\) on \(Z_i\) (i.e., ITT does not scale linearly with exposure frequency); different instruments produce different dose-response estimates",**C4:** Additional impressions (beyond the first) have diminishing returns,Claim-Evidence Table,outputs/raw_agent_logs/main/C005_level3_openclaw_RUN_20260527_225055_12_openclaw_deepseekv4pro_isolated.md,extracted_from_claim_evidence_table
C005,level3,level3,benchmark_isolated,RUN_20260527_225055_12_openclaw_deepseekv4pro_isolated,RUN_20260527_225055_12_openclaw_deepseekv4pro_isolated_CL005,Descriptive (but highly informative),Platform delivery optimization creates positive selection into exposure,Within-assignment-arm regressions of \(D_i\) on pre-campaign covariates \(X_i\); comparison of observable characteristics of exposed vs. unexposed users within \(Z_i = 1\),High—this pattern is expected from platform optimization and should be observable,"Falsification: No observable covariate differences between exposed and unexposed within the assignment arm (would suggest platform is not optimizing on observables, though unobservable optimization could still exist)",**C5:** Platform delivery optimization creates positive selection into exposure,Claim-Evidence Table,outputs/raw_agent_logs/main/C005_level3_openclaw_RUN_20260527_225055_12_openclaw_deepseekv4pro_isolated.md,extracted_from_claim_evidence_table
C005,level3,level3,benchmark_isolated,RUN_20260527_225055_12_openclaw_deepseekv4pro_isolated,RUN_20260527_225055_12_openclaw_deepseekv4pro_isolated_CL006,"Descriptive (causal within each window, but comparison across windows is descriptive)",The campaign's effect persists beyond the immediate attribution window,ITT or LATE estimated over progressively longer outcome windows,Moderate—longer windows increase risk of contamination from other campaigns and events,Falsification: Effect converges to zero at longer windows; pattern is inconsistent with a dose-response relationship,**C6:** The campaign's effect persists beyond the immediate attribution window,Claim-Evidence Table,outputs/raw_agent_logs/main/C005_level3_openclaw_RUN_20260527_225055_12_openclaw_deepseekv4pro_isolated.md,extracted_from_claim_evidence_table
C005,level3,level3,benchmark_isolated,RUN_20260527_225055_12_openclaw_deepseekv4pro_isolated,RUN_20260527_225055_12_openclaw_deepseekv4pro_isolated_CL007,Diagnostic,The measured ad effect is not driven by differential tracking quality,Comparison of tracking-coverage indicators by assignment arm; sensitivity of results to exclusion of users with known tracking issues,Moderate—can detect gross differential tracking but not subtle differences,Falsification: Tracking rates differ significantly by arm; results change materially when restricting to well-tracked users,**C7:** The measured ad effect is not driven by differential tracking quality,Claim-Evidence Table,outputs/raw_agent_logs/main/C005_level3_openclaw_RUN_20260527_225055_12_openclaw_deepseekv4pro_isolated.md,extracted_from_claim_evidence_table
C005,level3,level3,benchmark_isolated,RUN_20260527_225055_12_openclaw_deepseekv4pro_isolated,RUN_20260527_225055_12_openclaw_deepseekv4pro_isolated_CL008,Diagnostic,The effect of campaign assignment is not driven by non-ad platform changes (exclusion restriction holds),Never-exposed outcome test; comparison of non-ad platform interactions by assignment arm,Moderate—can detect some violations but not all,Falsification: \(Z_i\) predicts \(Y_i\) among never-exposed users; non-ad platform engagement metrics differ by \(Z_i\),**C8:** The effect of campaign assignment is not driven by non-ad platform changes (exclusion restriction holds),Claim-Evidence Table,outputs/raw_agent_logs/main/C005_level3_openclaw_RUN_20260527_225055_12_openclaw_deepseekv4pro_isolated.md,extracted_from_claim_evidence_table
C005,perturbed,perturbed,benchmark_isolated,RUN_20260527_225443_13_openclaw_deepseekv4pro_isolated,RUN_20260527_225443_13_openclaw_deepseekv4pro_isolated_CL001,**Causal**,Campaign assignment had a causal effect on downstream conversions (ITT),Randomized comparison of \( Z=1 \) vs. \( Z=0 \) outcomes; balance on pre-campaign covariates,**High**,"Evidence of non-random assignment (covariate imbalance not explained by chance); differential attrition; pre-campaign ""effect"" in placebo test",Campaign assignment had a causal effect on downstream conversions (ITT),Claim-Evidence Table,outputs/raw_agent_logs/main/C005_perturbed_openclaw_RUN_20260527_225443_13_openclaw_deepseekv4pro_isolated.md,extracted_from_claim_evidence_table
C005,perturbed,perturbed,benchmark_isolated,RUN_20260527_225443_13_openclaw_deepseekv4pro_isolated,RUN_20260527_225443_13_openclaw_deepseekv4pro_isolated_CL002,**Causal with strong assumptions**,Actual ad exposure had a causal effect on conversions for compliers (LATE),Wald estimator \( \tau_{ITT} / \pi \); first-stage F-statistic,**Moderate**,Weak first stage (F < 10); sensitivity analysis shows exclusion restriction violation would overturn result; evidence of defiers (if opportunity data later available),Actual ad exposure had a causal effect on conversions for compliers (LATE),Claim-Evidence Table,outputs/raw_agent_logs/main/C005_perturbed_openclaw_RUN_20260527_225443_13_openclaw_deepseekv4pro_isolated.md,extracted_from_claim_evidence_table
C005,perturbed,perturbed,benchmark_isolated,RUN_20260527_225443_13_openclaw_deepseekv4pro_isolated,RUN_20260527_225443_13_openclaw_deepseekv4pro_isolated_CL003,**Descriptive**,"The LATE estimate applies to a specific, identifiable subpopulation",—,**Low**,Cannot be verified without opportunity-side logs; this claim should not be made,"The LATE estimate applies to a specific, identifiable subpopulation",Claim-Evidence Table,outputs/raw_agent_logs/main/C005_perturbed_openclaw_RUN_20260527_225443_13_openclaw_deepseekv4pro_isolated.md,extracted_from_claim_evidence_table
C005,perturbed,perturbed,benchmark_isolated,RUN_20260527_225443_13_openclaw_deepseekv4pro_isolated,RUN_20260527_225443_13_openclaw_deepseekv4pro_isolated_CL004,**Correlational**,Exposed users converted more than observationally similar unexposed users,Naive comparison \( \mathbb{E}[Y \mid D=1] - \mathbb{E}[Y \mid D=0] \),"**High (as correlation), Low (as causation)**","This is a descriptive fact, falsified only by measurement error. The causal interpretation is not claimed.",Exposed users converted more than observationally similar unexposed users,Claim-Evidence Table,outputs/raw_agent_logs/main/C005_perturbed_openclaw_RUN_20260527_225443_13_openclaw_deepseekv4pro_isolated.md,extracted_from_claim_evidence_table
C005,perturbed,perturbed,benchmark_isolated,RUN_20260527_225443_13_openclaw_deepseekv4pro_isolated,RUN_20260527_225443_13_openclaw_deepseekv4pro_isolated_CL005,**Causal for assignment effect; descriptive for exposure effect**,The ad exposure effect is larger/smaller for high-activity users,ITT heterogeneity by pre-campaign activity,**Moderate**,Null interaction between \( Z \) and activity in ITT specification,The ad exposure effect is larger/smaller for high-activity users,Claim-Evidence Table,outputs/raw_agent_logs/main/C005_perturbed_openclaw_RUN_20260527_225443_13_openclaw_deepseekv4pro_isolated.md,extracted_from_claim_evidence_table
C005,perturbed,perturbed,benchmark_isolated,RUN_20260527_225443_13_openclaw_deepseekv4pro_isolated,RUN_20260527_225443_13_openclaw_deepseekv4pro_isolated_CL006,**Descriptive / correlational**,Repeated exposures have incrementally different effects,Comparison by exposure frequency among assigned users,**Low (as causation)**,Cannot be causally tested without additional instruments for exposure frequency,Repeated exposures have incrementally different effects,Claim-Evidence Table,outputs/raw_agent_logs/main/C005_perturbed_openclaw_RUN_20260527_225443_13_openclaw_deepseekv4pro_isolated.md,extracted_from_claim_evidence_table
C005,perturbed,perturbed,benchmark_isolated,RUN_20260527_225443_13_openclaw_deepseekv4pro_isolated,RUN_20260527_225443_13_openclaw_deepseekv4pro_isolated_CL007,**Speculative**,Results generalize to other campaigns or platforms,—,**Very low**,This claim should not be made without replication across contexts,Results generalize to other campaigns or platforms,Claim-Evidence Table,outputs/raw_agent_logs/main/C005_perturbed_openclaw_RUN_20260527_225443_13_openclaw_deepseekv4pro_isolated.md,extracted_from_claim_evidence_table
C005,no_solution,no_solution,benchmark_isolated,RUN_20260527_225838_14_openclaw_deepseekv4pro_isolated,RUN_20260527_225838_14_openclaw_deepseekv4pro_isolated_CL001,Descriptive,Exposed users have a higher raw conversion rate than unexposed users.,Cross-tabulation of D and Y from campaign logs.,High (directly observed),No significant raw difference in conversion rates between groups.,Exposed users have a higher raw conversion rate than unexposed users.,Claim-Evidence Table,outputs/raw_agent_logs/main/C005_no_solution_openclaw_RUN_20260527_225838_14_openclaw_deepseekv4pro_isolated.md,extracted_from_claim_evidence_table
C005,no_solution,no_solution,benchmark_isolated,RUN_20260527_225838_14_openclaw_deepseekv4pro_isolated,RUN_20260527_225838_14_openclaw_deepseekv4pro_isolated_CL002,Descriptive,Exposed and unexposed users differ systematically on observable pre-campaign covariates.,Standardized mean differences on X between D=1 and D=0 groups.,High (directly computed),All SMDs are small (< 0.1) across all covariates.,Exposed and unexposed users differ systematically on observable pre-campaign covariates.,Claim-Evidence Table,outputs/raw_agent_logs/main/C005_no_solution_openclaw_RUN_20260527_225838_14_openclaw_deepseekv4pro_isolated.md,extracted_from_claim_evidence_table
C005,no_solution,no_solution,benchmark_isolated,RUN_20260527_225838_14_openclaw_deepseekv4pro_isolated,RUN_20260527_225838_14_openclaw_deepseekv4pro_isolated_CL003,Descriptive,"Observable covariate differences account for part, but not necessarily all, of the raw conversion gap.",Comparison of unadjusted and covariate-adjusted associational differences; coefficient stability analysis.,"High for ""part""; indeterminate for ""not all""",Adjusted difference equals zero and remains zero across all reasonable covariate sets and estimators.,"Observable covariate differences account for part, but not necessarily all, of the raw conversion gap.",Claim-Evidence Table,outputs/raw_agent_logs/main/C005_no_solution_openclaw_RUN_20260527_225838_14_openclaw_deepseekv4pro_isolated.md,extracted_from_claim_evidence_table
C005,no_solution,no_solution,benchmark_isolated,RUN_20260527_225838_14_openclaw_deepseekv4pro_isolated,RUN_20260527_225838_14_openclaw_deepseekv4pro_isolated_CL004,Bound / Sensitivity,The adjusted associational difference could be entirely explained by unobserved confounding of plausible magnitude.,"Sensitivity analysis showing δ required to eliminate the adjusted difference, compared to δ observed when adding covariates.",Depends on δ magnitude,"Sensitivity analysis shows that implausibly strong unobserved confounding would be required to explain away the adjusted difference (δ >> 1). Even then, causal interpretation requires additional assumptions not met here.",The adjusted associational difference could be entirely explained by unobserved confounding of plausible magnitude.,Claim-Evidence Table,outputs/raw_agent_logs/main/C005_no_solution_openclaw_RUN_20260527_225838_14_openclaw_deepseekv4pro_isolated.md,extracted_from_claim_evidence_table
C005,no_solution,no_solution,benchmark_isolated,RUN_20260527_225838_14_openclaw_deepseekv4pro_isolated,RUN_20260527_225838_14_openclaw_deepseekv4pro_isolated_CL005,Descriptive,The campaign is associated with larger conversion differences in some subgroups than others.,Subgroup-specific adjusted associational estimates.,Moderate (multiple comparisons),Uniform associational differences across all pre-specified subgroups.,The campaign is associated with larger conversion differences in some subgroups than others.,Claim-Evidence Table,outputs/raw_agent_logs/main/C005_no_solution_openclaw_RUN_20260527_225838_14_openclaw_deepseekv4pro_isolated.md,extracted_from_claim_evidence_table
C005,no_solution,no_solution,benchmark_isolated,RUN_20260527_225838_14_openclaw_deepseekv4pro_isolated,RUN_20260527_225838_14_openclaw_deepseekv4pro_isolated_CL006,Diagnostic,Pre-campaign conversion rates differ between would-be-exposed and would-be-unexposed users.,Pre-period pseudo-exposure classification based on targeting correlates; comparison of pre-period outcomes.,High (if pre-period data exist),No pre-period difference in conversion rates between groups defined by exposure-relevant characteristics.,Pre-campaign conversion rates differ between would-be-exposed and would-be-unexposed users.,Claim-Evidence Table,outputs/raw_agent_logs/main/C005_no_solution_openclaw_RUN_20260527_225838_14_openclaw_deepseekv4pro_isolated.md,extracted_from_claim_evidence_table
C005,no_solution,no_solution,benchmark_isolated,RUN_20260527_225838_14_openclaw_deepseekv4pro_isolated,RUN_20260527_225838_14_openclaw_deepseekv4pro_isolated_CL007,Interpretive / Inferential,The associational difference is not caused solely by the ad; algorithmic selection is a substantial contributor.,Pre-period outcome differences; coefficient sensitivity to control addition; documented targeting mechanics; sensitivity analysis.,"High (structural, not statistical)",A randomized experiment showing identical or larger treatment effects than the observational associational difference.,The associational difference is not caused solely by the ad; algorithmic selection is a substantial contributor.,Claim-Evidence Table,outputs/raw_agent_logs/main/C005_no_solution_openclaw_RUN_20260527_225838_14_openclaw_deepseekv4pro_isolated.md,extracted_from_claim_evidence_table
C005,no_solution,no_solution,benchmark_isolated,RUN_20260527_225838_14_openclaw_deepseekv4pro_isolated,RUN_20260527_225838_14_openclaw_deepseekv4pro_isolated_CL008,Logical / Design-based,The data do not support a causal claim about ad lift.,"Absence of random assignment, instrument, discontinuity, timing shock, or any other quasi-experimental variation; non-ignorable assignment mechanism by design.",Very high (structural feature of the data-generating process),"Discovery of a valid instrument, discontinuity, or natural experiment in the data.",The data do not support a causal claim about ad lift.,Claim-Evidence Table,outputs/raw_agent_logs/main/C005_no_solution_openclaw_RUN_20260527_225838_14_openclaw_deepseekv4pro_isolated.md,extracted_from_claim_evidence_table
C008,level2,level2,benchmark_isolated,RUN_20260527_230420_15_openclaw_deepseekv4pro_isolated,RUN_20260527_230420_15_openclaw_deepseekv4pro_isolated_CL001,Causal (under assumptions A1–A7),Making add-on charges visible at the point of choice reduces (or changes) quantity demanded for treated products.,DiD estimate \(\hat{\beta}\) on treated products; event-study coefficients \(\hat{\beta}_k\) for \(k \geq 0\),Moderate to High,\(\hat{\beta}\) not statistically distinguishable from zero; event-study shows no clear break at treatment,Making add-on charges visible at the point of choice reduces (or changes) quantity demanded for treated products.,Claim-Evidence Table,outputs/raw_agent_logs/main/C008_level2_openclaw_RUN_20260527_230420_15_openclaw_deepseekv4pro_isolated.md,extracted_from_claim_evidence_table
C008,level2,level2,benchmark_isolated,RUN_20260527_230420_15_openclaw_deepseekv4pro_isolated,RUN_20260527_230420_15_openclaw_deepseekv4pro_isolated_CL002,Causal mechanism,The demand effect is driven by visibility rather than by a change in the economic price.,Price controls in regression; constant add-on charge rate verified; \(\hat{\beta}\) remains significant after controlling for \(Price_{it}\),Moderate,\(\hat{\beta}\) becomes insignificant when actual price is included; charge rate changed during intervention,The demand effect is driven by visibility rather than by a change in the economic price.,Claim-Evidence Table,outputs/raw_agent_logs/main/C008_level2_openclaw_RUN_20260527_230420_15_openclaw_deepseekv4pro_isolated.md,extracted_from_claim_evidence_table
C008,level2,level2,benchmark_isolated,RUN_20260527_230420_15_openclaw_deepseekv4pro_isolated,RUN_20260527_230420_15_openclaw_deepseekv4pro_isolated_CL003,Descriptive / diagnostic,Treated and untreated cells followed parallel demand trends before the intervention.,Pre-period event-study coefficients \(\hat{\beta}_k \approx 0\) for \(k < 0\); joint F-test fails to reject,As reported by test power,Significant pre-trend coefficients; joint F-test rejects; visual pre-trend divergence,Treated and untreated cells followed parallel demand trends before the intervention.,Claim-Evidence Table,outputs/raw_agent_logs/main/C008_level2_openclaw_RUN_20260527_230420_15_openclaw_deepseekv4pro_isolated.md,extracted_from_claim_evidence_table
C008,level2,level2,benchmark_isolated,RUN_20260527_230420_15_openclaw_deepseekv4pro_isolated,RUN_20260527_230420_15_openclaw_deepseekv4pro_isolated_CL004,Descriptive,The demand effect persists (or decays) over time.,"Event-study dynamics \(\hat{\beta}_k\) for \(k = 0, 1, \dots, L\)",Moderate,Wide confidence intervals prevent distinguishing persistence from decay,The demand effect persists (or decays) over time.,Claim-Evidence Table,outputs/raw_agent_logs/main/C008_level2_openclaw_RUN_20260527_230420_15_openclaw_deepseekv4pro_isolated.md,extracted_from_claim_evidence_table
C008,level2,level2,benchmark_isolated,RUN_20260527_230420_15_openclaw_deepseekv4pro_isolated,RUN_20260527_230420_15_openclaw_deepseekv4pro_isolated_CL005,Descriptive / suggestive of mechanism,Consumers substitute from treated to untreated products.,Secondary outcome: demand in adjacent untreated categories increases after treatment,Low to Moderate,No detectable change in adjacent-category demand,Consumers substitute from treated to untreated products.,Claim-Evidence Table,outputs/raw_agent_logs/main/C008_level2_openclaw_RUN_20260527_230420_15_openclaw_deepseekv4pro_isolated.md,extracted_from_claim_evidence_table
C008,level2,level2,benchmark_isolated,RUN_20260527_230420_15_openclaw_deepseekv4pro_isolated,RUN_20260527_230420_15_openclaw_deepseekv4pro_isolated_CL006,Descriptive / robustness,The estimated effect is not driven by a single store or category.,Leave-one-out estimates remain stable; no single cluster dominates the Goodman-Bacon decomposition,Moderate to High,Effect disappears when one store or category is dropped,The estimated effect is not driven by a single store or category.,Claim-Evidence Table,outputs/raw_agent_logs/main/C008_level2_openclaw_RUN_20260527_230420_15_openclaw_deepseekv4pro_isolated.md,extracted_from_claim_evidence_table
C008,level2,level2,benchmark_isolated,RUN_20260527_230420_15_openclaw_deepseekv4pro_isolated,RUN_20260527_230420_15_openclaw_deepseekv4pro_isolated_CL007,Descriptive / suggestive of mechanism,The effect is larger for products where the add-on charge is a larger share of the shelf price.,Significant interaction \(D_{it} \times ChargeShare_i\),Low to Moderate (exploratory),Interaction coefficient near zero; opposite sign,The effect is larger for products where the add-on charge is a larger share of the shelf price.,Claim-Evidence Table,outputs/raw_agent_logs/main/C008_level2_openclaw_RUN_20260527_230420_15_openclaw_deepseekv4pro_isolated.md,extracted_from_claim_evidence_table
C008,level2,level2,benchmark_isolated,RUN_20260527_230420_15_openclaw_deepseekv4pro_isolated,RUN_20260527_230420_15_openclaw_deepseekv4pro_isolated_CL008,Descriptive / robustness,The estimated effect is not an artifact of staggered timing.,Callaway-Sant'Anna or Sun-Abraham estimates are similar to static TWFE; Goodman-Bacon decomposition shows limited problematic comparisons,Moderate to High,Alternative estimators produce substantially different estimates,The estimated effect is not an artifact of staggered timing.,Claim-Evidence Table,outputs/raw_agent_logs/main/C008_level2_openclaw_RUN_20260527_230420_15_openclaw_deepseekv4pro_isolated.md,extracted_from_claim_evidence_table
C008,level2,level2,benchmark_isolated,RUN_20260527_230420_15_openclaw_deepseekv4pro_isolated,RUN_20260527_230420_15_openclaw_deepseekv4pro_isolated_CL009,Causal mechanism (partial),"The effect reflects the visibility display, not contemporaneous promotions.",\(\hat{\beta}\) is stable with and without promotion controls; no differential promotion timing at treatment,Moderate,\(\hat{\beta}\) changes substantially when promotions are added; promotions spike at treatment boundary,"The effect reflects the visibility display, not contemporaneous promotions.",Claim-Evidence Table,outputs/raw_agent_logs/main/C008_level2_openclaw_RUN_20260527_230420_15_openclaw_deepseekv4pro_isolated.md,extracted_from_claim_evidence_table
C008,level2,level2,benchmark_isolated,RUN_20260527_230420_15_openclaw_deepseekv4pro_isolated,RUN_20260527_230420_15_openclaw_deepseekv4pro_isolated_CL010,Logical claim,The effect is specific to the short-to-medium run and cannot be extrapolated to long-run equilibrium.,Logical / design constraint,High,"N/A (this is a statement of limitation, not a testable empirical claim about the data)",The effect is specific to the short-to-medium run and cannot be extrapolated to long-run equilibrium.,Claim-Evidence Table,outputs/raw_agent_logs/main/C008_level2_openclaw_RUN_20260527_230420_15_openclaw_deepseekv4pro_isolated.md,extracted_from_claim_evidence_table
C008,level3,level3,benchmark_isolated,RUN_20260527_230906_16_openclaw_deepseekv4pro_isolated,RUN_20260527_230906_16_openclaw_deepseekv4pro_isolated_CL001,Causal (under assumptions A1–A7),Making the add-on charge visible at the point of choice reduces demand for treated products.,Estimated \( \beta \) coefficient from DiD specification on log quantity sold; event-study plot showing a drop at \( k = 0 \) relative to \( k = -1 \).,Moderate to high if all-in price is verified constant and pre-trends are parallel. Low if these checks fail.,Null or positive DiD coefficient; event-study shows no discontinuity at the intervention date.,Making the add-on charge visible at the point of choice reduces demand for treated products.,Claim-Evidence Table,outputs/raw_agent_logs/main/C008_level3_openclaw_RUN_20260527_230906_16_openclaw_deepseekv4pro_isolated.md,extracted_from_claim_evidence_table
C008,level3,level3,benchmark_isolated,RUN_20260527_230906_16_openclaw_deepseekv4pro_isolated,RUN_20260527_230906_16_openclaw_deepseekv4pro_isolated_CL002,Mechanism (salience vs. price),The demand response is driven by salience rather than by an actual price change.,The all-in price paid does not change at the intervention date; controlling for actual price does not attenuate the DiD coefficient.,"Moderate — requires the add-on charge to be separately observable in the data and demonstrably unchanged. Without separate price components, this claim cannot be made.",The all-in price or the add-on component differs between pre- and post-periods; or the DiD coefficient shrinks substantially when actual price is controlled.,The demand response is driven by salience rather than by an actual price change.,Claim-Evidence Table,outputs/raw_agent_logs/main/C008_level3_openclaw_RUN_20260527_230906_16_openclaw_deepseekv4pro_isolated.md,extracted_from_claim_evidence_table
C008,level3,level3,benchmark_isolated,RUN_20260527_230906_16_openclaw_deepseekv4pro_isolated,RUN_20260527_230906_16_openclaw_deepseekv4pro_isolated_CL003,Diagnostic,Pre-existing trends do not explain the estimated effect.,Pre-treatment event-study coefficients (\( k < 0 \)) are individually and jointly indistinguishable from zero; placebo timing test yields null results.,High for the pre-period; moderate for the counterfactual post-period trend.,Non-zero pre-trend coefficients or significant placebo-timing estimates.,Pre-existing trends do not explain the estimated effect.,Claim-Evidence Table,outputs/raw_agent_logs/main/C008_level3_openclaw_RUN_20260527_230906_16_openclaw_deepseekv4pro_isolated.md,extracted_from_claim_evidence_table
C008,level3,level3,benchmark_isolated,RUN_20260527_230906_16_openclaw_deepseekv4pro_isolated,RUN_20260527_230906_16_openclaw_deepseekv4pro_isolated_CL004,Diagnostic,The estimated effect is not driven by differential selection of treated categories.,Falsification test showing pre-intervention covariates do not predict treatment assignment. Consistency of estimates across cross-store and within-store control groups.,Moderate — can rule out selection on observables; cannot rule out selection on unobserved time-varying confounders.,Pre-intervention covariates strongly predict treatment assignment; estimates differ substantially across control group constructions.,The estimated effect is not driven by differential selection of treated categories.,Claim-Evidence Table,outputs/raw_agent_logs/main/C008_level3_openclaw_RUN_20260527_230906_16_openclaw_deepseekv4pro_isolated.md,extracted_from_claim_evidence_table
C008,level3,level3,benchmark_isolated,RUN_20260527_230906_16_openclaw_deepseekv4pro_isolated,RUN_20260527_230906_16_openclaw_deepseekv4pro_isolated_CL005,Descriptive / correlational,Substitution or attention spillover to untreated products exists.,DiD estimates using untreated product categories in treated stores as outcomes are non-zero.,Moderate — non-zero estimates on untreated products are consistent with spillover but could also reflect common shocks not absorbed by fixed effects.,Null estimates on untreated product outcomes in treated stores.,Substitution or attention spillover to untreated products exists.,Claim-Evidence Table,outputs/raw_agent_logs/main/C008_level3_openclaw_RUN_20260527_230906_16_openclaw_deepseekv4pro_isolated.md,extracted_from_claim_evidence_table
C008,level3,level3,benchmark_isolated,RUN_20260527_230906_16_openclaw_deepseekv4pro_isolated,RUN_20260527_230906_16_openclaw_deepseekv4pro_isolated_CL006,Mechanism (quantity vs. revenue decomposition),The effect operates on quantity rather than only on revenue.,"Separate DiD estimates for quantity and revenue; if quantity falls but revenue does not (because price per unit is unchanged), the effect is on volume.",High — directly testable in the transaction data.,"Revenue moves proportionally with price changes, or revenue falls by the same percentage as quantity without price changes.",The effect operates on quantity rather than only on revenue.,Claim-Evidence Table,outputs/raw_agent_logs/main/C008_level3_openclaw_RUN_20260527_230906_16_openclaw_deepseekv4pro_isolated.md,extracted_from_claim_evidence_table
C008,level3,level3,benchmark_isolated,RUN_20260527_230906_16_openclaw_deepseekv4pro_isolated,RUN_20260527_230906_16_openclaw_deepseekv4pro_isolated_CL007,Robustness,The estimated effect is not driven by a few outlier categories or time periods.,"Leave-one-out sensitivity analysis; estimates are stable when any single store, category, or time period is excluded.",High — directly testable.,Coefficient changes sign or loses significance when a single unit is removed.,The estimated effect is not driven by a few outlier categories or time periods.,Claim-Evidence Table,outputs/raw_agent_logs/main/C008_level3_openclaw_RUN_20260527_230906_16_openclaw_deepseekv4pro_isolated.md,extracted_from_claim_evidence_table
C008,level3,level3,benchmark_isolated,RUN_20260527_230906_16_openclaw_deepseekv4pro_isolated,RUN_20260527_230906_16_openclaw_deepseekv4pro_isolated_CL008,Descriptive / caveat,The effect reflects short-run salience and may not persist.,The treatment effect estimate is based on the intervention window only; formal persistence cannot be tested without longer follow-up.,Low for persistence claims — explicitly limited by data.,Cannot be falsified or verified with available data; a longer panel is needed.,The effect reflects short-run salience and may not persist.,Claim-Evidence Table,outputs/raw_agent_logs/main/C008_level3_openclaw_RUN_20260527_230906_16_openclaw_deepseekv4pro_isolated.md,extracted_from_claim_evidence_table
C008,perturbed,perturbed,benchmark_isolated,RUN_20260527_231251_17_openclaw_deepseekv4pro_isolated,RUN_20260527_231251_17_openclaw_deepseekv4pro_isolated_CL001,**Descriptive**,Making the add-on charge visible was associated with a change in demand for treated products relative to untreated products.,"DiD coefficient *β̂*, pre-post trends, event-study plot.",Moderate-High,*β̂* is near zero with tight confidence intervals; event-study shows no discontinuity at intervention.,Making the add-on charge visible was associated with a change in demand for treated products relative to untreated products.,Claim-Evidence Table,outputs/raw_agent_logs/main/C008_perturbed_openclaw_RUN_20260527_231251_17_openclaw_deepseekv4pro_isolated.md,extracted_from_claim_evidence_table
C008,perturbed,perturbed,benchmark_isolated,RUN_20260527_231251_17_openclaw_deepseekv4pro_isolated,RUN_20260527_231251_17_openclaw_deepseekv4pro_isolated_CL002,**Causal (mechanism)**,The demand response reflects salience rather than an actual price change.,Test that the all-in price is unchanged at the intervention date; control for actual price in regression.,Low-Moderate,All-in price changes significantly at the intervention date for treated products.,The demand response reflects salience rather than an actual price change.,Claim-Evidence Table,outputs/raw_agent_logs/main/C008_perturbed_openclaw_RUN_20260527_231251_17_openclaw_deepseekv4pro_isolated.md,extracted_from_claim_evidence_table
C008,perturbed,perturbed,benchmark_isolated,RUN_20260527_231251_17_openclaw_deepseekv4pro_isolated,RUN_20260527_231251_17_openclaw_deepseekv4pro_isolated_CL003,**Diagnostic**,Pre-intervention trends were parallel between treated and untreated categories.,Event-study coefficients *β_k* for *k < 0* are not significantly different from zero; joint F-test.,Moderate,Any pre-period event-study coefficient is significantly different from zero; joint F-test rejects.,Pre-intervention trends were parallel between treated and untreated categories.,Claim-Evidence Table,outputs/raw_agent_logs/main/C008_perturbed_openclaw_RUN_20260527_231251_17_openclaw_deepseekv4pro_isolated.md,extracted_from_claim_evidence_table
C008,perturbed,perturbed,benchmark_isolated,RUN_20260527_231251_17_openclaw_deepseekv4pro_isolated,RUN_20260527_231251_17_openclaw_deepseekv4pro_isolated_CL004,**Partial identification**,The DiD estimate provides a lower bound on the salience effect.,Theoretical argument under the assumption that substitution flows from treated to untreated products.,Low,"Substitution flows in the opposite direction (e.g., treatment increases demand for treated products AND untreated complements); or the direction is ambiguous.",The DiD estimate provides a lower bound on the salience effect.,Claim-Evidence Table,outputs/raw_agent_logs/main/C008_perturbed_openclaw_RUN_20260527_231251_17_openclaw_deepseekv4pro_isolated.md,extracted_from_claim_evidence_table
C008,perturbed,perturbed,benchmark_isolated,RUN_20260527_231251_17_openclaw_deepseekv4pro_isolated,RUN_20260527_231251_17_openclaw_deepseekv4pro_isolated_CL005,**Exploratory**,Demand response is larger for products with larger add-on charges.,Interaction of *Treated × Post* with add-on charge magnitude.,Low,Interaction coefficient is near zero or wrong-signed.,Demand response is larger for products with larger add-on charges.,Claim-Evidence Table,outputs/raw_agent_logs/main/C008_perturbed_openclaw_RUN_20260527_231251_17_openclaw_deepseekv4pro_isolated.md,extracted_from_claim_evidence_table
C008,perturbed,perturbed,benchmark_isolated,RUN_20260527_231251_17_openclaw_deepseekv4pro_isolated,RUN_20260527_231251_17_openclaw_deepseekv4pro_isolated_CL006,**Robustness**,The effect is not driven by a single category or product.,Leave-one-out estimates remain stable.,Moderate,Excluding one category materially changes *β̂*.,The effect is not driven by a single category or product.,Claim-Evidence Table,outputs/raw_agent_logs/main/C008_perturbed_openclaw_RUN_20260527_231251_17_openclaw_deepseekv4pro_isolated.md,extracted_from_claim_evidence_table
C008,perturbed,perturbed,benchmark_isolated,RUN_20260527_231251_17_openclaw_deepseekv4pro_isolated,RUN_20260527_231251_17_openclaw_deepseekv4pro_isolated_CL007,**Robustness**,The effect is not an artifact of the chosen time window.,Estimates are stable across varying window lengths.,Moderate,Estimates change sign or significance with different window choices.,The effect is not an artifact of the chosen time window.,Claim-Evidence Table,outputs/raw_agent_logs/main/C008_perturbed_openclaw_RUN_20260527_231251_17_openclaw_deepseekv4pro_isolated.md,extracted_from_claim_evidence_table
C008,perturbed,perturbed,benchmark_isolated,RUN_20260527_231251_17_openclaw_deepseekv4pro_isolated,RUN_20260527_231251_17_openclaw_deepseekv4pro_isolated_CL008,**Not supported**,"Results generalize to other stores, markets, or settings.",None available (single-store design).,N/A,N/A — this claim cannot be made.,"Results generalize to other stores, markets, or settings.",Claim-Evidence Table,outputs/raw_agent_logs/main/C008_perturbed_openclaw_RUN_20260527_231251_17_openclaw_deepseekv4pro_isolated.md,extracted_from_claim_evidence_table
C010,level2,level2,benchmark_isolated,RUN_20260527_231632_18_openclaw_deepseekv4pro_isolated,RUN_20260527_231632_18_openclaw_deepseekv4pro_isolated_CL001,Causal (randomized),The early small offer increases adoption relative to no offer,ITT estimate β₁: T1 vs. C adoption difference,High,β₁ ≈ 0; cannot reject null of no effect,The early small offer increases adoption relative to no offer,Claim-Evidence Table,outputs/raw_agent_logs/main/C010_level2_openclaw_RUN_20260527_231632_18_openclaw_deepseekv4pro_isolated.md,extracted_from_claim_evidence_table
C010,level2,level2,benchmark_isolated,RUN_20260527_231632_18_openclaw_deepseekv4pro_isolated,RUN_20260527_231632_18_openclaw_deepseekv4pro_isolated_CL002,Causal (randomized),Early timing matters independently of offer value,Contrast ψ_timing = β₁ − β₂ > 0; T1 and T2 have identical content except timing,Moderate to high (subject to liquidity confound),β₁ ≈ β₂; early and late identical offers produce same adoption,Early timing matters independently of offer value,Claim-Evidence Table,outputs/raw_agent_logs/main/C010_level2_openclaw_RUN_20260527_231632_18_openclaw_deepseekv4pro_isolated.md,extracted_from_claim_evidence_table
C010,level2,level2,benchmark_isolated,RUN_20260527_231632_18_openclaw_deepseekv4pro_isolated,RUN_20260527_231632_18_openclaw_deepseekv4pro_isolated_CL003,Causal (randomized),The effect is not purely a reminder/salience effect,β₁ > β₃ (early offer beats early reminder) and β₃ ≈ 0 (reminder alone does nothing),Moderate to high,β₁ ≈ β₃; reminder alone achieves same adoption increase as the full offer,The effect is not purely a reminder/salience effect,Claim-Evidence Table,outputs/raw_agent_logs/main/C010_level2_openclaw_RUN_20260527_231632_18_openclaw_deepseekv4pro_isolated.md,extracted_from_claim_evidence_table
C010,level2,level2,benchmark_isolated,RUN_20260527_231632_18_openclaw_deepseekv4pro_isolated,RUN_20260527_231632_18_openclaw_deepseekv4pro_isolated_CL004,Causal (randomized),A larger late subsidy does not outperform the early small offer,β₄ ≤ β₁,Moderate to high,"β₄ > β₁; larger late price cut beats early small offer, suggesting static price sensitivity dominates",A larger late subsidy does not outperform the early small offer,Claim-Evidence Table,outputs/raw_agent_logs/main/C010_level2_openclaw_RUN_20260527_231632_18_openclaw_deepseekv4pro_isolated.md,extracted_from_claim_evidence_table
C010,level2,level2,benchmark_isolated,RUN_20260527_231632_18_openclaw_deepseekv4pro_isolated,RUN_20260527_231632_18_openclaw_deepseekv4pro_isolated_CL005,Mechanism inference (pattern-based),The pattern is consistent with procrastination/present-bias,"Joint pattern: β₁ > β₂ (timing matters), β₃ ≈ 0 (not just salience), β₄ ≤ β₁ (not just static price sensitivity)",Moderate,Any single contrast fails; the joint pattern is inconsistent,The pattern is consistent with procrastination/present-bias,Claim-Evidence Table,outputs/raw_agent_logs/main/C010_level2_openclaw_RUN_20260527_231632_18_openclaw_deepseekv4pro_isolated.md,extracted_from_claim_evidence_table
C010,level2,level2,benchmark_isolated,RUN_20260527_231632_18_openclaw_deepseekv4pro_isolated,RUN_20260527_231632_18_openclaw_deepseekv4pro_isolated_CL006,Mechanism inference (pattern-based),The pattern is definitively present-bias rather than liquidity dissipation,"No single contrast uniquely separates these; the T4 test (if late liquidity binds, T4 should not outperform T2) and liquidity heterogeneity provide suggestive evidence",Low,The data cannot definitively rule out liquidity dissipation,The pattern is definitively present-bias rather than liquidity dissipation,Claim-Evidence Table,outputs/raw_agent_logs/main/C010_level2_openclaw_RUN_20260527_231632_18_openclaw_deepseekv4pro_isolated.md,extracted_from_claim_evidence_table
C010,level2,level2,benchmark_isolated,RUN_20260527_231632_18_openclaw_deepseekv4pro_isolated,RUN_20260527_231632_18_openclaw_deepseekv4pro_isolated_CL007,Mechanism inference,Early offer improves intention-to-action conversion,λ > 0 in intention-action gap model for T1,Moderate,No differential conversion rate across arms conditional on stated intention,Early offer improves intention-to-action conversion,Claim-Evidence Table,outputs/raw_agent_logs/main/C010_level2_openclaw_RUN_20260527_231632_18_openclaw_deepseekv4pro_isolated.md,extracted_from_claim_evidence_table
C010,level2,level2,benchmark_isolated,RUN_20260527_231632_18_openclaw_deepseekv4pro_isolated,RUN_20260527_231632_18_openclaw_deepseekv4pro_isolated_CL008,Exploratory heterogeneity,Non-adopters are more responsive to the early offer,η₁ > 0 in interaction model for prior non-adopters × T1,Low to moderate,No significant interaction; effects are uniform across adoption history,Non-adopters are more responsive to the early offer,Claim-Evidence Table,outputs/raw_agent_logs/main/C010_level2_openclaw_RUN_20260527_231632_18_openclaw_deepseekv4pro_isolated.md,extracted_from_claim_evidence_table
C010,level2,level2,benchmark_isolated,RUN_20260527_231632_18_openclaw_deepseekv4pro_isolated,RUN_20260527_231632_18_openclaw_deepseekv4pro_isolated_CL009,Exploratory,Effects persist beyond the intervention season,Multi-season follow-up data (if available),Depends on data availability,Effects decay to zero in subsequent seasons without repeat intervention,Effects persist beyond the intervention season,Claim-Evidence Table,outputs/raw_agent_logs/main/C010_level2_openclaw_RUN_20260527_231632_18_openclaw_deepseekv4pro_isolated.md,extracted_from_claim_evidence_table
C010,level3,level3,benchmark_isolated,RUN_20260527_232025_19_openclaw_deepseekv4pro_isolated,RUN_20260527_232025_19_openclaw_deepseekv4pro_isolated_CL001,Causal (randomized),C1. Early offer timing increases seasonal input adoption relative to an economically identical late offer.,ITT estimate of \( \beta_{\text{EarlySmall}} - \beta_{\text{LateComparable}} \) from randomized comparison.,High (if the design is implemented as specified and attrition is low),"Failure to reject \( H_0: \beta_{\text{EarlySmall}} = \beta_{\text{LateComparable}} \). If adoption in the two arms is statistically indistinguishable, timing does not matter, and procrastination is not the operative mechanism.",**C1.** Early offer timing increases seasonal input adoption relative to an economically identical late offer.,Claim-Evidence Table,outputs/raw_agent_logs/main/C010_level3_openclaw_RUN_20260527_232025_19_openclaw_deepseekv4pro_isolated.md,extracted_from_claim_evidence_table
C010,level3,level3,benchmark_isolated,RUN_20260527_232025_19_openclaw_deepseekv4pro_isolated,RUN_20260527_232025_19_openclaw_deepseekv4pro_isolated_CL002,Causal (randomized),C2. The timing effect is not driven solely by reminders or salience.,"ITT estimate of \( \beta_{\text{EarlySmall}} - \beta_{\text{ReminderOnly}} > 0 \). The Reminder-Only arm receives contact at both time points, absorbing salience effects.",High,"If \( \beta_{\text{EarlySmall}} \approx \beta_{\text{ReminderOnly}} \), the economic offer adds nothing beyond contact, and salience (not timing or price) drives any adoption gains.",**C2.** The timing effect is not driven solely by reminders or salience.,Claim-Evidence Table,outputs/raw_agent_logs/main/C010_level3_openclaw_RUN_20260527_232025_19_openclaw_deepseekv4pro_isolated.md,extracted_from_claim_evidence_table
C010,level3,level3,benchmark_isolated,RUN_20260527_232025_19_openclaw_deepseekv4pro_isolated,RUN_20260527_232025_19_openclaw_deepseekv4pro_isolated_CL003,Mechanism inference (reduced-form pattern),C3. The pattern of adoption across arms is consistent with procrastination/present bias.,Joint test: \( \beta_{\text{EarlySmall}} > \beta_{\text{LateComparable}} \) AND \( \beta_{\text{LateComparable}} \approx \beta_{\text{ReminderOnly}} \) AND stated intentions at early offer exceed actual adoption in late arms.,Moderate,"If \( \beta_{\text{EarlySmall}} \approx \beta_{\text{LateComparable}} \) OR \( \beta_{\text{LateComparable}} > \beta_{\text{ReminderOnly}} \), the data favor price sensitivity or some other mechanism. Additional behavioral data (e.g., stated intentions, time preference measures) would strengthen or weaken the mechanism claim.",**C3.** The pattern of adoption across arms is consistent with procrastination/present bias.,Claim-Evidence Table,outputs/raw_agent_logs/main/C010_level3_openclaw_RUN_20260527_232025_19_openclaw_deepseekv4pro_isolated.md,extracted_from_claim_evidence_table
C010,level3,level3,benchmark_isolated,RUN_20260527_232025_19_openclaw_deepseekv4pro_isolated,RUN_20260527_232025_19_openclaw_deepseekv4pro_isolated_CL004,Descriptive comparison,C4. The early-small offer can partially substitute for a late large subsidy.,"ITT estimate of \( \beta_{\text{EarlySmall}} - \beta_{\text{LateLarge}} \). If this difference is small or statistically insignificant, the early-small offer achieves comparable adoption at lower cost.",Moderate,"If \( \beta_{\text{LateLarge}} \) is substantially and significantly larger than \( \beta_{\text{EarlySmall}} \), large subsidies remain necessary for meaningful adoption gains, and the timing channel alone is insufficient.",**C4.** The early-small offer can partially substitute for a late large subsidy.,Claim-Evidence Table,outputs/raw_agent_logs/main/C010_level3_openclaw_RUN_20260527_232025_19_openclaw_deepseekv4pro_isolated.md,extracted_from_claim_evidence_table
C010,level3,level3,benchmark_isolated,RUN_20260527_232025_19_openclaw_deepseekv4pro_isolated,RUN_20260527_232025_19_openclaw_deepseekv4pro_isolated_CL005,Mechanism inference (design-based),C5. Static liquidity constraints do not explain the adoption pattern.,Common income timing across arms. EarlySmall > LateComparable despite late producers having more time to save. This pattern is inconsistent with liquidity constraints driving the results.,Moderate,"If income receipt timing varies substantially across producers, or if producers face large unobserved liquidity shocks between early and late periods, this inference weakens. A finding that the Early-Small effect is absent among producers with low baseline liquidity would also challenge this claim.",**C5.** Static liquidity constraints do not explain the adoption pattern.,Claim-Evidence Table,outputs/raw_agent_logs/main/C010_level3_openclaw_RUN_20260527_232025_19_openclaw_deepseekv4pro_isolated.md,extracted_from_claim_evidence_table
C010,level3,level3,benchmark_isolated,RUN_20260527_232025_19_openclaw_deepseekv4pro_isolated,RUN_20260527_232025_19_openclaw_deepseekv4pro_isolated_CL006,Descriptive heterogeneity,C6. Prior non-adopters are more responsive to the early-small offer than prior adopters.,"Interaction \( \theta_{\text{EarlySmall} \times \text{PriorNonAdopter}} > 0 \). Prior non-adopters are the population on the extensive margin; if procrastination is the barrier, they should benefit most from early timing.",Low (exploratory),"No significant interaction, or the interaction is in the opposite direction.",**C6.** Prior non-adopters are more responsive to the early-small offer than prior adopters.,Claim-Evidence Table,outputs/raw_agent_logs/main/C010_level3_openclaw_RUN_20260527_232025_19_openclaw_deepseekv4pro_isolated.md,extracted_from_claim_evidence_table
C010,level3,level3,benchmark_isolated,RUN_20260527_232025_19_openclaw_deepseekv4pro_isolated,RUN_20260527_232025_19_openclaw_deepseekv4pro_isolated_CL007,Descriptive (stated intentions measured post-assignment in some arms),C7. The stated-intention-to-behavior gap is larger in late-offer arms than in the early-offer arm.,Compare the gap between stated intention (measured at the early point for all arms receiving early contact) and actual adoption across arms. A larger gap in Late-Comparable than in Early-Small is a diagnostic of follow-through failure.,Low to moderate,"If the gap is similar across arms, or if stated intentions are low across the board, follow-through failure is not the primary barrier (low baseline demand is).",**C7.** The stated-intention-to-behavior gap is larger in late-offer arms than in the early-offer arm.,Claim-Evidence Table,outputs/raw_agent_logs/main/C010_level3_openclaw_RUN_20260527_232025_19_openclaw_deepseekv4pro_isolated.md,extracted_from_claim_evidence_table
C010,level3,level3,benchmark_isolated,RUN_20260527_232025_19_openclaw_deepseekv4pro_isolated,RUN_20260527_232025_19_openclaw_deepseekv4pro_isolated_CL008,Descriptive validation,C8. The design's findings are internally valid (randomization produced comparable groups).,Balance tests on pre-treatment covariates. Falsification test: arm assignment does not predict prior-season adoption.,High (testable),Significant imbalance on pre-treatment characteristics that is not resolved by covariate adjustment.,**C8.** The design's findings are internally valid (randomization produced comparable groups).,Claim-Evidence Table,outputs/raw_agent_logs/main/C010_level3_openclaw_RUN_20260527_232025_19_openclaw_deepseekv4pro_isolated.md,extracted_from_claim_evidence_table
C010,level3,level3,benchmark_isolated,RUN_20260527_232025_19_openclaw_deepseekv4pro_isolated,RUN_20260527_232025_19_openclaw_deepseekv4pro_isolated_CL009,Descriptive validation,C9. The results are not driven by differential attrition.,"Attrition rates do not differ significantly across arms, or Lee bounds do not change the qualitative conclusions.",Moderate,Significant differential attrition that changes the sign or significance of the primary contrasts when bounds are applied.,**C9.** The results are not driven by differential attrition.,Claim-Evidence Table,outputs/raw_agent_logs/main/C010_level3_openclaw_RUN_20260527_232025_19_openclaw_deepseekv4pro_isolated.md,extracted_from_claim_evidence_table
C010,level3,level3,benchmark_isolated,RUN_20260527_232025_19_openclaw_deepseekv4pro_isolated,RUN_20260527_232025_19_openclaw_deepseekv4pro_isolated_CL010,Descriptive diagnostic,C10. Spillovers do not qualitatively change the conclusions.,"Control-producer outcomes do not vary with community treatment intensity. If they do, community-level estimates remain directionally consistent with individual-level estimates.",Moderate,Large spillover effects that reverse the sign of the primary contrasts.,**C10.** Spillovers do not qualitatively change the conclusions.,Claim-Evidence Table,outputs/raw_agent_logs/main/C010_level3_openclaw_RUN_20260527_232025_19_openclaw_deepseekv4pro_isolated.md,extracted_from_claim_evidence_table
C010,perturbed,perturbed,benchmark_isolated,RUN_20260527_232448_20_openclaw_deepseekv4pro_isolated,RUN_20260527_232448_20_openclaw_deepseekv4pro_isolated_CL001,Causal (ITT),C1. Early offer availability increases seasonal input adoption relative to later availability (when all producers are informed early).,Randomized comparison of mean adoption: \(\hat{\tau}_{\text{ITT}}\),High,\(\hat{\tau}_{\text{ITT}} \leq 0\) with tight confidence intervals excluding economically meaningful positive values,**C1.** Early offer availability increases seasonal input adoption relative to later availability (when all producers are informed early).,Claim-Evidence Table,outputs/raw_agent_logs/main/C010_perturbed_openclaw_RUN_20260527_232448_20_openclaw_deepseekv4pro_isolated.md,extracted_from_claim_evidence_table
C010,perturbed,perturbed,benchmark_isolated,RUN_20260527_232448_20_openclaw_deepseekv4pro_isolated,RUN_20260527_232448_20_openclaw_deepseekv4pro_isolated_CL002,Descriptive,C2. The timing effect is larger for liquidity-constrained producers.,Heterogeneity analysis: \(\hat{\tau}_{\text{ITT}}\) stratified by baseline liquidity proxies,Moderate,No significant interaction between treatment and liquidity measures; or effect concentrated among unconstrained producers,**C2.** The timing effect is larger for liquidity-constrained producers.,Claim-Evidence Table,outputs/raw_agent_logs/main/C010_perturbed_openclaw_RUN_20260527_232448_20_openclaw_deepseekv4pro_isolated.md,extracted_from_claim_evidence_table
C010,perturbed,perturbed,benchmark_isolated,RUN_20260527_232448_20_openclaw_deepseekv4pro_isolated,RUN_20260527_232448_20_openclaw_deepseekv4pro_isolated_CL003,Descriptive / suggestive,C3. Late-arm producers are more likely than early-arm producers to state an intention to adopt but fail to follow through.,Intention-action gap comparison: \(\hat{\delta} > 0\),Low,"\(\hat{\delta} \leq 0\), or stated intentions are systematically lower in the late arm (consistent with rational anticipation)",**C3.** Late-arm producers are more likely than early-arm producers to state an intention to adopt but fail to follow through.,Claim-Evidence Table,outputs/raw_agent_logs/main/C010_perturbed_openclaw_RUN_20260527_232448_20_openclaw_deepseekv4pro_isolated.md,extracted_from_claim_evidence_table
C010,perturbed,perturbed,benchmark_isolated,RUN_20260527_232448_20_openclaw_deepseekv4pro_isolated,RUN_20260527_232448_20_openclaw_deepseekv4pro_isolated_CL004,Descriptive,C4. Adoption declines monotonically with offer delay from the income moment.,Dose-response across graded-timing arms,Moderate,Non-monotonic pattern or flat relationship after controlling for observables,**C4.** Adoption declines monotonically with offer delay from the income moment.,Claim-Evidence Table,outputs/raw_agent_logs/main/C010_perturbed_openclaw_RUN_20260527_232448_20_openclaw_deepseekv4pro_isolated.md,extracted_from_claim_evidence_table
C010,perturbed,perturbed,benchmark_isolated,RUN_20260527_232448_20_openclaw_deepseekv4pro_isolated,RUN_20260527_232448_20_openclaw_deepseekv4pro_isolated_CL005,Diagnostic,C5. Spillover effects do not materially bias the ITT.,Spatial/network spillover diagnostics,Context-dependent,"Significant association between neighbor treatment status and own adoption, especially if sign differs across arms",**C5.** Spillover effects do not materially bias the ITT.,Claim-Evidence Table,outputs/raw_agent_logs/main/C010_perturbed_openclaw_RUN_20260527_232448_20_openclaw_deepseekv4pro_isolated.md,extracted_from_claim_evidence_table
C010,perturbed,perturbed,benchmark_isolated,RUN_20260527_232448_20_openclaw_deepseekv4pro_isolated,RUN_20260527_232448_20_openclaw_deepseekv4pro_isolated_CL006,Diagnostic,C6. The timing effect is not driven by differential attrition.,Follow-up completion rates by arm; Lee bounds,High (if balanced),Follow-up rates differ significantly by arm and bounds include zero,**C6.** The timing effect is not driven by differential attrition.,Claim-Evidence Table,outputs/raw_agent_logs/main/C010_perturbed_openclaw_RUN_20260527_232448_20_openclaw_deepseekv4pro_isolated.md,extracted_from_claim_evidence_table
C010,perturbed,perturbed,benchmark_isolated,RUN_20260527_232448_20_openclaw_deepseekv4pro_isolated,RUN_20260527_232448_20_openclaw_deepseekv4pro_isolated_CL007,Interpretive / synthetic,C7. Procrastination is the primary mechanism driving the timing effect.,"Combined evidence from ITT, intention-action gap, and time-preference heterogeneity",Low,Similar adoption rates across arms; similar intention-action gaps; or no heterogeneity by measured present-bias,**C7.** Procrastination is the primary mechanism driving the timing effect.,Claim-Evidence Table,outputs/raw_agent_logs/main/C010_perturbed_openclaw_RUN_20260527_232448_20_openclaw_deepseekv4pro_isolated.md,extracted_from_claim_evidence_table
C014,level2,level2,benchmark_isolated,RUN_20260527_232816_21_openclaw_deepseekv4pro_isolated,RUN_20260527_232816_21_openclaw_deepseekv4pro_isolated_CL001,Causal,Formal oversight reduces independently measured leakage relative to control.,ITT estimate \(\hat{\beta}_1\) from primary specification.,High (if randomized),\(\hat{\beta}_1\) not significantly different from zero; confidence interval excludes economically meaningful negative values.,Formal oversight reduces independently measured leakage relative to control.,Claim-Evidence Table,outputs/raw_agent_logs/main/C014_level2_openclaw_RUN_20260527_232816_21_openclaw_deepseekv4pro_isolated.md,extracted_from_claim_evidence_table
C014,level2,level2,benchmark_isolated,RUN_20260527_232816_21_openclaw_deepseekv4pro_isolated,RUN_20260527_232816_21_openclaw_deepseekv4pro_isolated_CL002,Causal,Community monitoring reduces independently measured leakage relative to control.,ITT estimate \(\hat{\beta}_2\) from primary specification.,High (if randomized),\(\hat{\beta}_2\) not significantly different from zero; confidence interval excludes economically meaningful negative values.,Community monitoring reduces independently measured leakage relative to control.,Claim-Evidence Table,outputs/raw_agent_logs/main/C014_level2_openclaw_RUN_20260527_232816_21_openclaw_deepseekv4pro_isolated.md,extracted_from_claim_evidence_table
C014,level2,level2,benchmark_isolated,RUN_20260527_232816_21_openclaw_deepseekv4pro_isolated,RUN_20260527_232816_21_openclaw_deepseekv4pro_isolated_CL003,Causal,Formal oversight and community monitoring have different effects.,Test of \(H_0: \beta_1 = \beta_2\).,Medium–High,Failure to reject equality; wide confidence intervals on the difference that span both zero and economically meaningful values in either direction.,Formal oversight and community monitoring have different effects.,Claim-Evidence Table,outputs/raw_agent_logs/main/C014_level2_openclaw_RUN_20260527_232816_21_openclaw_deepseekv4pro_isolated.md,extracted_from_claim_evidence_table
C014,level2,level2,benchmark_isolated,RUN_20260527_232816_21_openclaw_deepseekv4pro_isolated,RUN_20260527_232816_21_openclaw_deepseekv4pro_isolated_CL004,Mechanism (descriptive),Administrative records overstate the effect of monitoring relative to independent measurement.,Comparison of \(\hat{\beta}\) from administrative-outcome specification vs. independent-outcome specification.,Medium,The two sets of coefficients are statistically indistinguishable in magnitude and direction.,Administrative records overstate the effect of monitoring relative to independent measurement.,Claim-Evidence Table,outputs/raw_agent_logs/main/C014_level2_openclaw_RUN_20260527_232816_21_openclaw_deepseekv4pro_isolated.md,extracted_from_claim_evidence_table
C014,level2,level2,benchmark_isolated,RUN_20260527_232816_21_openclaw_deepseekv4pro_isolated,RUN_20260527_232816_21_openclaw_deepseekv4pro_isolated_CL005,Mechanism (descriptive),Community monitoring effects are larger where baseline information asymmetries are greater.,Interaction of treatment with baseline literacy or prior project experience.,Low–Medium,No significant interaction; or interaction opposite to predicted direction.,Community monitoring effects are larger where baseline information asymmetries are greater.,Claim-Evidence Table,outputs/raw_agent_logs/main/C014_level2_openclaw_RUN_20260527_232816_21_openclaw_deepseekv4pro_isolated.md,extracted_from_claim_evidence_table
C014,level2,level2,benchmark_isolated,RUN_20260527_232816_21_openclaw_deepseekv4pro_isolated,RUN_20260527_232816_21_openclaw_deepseekv4pro_isolated_CL006,Descriptive,Leakage exists in the absence of additional monitoring.,Mean leakage rate in the control group.,Medium,"Control-group mean leakage not significantly different from zero (may reflect genuine honesty, or measurement failing to detect leakage).",Leakage exists in the absence of additional monitoring.,Claim-Evidence Table,outputs/raw_agent_logs/main/C014_level2_openclaw_RUN_20260527_232816_21_openclaw_deepseekv4pro_isolated.md,extracted_from_claim_evidence_table
C014,level2,level2,benchmark_isolated,RUN_20260527_232816_21_openclaw_deepseekv4pro_isolated,RUN_20260527_232816_21_openclaw_deepseekv4pro_isolated_CL007,Robustness,Treatment effects are robust to alternative leakage definitions.,Sensitivity analysis using alternative numerators and denominators.,Medium–High,Results flip sign or lose significance under plausible alternative definitions.,Treatment effects are robust to alternative leakage definitions.,Claim-Evidence Table,outputs/raw_agent_logs/main/C014_level2_openclaw_RUN_20260527_232816_21_openclaw_deepseekv4pro_isolated.md,extracted_from_claim_evidence_table
C014,level2,level2,benchmark_isolated,RUN_20260527_232816_21_openclaw_deepseekv4pro_isolated,RUN_20260527_232816_21_openclaw_deepseekv4pro_isolated_CL008,Causal (if factorial design),The combined effect of formal oversight and community monitoring differs from the sum of individual effects.,\(\hat{\beta}_3\) from factorial specification (interaction term).,Medium,\(\hat{\beta}_3\) not significantly different from zero; imprecise estimate.,The combined effect of formal oversight and community monitoring differs from the sum of individual effects.,Claim-Evidence Table,outputs/raw_agent_logs/main/C014_level2_openclaw_RUN_20260527_232816_21_openclaw_deepseekv4pro_isolated.md,extracted_from_claim_evidence_table
C014,level2,level2,benchmark_isolated,RUN_20260527_232816_21_openclaw_deepseekv4pro_isolated,RUN_20260527_232816_21_openclaw_deepseekv4pro_isolated_CL009,Diagnostic,Spillover effects are small enough not to undermine the primary analysis.,Spatial correlation of residuals; comparison of outcomes by distance to nearest treated unit.,Medium,Significant spatial correlation; treatment effects vary systematically with proximity to treated units.,Spillover effects are small enough not to undermine the primary analysis.,Claim-Evidence Table,outputs/raw_agent_logs/main/C014_level2_openclaw_RUN_20260527_232816_21_openclaw_deepseekv4pro_isolated.md,extracted_from_claim_evidence_table
C014,level2,level2,benchmark_isolated,RUN_20260527_232816_21_openclaw_deepseekv4pro_isolated,RUN_20260527_232816_21_openclaw_deepseekv4pro_isolated_CL010,Diagnostic,Attrition does not drive the results.,Lee bounds; IPW estimates; comparison of baseline characteristics of attritors across arms.,Medium–High,Bounds include zero; IPW estimates differ substantially from primary estimates; differential attrition on leakage-predicting covariates.,Attrition does not drive the results.,Claim-Evidence Table,outputs/raw_agent_logs/main/C014_level2_openclaw_RUN_20260527_232816_21_openclaw_deepseekv4pro_isolated.md,extracted_from_claim_evidence_table
C014,level3,level3,benchmark_isolated,RUN_20260527_233158_22_openclaw_deepseekv4pro_isolated,RUN_20260527_233158_22_openclaw_deepseekv4pro_isolated_CL001,Causal (under random assignment and no spillover).,Assignment to formal oversight reduces independently measured resource leakage relative to control.,"ITT estimate \(\hat{\beta}_1\) from the primary specification, comparing T1 to T0 on independently measured leakage.",High if randomization is successfully implemented and no major violations detected. Moderate if spillover is present.,"(a) \(\hat{\beta}_1 \approx 0\) with tight confidence intervals, or (b) a significant pre-treatment difference in leakage between T1 and T0 on the timing placebo test, or (c) evidence of differential attrition that cannot be bounded away from zero.",**C1:** Assignment to formal oversight reduces independently measured resource leakage relative to control.,Claim-Evidence Table,outputs/raw_agent_logs/main/C014_level3_openclaw_RUN_20260527_233158_22_openclaw_deepseekv4pro_isolated.md,extracted_from_claim_evidence_table
C014,level3,level3,benchmark_isolated,RUN_20260527_233158_22_openclaw_deepseekv4pro_isolated,RUN_20260527_233158_22_openclaw_deepseekv4pro_isolated_CL002,Causal (under random assignment and no spillover).,Assignment to community monitoring reduces independently measured resource leakage relative to control.,"ITT estimate \(\hat{\beta}_2\) from the primary specification, comparing T2 to T0.",High under same conditions as C1.,"Same falsification conditions as C1, applied to \(\hat{\beta}_2\).",**C2:** Assignment to community monitoring reduces independently measured resource leakage relative to control.,Claim-Evidence Table,outputs/raw_agent_logs/main/C014_level3_openclaw_RUN_20260527_233158_22_openclaw_deepseekv4pro_isolated.md,extracted_from_claim_evidence_table
C014,level3,level3,benchmark_isolated,RUN_20260527_233158_22_openclaw_deepseekv4pro_isolated,RUN_20260527_233158_22_openclaw_deepseekv4pro_isolated_CL003,Causal (under random assignment and comparable treatment intensity/timing).,Formal oversight and community monitoring differ in effectiveness.,Test of \(H_0: \beta_1 = \beta_2\) from the primary specification.,"Moderate: even if the difference is precisely estimated, attributing it to mechanisms rather than differences in implementation intensity requires auxiliary evidence.",Failure to reject \(H_0: \beta_1 = \beta_2\) with adequate power. Power analysis should determine whether the design can detect policy-meaningful differences.,**C3:** Formal oversight and community monitoring differ in effectiveness.,Claim-Evidence Table,outputs/raw_agent_logs/main/C014_level3_openclaw_RUN_20260527_233158_22_openclaw_deepseekv4pro_isolated.md,extracted_from_claim_evidence_table
C014,level3,level3,benchmark_isolated,RUN_20260527_233158_22_openclaw_deepseekv4pro_isolated,RUN_20260527_233158_22_openclaw_deepseekv4pro_isolated_CL004,"Mechanism (suggestive, not definitive).",Formal oversight reduces leakage primarily by deterring diversion (not merely by improving reporting).,"Comparison of treatment effects on independently measured leakage vs. officially reported leakage. If \(\hat{\beta}_1\) is similar or larger for the independent measure than for the official measure, this supports the deterrence interpretation. If \(\hat{\beta}_1\) is significant for the official measure but not the independent measure, this supports the reporting-manipulation interpretation.","Low to moderate: this test distinguishes reporting effects from real effects but does not directly test deterrence vs. other real-effect channels (e.g., fear of community complaints triggered by audit announcements).","A significant \(\hat{\beta}_1\) on officially reported leakage accompanied by a near-zero \(\hat{\beta}_1\) on independently measured leakage would suggest that formal oversight primarily changes reporting, not behavior.",**C4:** Formal oversight reduces leakage primarily by deterring diversion (not merely by improving reporting).,Claim-Evidence Table,outputs/raw_agent_logs/main/C014_level3_openclaw_RUN_20260527_233158_22_openclaw_deepseekv4pro_isolated.md,extracted_from_claim_evidence_table
C014,level3,level3,benchmark_isolated,RUN_20260527_233158_22_openclaw_deepseekv4pro_isolated,RUN_20260527_233158_22_openclaw_deepseekv4pro_isolated_CL005,"Mechanism (suggestive, not definitive).",Community monitoring reduces leakage through increased beneficiary information and voice.,"Heterogeneity analysis: larger effects in communities with higher baseline collective action capacity, higher meeting attendance, or more complaints filed. Process evidence linking complaints to official responses.",Low: heterogeneity by collective action capacity is an observational comparison (capacity is not randomly assigned). Process evidence is descriptive.,"Null heterogeneity by collective action capacity, or community monitoring effects that are driven entirely by communities where no meetings actually occurred (suggesting the announcement, not participation, is the active ingredient).",**C5:** Community monitoring reduces leakage through increased beneficiary information and voice.,Claim-Evidence Table,outputs/raw_agent_logs/main/C014_level3_openclaw_RUN_20260527_233158_22_openclaw_deepseekv4pro_isolated.md,extracted_from_claim_evidence_table
C014,level3,level3,benchmark_isolated,RUN_20260527_233158_22_openclaw_deepseekv4pro_isolated,RUN_20260527_233158_22_openclaw_deepseekv4pro_isolated_CL006,Descriptive/diagnostic.,Officials substitute corruption from measured to unmeasured dimensions when monitoring is introduced.,"Negative within-project correlation between treatment effects on different leakage dimensions (e.g., materials leakage falls but quality shortcuts increase). Sentinel indicators flag implausible patterns.","Low: substitution into measured dimensions can be detected, but substitution into unmeasured dimensions cannot. Absence of evidence of substitution within measured dimensions does not imply absence of substitution overall.",Positive treatment effects on one leakage dimension combined with negative effects on another would be *consistent* with substitution but does not prove it. Direct evidence of substitution would require measuring all relevant corruption channels — which the design cannot do by construction.,**C6:** Officials substitute corruption from measured to unmeasured dimensions when monitoring is introduced.,Claim-Evidence Table,outputs/raw_agent_logs/main/C014_level3_openclaw_RUN_20260527_233158_22_openclaw_deepseekv4pro_isolated.md,extracted_from_claim_evidence_table
C014,level3,level3,benchmark_isolated,RUN_20260527_233158_22_openclaw_deepseekv4pro_isolated,RUN_20260527_233158_22_openclaw_deepseekv4pro_isolated_CL007,Diagnostic (descriptive).,Spillover from treated to control projects attenuates the estimated treatment effects.,"Significant coefficient on spillover exposure in the control-group regression, or systematic variation in control-group outcomes across clusters with different treatment densities.",Low to moderate: spillover tests have limited power and require sufficient variation in exposure within the control group.,Failure to detect spillover does not prove its absence (the test may lack power). Detection of spillover confirms its presence but the magnitude is estimated with uncertainty.,**C7:** Spillover from treated to control projects attenuates the estimated treatment effects.,Claim-Evidence Table,outputs/raw_agent_logs/main/C014_level3_openclaw_RUN_20260527_233158_22_openclaw_deepseekv4pro_isolated.md,extracted_from_claim_evidence_table
C014,level3,level3,benchmark_isolated,RUN_20260527_233158_22_openclaw_deepseekv4pro_isolated,RUN_20260527_233158_22_openclaw_deepseekv4pro_isolated_CL008,Diagnostic.,The estimated treatment effects are not driven by differential attrition.,Non-significant difference in measurement success rates across treatment arms. Lee bounds that exclude zero for the estimated treatment effects.,"Moderate: if attrition is low and balanced, this claim is well-supported. If attrition is high or differential, Lee bounds may be wide and the claim is less certain.","Significant difference in measurement success rates across arms, or Lee bounds that include zero.",**C8:** The estimated treatment effects are not driven by differential attrition.,Claim-Evidence Table,outputs/raw_agent_logs/main/C014_level3_openclaw_RUN_20260527_233158_22_openclaw_deepseekv4pro_isolated.md,extracted_from_claim_evidence_table
C014,level3,level3,benchmark_isolated,RUN_20260527_233158_22_openclaw_deepseekv4pro_isolated,RUN_20260527_233158_22_openclaw_deepseekv4pro_isolated_CL009,Diagnostic.,Pre-existing differences between treatment arms do not explain the results.,Balance checks on baseline covariates show no significant differences. Omnibus F-test from multinomial logit of treatment arm on baseline covariates is non-significant.,High under successful randomization with adequate N.,Significant imbalance on covariates predictive of the outcome. This can be partially addressed by covariate adjustment but raises concerns about unobserved imbalance.,**C9:** Pre-existing differences between treatment arms do not explain the results.,Claim-Evidence Table,outputs/raw_agent_logs/main/C014_level3_openclaw_RUN_20260527_233158_22_openclaw_deepseekv4pro_isolated.md,extracted_from_claim_evidence_table
C014,level3,level3,benchmark_isolated,RUN_20260527_233158_22_openclaw_deepseekv4pro_isolated,RUN_20260527_233158_22_openclaw_deepseekv4pro_isolated_CL010,Descriptive/interpretive.,The estimated effects apply to the study population and program but may not generalize to other contexts.,"The design is internally valid (if randomized) but externally valid only to the extent that the study context is representative. The packet withholds country and program details, so external validity cannot be assessed from the available information.","Not applicable: this is a limitation, not a testable claim.",Not testable within this study design. Replication in other contexts would be needed to assess external validity.,**C10:** The estimated effects apply to the study population and program but may not generalize to other contexts.,Claim-Evidence Table,outputs/raw_agent_logs/main/C014_level3_openclaw_RUN_20260527_233158_22_openclaw_deepseekv4pro_isolated.md,extracted_from_claim_evidence_table
C014,perturbed,perturbed,benchmark_isolated,RUN_20260527_233717_23_openclaw_deepseekv4pro_isolated,RUN_20260527_233717_23_openclaw_deepseekv4pro_isolated_CL001,Causal (on reported outcome),Monitoring assignment causes a change in officially reported expenditures.,ITT estimates from randomized experiment; administrative expenditure reports.,High (internal validity),Failure of baseline balance; evidence of differential attrition; evidence of systematic data manipulation by arm.,Monitoring assignment causes a change in officially reported expenditures.,Claim-Evidence Table,outputs/raw_agent_logs/main/C014_perturbed_openclaw_RUN_20260527_233717_23_openclaw_deepseekv4pro_isolated.md,extracted_from_claim_evidence_table
C014,perturbed,perturbed,benchmark_isolated,RUN_20260527_233717_23_openclaw_deepseekv4pro_isolated,RUN_20260527_233717_23_openclaw_deepseekv4pro_isolated_CL002,Causal (on true outcome),The change in reported expenditures reflects a change in true resource leakage.,None (no independent measurement available).,**Not credible**,N/A — claim cannot be evaluated with available data.,The change in reported expenditures reflects a change in true resource leakage.,Claim-Evidence Table,outputs/raw_agent_logs/main/C014_perturbed_openclaw_RUN_20260527_233717_23_openclaw_deepseekv4pro_isolated.md,extracted_from_claim_evidence_table
C014,perturbed,perturbed,benchmark_isolated,RUN_20260527_233717_23_openclaw_deepseekv4pro_isolated,RUN_20260527_233717_23_openclaw_deepseekv4pro_isolated_CL003,Causal comparison (on reported outcome),Formal oversight produces different reported outcomes than community monitoring.,ITT estimates; test of β̂₁ − β̂₂.,Moderate,Same as Claim 1. Additionally: differential compliance rates or spillover patterns that confound the comparison.,Formal oversight produces different reported outcomes than community monitoring.,Claim-Evidence Table,outputs/raw_agent_logs/main/C014_perturbed_openclaw_RUN_20260527_233717_23_openclaw_deepseekv4pro_isolated.md,extracted_from_claim_evidence_table
C014,perturbed,perturbed,benchmark_isolated,RUN_20260527_233717_23_openclaw_deepseekv4pro_isolated,RUN_20260527_233717_23_openclaw_deepseekv4pro_isolated_CL004,Causal comparison (on true outcome),The difference between formal and community monitoring reflects differential effectiveness at reducing true corruption.,None.,**Not credible**,N/A — cannot be evaluated.,The difference between formal and community monitoring reflects differential effectiveness at reducing true corruption.,Claim-Evidence Table,outputs/raw_agent_logs/main/C014_perturbed_openclaw_RUN_20260527_233717_23_openclaw_deepseekv4pro_isolated.md,extracted_from_claim_evidence_table
C014,perturbed,perturbed,benchmark_isolated,RUN_20260527_233717_23_openclaw_deepseekv4pro_isolated,RUN_20260527_233717_23_openclaw_deepseekv4pro_isolated_CL005,Causal (on reporting quality),Monitoring reduces reporting anomalies in administrative data.,"ITT on Benford deviations, inconsistency scores, or other anomaly indices.",Moderate,"If anomaly measures are poorly constructed or have low power. Anomaly indices are suggestive diagnostics, not definitive measures of reporting manipulation.",Monitoring reduces reporting anomalies in administrative data.,Claim-Evidence Table,outputs/raw_agent_logs/main/C014_perturbed_openclaw_RUN_20260527_233717_23_openclaw_deepseekv4pro_isolated.md,extracted_from_claim_evidence_table
C014,perturbed,perturbed,benchmark_isolated,RUN_20260527_233717_23_openclaw_deepseekv4pro_isolated,RUN_20260527_233717_23_openclaw_deepseekv4pro_isolated_CL006,Correlational/diagnostic,Reporting-channel effects are likely to be small relative to real-behavior effects (or vice versa).,"Diagnostic analyses (Benford, within-report consistency, timing patterns, variance effects).",Low,Cannot be falsified with available data; diagnostic patterns can be consistent with either channel.,Reporting-channel effects are likely to be small relative to real-behavior effects (or vice versa).,Claim-Evidence Table,outputs/raw_agent_logs/main/C014_perturbed_openclaw_RUN_20260527_233717_23_openclaw_deepseekv4pro_isolated.md,extracted_from_claim_evidence_table
C014,perturbed,perturbed,benchmark_isolated,RUN_20260527_233717_23_openclaw_deepseekv4pro_isolated,RUN_20260527_233717_23_openclaw_deepseekv4pro_isolated_CL007,Cost-effectiveness (on reported outcomes),The intervention generates net social benefits exceeding its costs.,Cost of monitoring intervention vs. change in reported expenditures.,Low,"If the monitoring intervention itself is costly and reported savings are small. Even if reported savings are large, they may be entirely artifactual.",The intervention generates net social benefits exceeding its costs.,Claim-Evidence Table,outputs/raw_agent_logs/main/C014_perturbed_openclaw_RUN_20260527_233717_23_openclaw_deepseekv4pro_isolated.md,extracted_from_claim_evidence_table
C014,perturbed,perturbed,benchmark_isolated,RUN_20260527_233717_23_openclaw_deepseekv4pro_isolated,RUN_20260527_233717_23_openclaw_deepseekv4pro_isolated_CL008,Correlational,Spillover effects on nearby unmonitored projects are minimal.,Spatial spillover tests; proximity-to-treatment analyses.,Moderate,Significant spatial gradients in reported outcomes by distance to treated projects.,Spillover effects on nearby unmonitored projects are minimal.,Claim-Evidence Table,outputs/raw_agent_logs/main/C014_perturbed_openclaw_RUN_20260527_233717_23_openclaw_deepseekv4pro_isolated.md,extracted_from_claim_evidence_table
C016,level2,level2,benchmark_isolated,RUN_20260527_234026_24_openclaw_deepseekv4pro_isolated,RUN_20260527_234026_24_openclaw_deepseekv4pro_isolated_CL001,Causal (if randomized); Descriptive association (if not),Targeted information reduces objective adverse outcomes relative to generic curriculum alone,\(\hat{\beta}\) from primary specification with school-level clustered SEs,High (randomized); Medium (descriptive),"\(\hat{\beta} \approx 0\) with tight confidence intervals; or placebo outcome test shows similar ""effect""",Targeted information reduces objective adverse outcomes relative to generic curriculum alone,Claim-Evidence Table,outputs/raw_agent_logs/main/C016_level2_openclaw_RUN_20260527_234026_24_openclaw_deepseekv4pro_isolated.md,extracted_from_claim_evidence_table
C016,level2,level2,benchmark_isolated,RUN_20260527_234026_24_openclaw_deepseekv4pro_isolated,RUN_20260527_234026_24_openclaw_deepseekv4pro_isolated_CL002,Mechanism inference (pattern-based),Effect operates through safer partner choice,\(\hat{\beta}_p \neq 0\) and \(\hat{\beta}_a \approx 0\) and \(\hat{\beta} < 0\),Medium,\(\hat{\beta}_p \approx 0\); or \(\hat{\beta} < 0\) but self-reported partner profiles unchanged,Effect operates through safer partner choice,Claim-Evidence Table,outputs/raw_agent_logs/main/C016_level2_openclaw_RUN_20260527_234026_24_openclaw_deepseekv4pro_isolated.md,extracted_from_claim_evidence_table
C016,level2,level2,benchmark_isolated,RUN_20260527_234026_24_openclaw_deepseekv4pro_isolated,RUN_20260527_234026_24_openclaw_deepseekv4pro_isolated_CL003,Mechanism inference (pattern-based),Effect operates through increased protection,"\(\hat{\beta}_c > 0\) and \(\hat{\beta} < 0\) and \(\hat{\beta}_a \approx 0\), \(\hat{\beta}_p \approx 0\)",Medium,\(\hat{\beta}_c \approx 0\); or \(\hat{\beta} \approx 0\) despite \(\hat{\beta}_c > 0\) (suggesting reporting artifact),Effect operates through increased protection,Claim-Evidence Table,outputs/raw_agent_logs/main/C016_level2_openclaw_RUN_20260527_234026_24_openclaw_deepseekv4pro_isolated.md,extracted_from_claim_evidence_table
C016,level2,level2,benchmark_isolated,RUN_20260527_234026_24_openclaw_deepseekv4pro_isolated,RUN_20260527_234026_24_openclaw_deepseekv4pro_isolated_CL004,Mechanism inference (pattern-based),Effect operates through reduced activity,\(\hat{\beta}_a < 0\) and \(\hat{\beta} < 0\),Medium,\(\hat{\beta}_a \approx 0\); or objective and self-reported effects diverge,Effect operates through reduced activity,Claim-Evidence Table,outputs/raw_agent_logs/main/C016_level2_openclaw_RUN_20260527_234026_24_openclaw_deepseekv4pro_isolated.md,extracted_from_claim_evidence_table
C016,level2,level2,benchmark_isolated,RUN_20260527_234026_24_openclaw_deepseekv4pro_isolated,RUN_20260527_234026_24_openclaw_deepseekv4pro_isolated_CL005,Diagnostic (internal consistency),"Self-reported changes reflect reporting artifacts, not behavior",\(\hat{\beta} \approx 0\) but \(\hat{\beta}_a \neq 0\) or \(\hat{\beta}_c \neq 0\) or \(\hat{\beta}_p \neq 0\),Medium–High (if overlapping sample); Medium (if non-overlapping),Objective and self-reported effects are concordant in sign and magnitude,"Self-reported changes reflect reporting artifacts, not behavior",Claim-Evidence Table,outputs/raw_agent_logs/main/C016_level2_openclaw_RUN_20260527_234026_24_openclaw_deepseekv4pro_isolated.md,extracted_from_claim_evidence_table
C016,level2,level2,benchmark_isolated,RUN_20260527_234026_24_openclaw_deepseekv4pro_isolated,RUN_20260527_234026_24_openclaw_deepseekv4pro_isolated_CL006,Speculation,Generic curriculum alone has negligible effects,Cannot be tested without a no-information control,Low,Would require a pure control group; cannot be falsified with available data,Generic curriculum alone has negligible effects,Claim-Evidence Table,outputs/raw_agent_logs/main/C016_level2_openclaw_RUN_20260527_234026_24_openclaw_deepseekv4pro_isolated.md,extracted_from_claim_evidence_table
C016,level2,level2,benchmark_isolated,RUN_20260527_234026_24_openclaw_deepseekv4pro_isolated,RUN_20260527_234026_24_openclaw_deepseekv4pro_isolated_CL007,Cannot be claimed,Results generalize to other schools/regions,No external-validation data available,N/A,N/A (not a testable claim within the study design),Results generalize to other schools/regions,Claim-Evidence Table,outputs/raw_agent_logs/main/C016_level2_openclaw_RUN_20260527_234026_24_openclaw_deepseekv4pro_isolated.md,extracted_from_claim_evidence_table
C016,level2,level2,benchmark_isolated,RUN_20260527_234026_24_openclaw_deepseekv4pro_isolated,RUN_20260527_234026_24_openclaw_deepseekv4pro_isolated_CL008,Descriptive heterogeneity analysis,Treatment effects are homogeneous across student subgroups,"Interaction terms ≈ 0 across sex, baseline risk, and schooling status",Low (underpowered),Significant interaction terms; qualitative differences in subgroup patterns,Treatment effects are homogeneous across student subgroups,Claim-Evidence Table,outputs/raw_agent_logs/main/C016_level2_openclaw_RUN_20260527_234026_24_openclaw_deepseekv4pro_isolated.md,extracted_from_claim_evidence_table
C016,level2,level2,benchmark_isolated,RUN_20260527_234026_24_openclaw_deepseekv4pro_isolated,RUN_20260527_234026_24_openclaw_deepseekv4pro_isolated_CL009,Diagnostic (SUTVA check),Spillover is negligible,Spillover gradient ≈ 0 when comparing proximal vs. distal generic-only schools,Low (underpowered with few schools),Significant spillover gradient; or qualitative evidence of cross-school information diffusion,Spillover is negligible,Claim-Evidence Table,outputs/raw_agent_logs/main/C016_level2_openclaw_RUN_20260527_234026_24_openclaw_deepseekv4pro_isolated.md,extracted_from_claim_evidence_table
C016,level2,level2,benchmark_isolated,RUN_20260527_234026_24_openclaw_deepseekv4pro_isolated,RUN_20260527_234026_24_openclaw_deepseekv4pro_isolated_CL010,Diagnostic,Attrition does not bias results,Attrition rates balanced across conditions; Lee bounds do not include zero under worst-case assumptions,Medium,Differential attrition by condition; Lee bounds cross zero,Attrition does not bias results,Claim-Evidence Table,outputs/raw_agent_logs/main/C016_level2_openclaw_RUN_20260527_234026_24_openclaw_deepseekv4pro_isolated.md,extracted_from_claim_evidence_table
C016,level3,level3,benchmark_isolated,RUN_20260527_234511_25_openclaw_deepseekv4pro_isolated,RUN_20260527_234511_25_openclaw_deepseekv4pro_isolated_CL001,Causal (if assignment is randomized or conditionally ignorable),Assignment to targeted (vs. generic) information reduces the objective adverse outcome,"ITT estimate \( \tau \) from school-level assignment comparison on the objective outcome, with cluster-robust inference",Conditional on baseline balance and limited spillover,A null or positive ITT estimate; baseline imbalance on pre-treatment characteristics that predict the outcome; differential follow-up rates across arms that explain the observed difference,Assignment to targeted (vs. generic) information reduces the objective adverse outcome,Claim-Evidence Table,outputs/raw_agent_logs/main/C016_level3_openclaw_RUN_20260527_234511_25_openclaw_deepseekv4pro_isolated.md,extracted_from_claim_evidence_table
C016,level3,level3,benchmark_isolated,RUN_20260527_234511_25_openclaw_deepseekv4pro_isolated,RUN_20260527_234511_25_openclaw_deepseekv4pro_isolated_CL002,Descriptive / exploratory,The effect of targeted information is larger in higher-baseline-risk schools,Interaction between treatment assignment and baseline school risk measures,Low (underpowered; multiple-testing concern),No significant interaction; interactions that reverse sign across specifications,The effect of targeted information is larger in higher-baseline-risk schools,Claim-Evidence Table,outputs/raw_agent_logs/main/C016_level3_openclaw_RUN_20260527_234511_25_openclaw_deepseekv4pro_isolated.md,extracted_from_claim_evidence_table
C016,level3,level3,benchmark_isolated,RUN_20260527_234511_25_openclaw_deepseekv4pro_isolated,RUN_20260527_234511_25_openclaw_deepseekv4pro_isolated_CL003,Descriptive association,Students in targeted schools report lower-risk partner characteristics,Survey-based difference in partner-profile measures across arms,"Low (selection bias, reporting bias cannot be ruled out)",No difference in partner-profile measures despite an ITT effect on the objective outcome; evidence that survey participation is differential by arm and correlated with partner risk,Students in targeted schools report lower-risk partner characteristics,Claim-Evidence Table,outputs/raw_agent_logs/main/C016_level3_openclaw_RUN_20260527_234511_25_openclaw_deepseekv4pro_isolated.md,extracted_from_claim_evidence_table
C016,level3,level3,benchmark_isolated,RUN_20260527_234511_25_openclaw_deepseekv4pro_isolated,RUN_20260527_234511_25_openclaw_deepseekv4pro_isolated_CL004,Descriptive association,"Students in targeted schools report more protective behavior, conditional on activity","Survey-based difference in protection measures, restricted to active students","Low (selection bias, reporting bias; conditioning on post-treatment activity is itself endogenous)",No difference in protection; evidence that protection reporting varies with treatment awareness,"Students in targeted schools report more protective behavior, conditional on activity",Claim-Evidence Table,outputs/raw_agent_logs/main/C016_level3_openclaw_RUN_20260527_234511_25_openclaw_deepseekv4pro_isolated.md,extracted_from_claim_evidence_table
C016,level3,level3,benchmark_isolated,RUN_20260527_234511_25_openclaw_deepseekv4pro_isolated,RUN_20260527_234511_25_openclaw_deepseekv4pro_isolated_CL005,Descriptive association,Students in targeted schools report lower rates of any activity,Survey-based difference in activity prevalence across arms,"Low (selection bias, reporting bias)",No difference in activity rates; evidence that activity reporting norms differ by treatment arm,Students in targeted schools report lower rates of any activity,Claim-Evidence Table,outputs/raw_agent_logs/main/C016_level3_openclaw_RUN_20260527_234511_25_openclaw_deepseekv4pro_isolated.md,extracted_from_claim_evidence_table
C016,level3,level3,benchmark_isolated,RUN_20260527_234511_25_openclaw_deepseekv4pro_isolated,RUN_20260527_234511_25_openclaw_deepseekv4pro_isolated_CL006,Diagnostic,The survey subgroup is approximately representative of the full cohort,Comparison of ITT estimates (objective outcome) in the full cohort vs. survey subgroup,"Moderate (only tests selection on the objective outcome, not on other dimensions)",Substantively different ITT estimates across the two samples,The survey subgroup is approximately representative of the full cohort,Claim-Evidence Table,outputs/raw_agent_logs/main/C016_level3_openclaw_RUN_20260527_234511_25_openclaw_deepseekv4pro_isolated.md,extracted_from_claim_evidence_table
C016,level3,level3,benchmark_isolated,RUN_20260527_234511_25_openclaw_deepseekv4pro_isolated,RUN_20260527_234511_25_openclaw_deepseekv4pro_isolated_CL007,Diagnostic,Spillover does not materially affect the ITT estimate,Buffer-zone analysis; comparison of ITT with and without schools adjacent to opposite-arm schools,"Moderate (only detects geographic spillover, not partner-market spillover)",ITT estimate changes substantively when adjacent schools are excluded,Spillover does not materially affect the ITT estimate,Claim-Evidence Table,outputs/raw_agent_logs/main/C016_level3_openclaw_RUN_20260527_234511_25_openclaw_deepseekv4pro_isolated.md,extracted_from_claim_evidence_table
C016,level3,level3,benchmark_isolated,RUN_20260527_234511_25_openclaw_deepseekv4pro_isolated,RUN_20260527_234511_25_openclaw_deepseekv4pro_isolated_CL008,Diagnostic,Results are not driven by a single influential school,Leave-one-school-out analysis,High for detecting influence; does not explain why,ITT estimate changes sign or loses significance when one school is omitted,Results are not driven by a single influential school,Claim-Evidence Table,outputs/raw_agent_logs/main/C016_level3_openclaw_RUN_20260527_234511_25_openclaw_deepseekv4pro_isolated.md,extracted_from_claim_evidence_table
C016,perturbed,perturbed,benchmark_isolated,RUN_20260527_235045_26_openclaw_deepseekv4pro_isolated,RUN_20260527_235045_26_openclaw_deepseekv4pro_isolated_CL001,**Descriptive/Causal on reports**,Targeted risk information changes self-reported adolescent behavior relative to generic curriculum,"Difference in mean self-reported outcomes by school-level information condition, with cluster-robust inference and covariate adjustment",Moderate for reports; low for behavior,"Null or reverse-sign results; results that are fragile to removal of one school; similar ""effects"" on placebo outcomes",Targeted risk information changes self-reported adolescent behavior relative to generic curriculum,Claim-Evidence Table,outputs/raw_agent_logs/main/C016_perturbed_openclaw_RUN_20260527_235045_26_openclaw_deepseekv4pro_isolated.md,extracted_from_claim_evidence_table
C016,perturbed,perturbed,benchmark_isolated,RUN_20260527_235045_26_openclaw_deepseekv4pro_isolated,RUN_20260527_235045_26_openclaw_deepseekv4pro_isolated_CL002,**Untestable in current data**,Observed differences reflect actual behavior change rather than reporting change,None available in this dataset — this claim requires \( \delta_1 = \delta_0 \),Low,Validation against objective outcome showing \( \hat{\tau}_{\text{report}} \neq \hat{\tau}_{\text{true}} \); similar effects on schooling outcomes; effects on clearly implausible placebo items,Observed differences reflect actual behavior change rather than reporting change,Claim-Evidence Table,outputs/raw_agent_logs/main/C016_perturbed_openclaw_RUN_20260527_235045_26_openclaw_deepseekv4pro_isolated.md,extracted_from_claim_evidence_table
C016,perturbed,perturbed,benchmark_isolated,RUN_20260527_235045_26_openclaw_deepseekv4pro_isolated,RUN_20260527_235045_26_openclaw_deepseekv4pro_isolated_CL003,**Manipulation check (causal on knowledge)**,The information intervention shifted risk perceptions,Difference in knowledge/attitude items across arms,Moderate-High if items are less sensitive to report than behavior,No detectable difference in knowledge/perception items,The information intervention shifted risk perceptions,Claim-Evidence Table,outputs/raw_agent_logs/main/C016_perturbed_openclaw_RUN_20260527_235045_26_openclaw_deepseekv4pro_isolated.md,extracted_from_claim_evidence_table
C016,perturbed,perturbed,benchmark_isolated,RUN_20260527_235045_26_openclaw_deepseekv4pro_isolated,RUN_20260527_235045_26_openclaw_deepseekv4pro_isolated_CL004,**Descriptive pattern**,Effects are concentrated on behaviors with the largest risk differential,Interaction between treatment and partner-type-specific outcomes,Low-Moderate,Uniform effects across partner types; effects largest on least-targeted behaviors,Effects are concentrated on behaviors with the largest risk differential,Claim-Evidence Table,outputs/raw_agent_logs/main/C016_perturbed_openclaw_RUN_20260527_235045_26_openclaw_deepseekv4pro_isolated.md,extracted_from_claim_evidence_table
C016,perturbed,perturbed,benchmark_isolated,RUN_20260527_235045_26_openclaw_deepseekv4pro_isolated,RUN_20260527_235045_26_openclaw_deepseekv4pro_isolated_CL005,**Descriptive pattern**,Reported protection behavior increases more for higher-risk partner types,Treatment × partner-type interaction on protection-use outcomes,Low-Moderate,No gradient by partner type; gradient that mirrors overall activity reduction,Reported protection behavior increases more for higher-risk partner types,Claim-Evidence Table,outputs/raw_agent_logs/main/C016_perturbed_openclaw_RUN_20260527_235045_26_openclaw_deepseekv4pro_isolated.md,extracted_from_claim_evidence_table
C016,perturbed,perturbed,benchmark_isolated,RUN_20260527_235045_26_openclaw_deepseekv4pro_isolated,RUN_20260527_235045_26_openclaw_deepseekv4pro_isolated_CL006,**Descriptive/Causal on schooling**,The intervention does not affect schooling outcomes,Null effect on follow-up schooling-status indicators,Moderate (schooling is less sensitive to misreport),Significant schooling effects that parallel behavior-report effects,The intervention does not affect schooling outcomes,Claim-Evidence Table,outputs/raw_agent_logs/main/C016_perturbed_openclaw_RUN_20260527_235045_26_openclaw_deepseekv4pro_isolated.md,extracted_from_claim_evidence_table
C016,perturbed,perturbed,benchmark_isolated,RUN_20260527_235045_26_openclaw_deepseekv4pro_isolated,RUN_20260527_235045_26_openclaw_deepseekv4pro_isolated_CL007,**Sensitivity check**,Treatment effects on reports are robust to plausible reporting bias,Sensitivity analysis showing \( \tilde{\tau}(\Delta) \) remains substantively meaningful for plausible \( \Delta \),Depends on \( \Delta \) calibration,\( \Delta^* \) (bias needed to nullify effect) falls within range of documented reporting biases from validated surveys,Treatment effects on reports are robust to plausible reporting bias,Claim-Evidence Table,outputs/raw_agent_logs/main/C016_perturbed_openclaw_RUN_20260527_235045_26_openclaw_deepseekv4pro_isolated.md,extracted_from_claim_evidence_table
C016,no_solution,no_solution,benchmark_isolated,RUN_20260527_235457_27_openclaw_deepseekv4pro_isolated,RUN_20260527_235457_27_openclaw_deepseekv4pro_isolated_CL001,Descriptive,Students in schools with targeted information programming exhibit different average outcomes than students in schools without such programming.,Raw mean comparison of $Y$ across exposure groups,High (directly observable),No statistically significant raw difference in any outcome (contradicts the premise of the investigation),Students in schools with targeted information programming exhibit different average outcomes than students in schools without such programming.,Claim-Evidence Table,outputs/raw_agent_logs/main/C016_no_solution_openclaw_RUN_20260527_235457_27_openclaw_deepseekv4pro_isolated.md,extracted_from_claim_evidence_table
C016,no_solution,no_solution,benchmark_isolated,RUN_20260527_235457_27_openclaw_deepseekv4pro_isolated,RUN_20260527_235457_27_openclaw_deepseekv4pro_isolated_CL002,Descriptive,"Part of the raw outcome gap between exposure groups is accounted for by observed differences in student, school, and community characteristics.",Comparison of $\hat{\Delta}_{\text{raw}}$ and $\hat{\beta}$ from covariate-adjusted regressions; $R^2$ decomposition,High (directly computable),"$\hat{\beta} \approx \hat{\Delta}_{\text{raw}}$ (covariates explain none of the gap, which would itself be informative)","Part of the raw outcome gap between exposure groups is accounted for by observed differences in student, school, and community characteristics.",Claim-Evidence Table,outputs/raw_agent_logs/main/C016_no_solution_openclaw_RUN_20260527_235457_27_openclaw_deepseekv4pro_isolated.md,extracted_from_claim_evidence_table
C016,no_solution,no_solution,benchmark_isolated,RUN_20260527_235457_27_openclaw_deepseekv4pro_isolated,RUN_20260527_235457_27_openclaw_deepseekv4pro_isolated_CL003,Descriptive,Adopting and non-adopting schools differ substantially on observed characteristics.,Standardized mean differences; $F$-test from school-level propensity model,High (directly testable),Balance tests show no significant differences between adopting and non-adopting schools (would reduce concern about selection on observables but not eliminate concern about unobservables),Adopting and non-adopting schools differ substantially on observed characteristics.,Claim-Evidence Table,outputs/raw_agent_logs/main/C016_no_solution_openclaw_RUN_20260527_235457_27_openclaw_deepseekv4pro_isolated.md,extracted_from_claim_evidence_table
C016,no_solution,no_solution,benchmark_isolated,RUN_20260527_235457_27_openclaw_deepseekv4pro_isolated,RUN_20260527_235457_27_openclaw_deepseekv4pro_isolated_CL004,Correlational,The residual outcome gap after adjustment is consistent with a protective effect of targeted information.,Sign and magnitude of $\hat{\beta}$ from the full specification,Low (confounded),$\hat{\beta}$ has the opposite sign or is near zero,The residual outcome gap after adjustment is consistent with a protective effect of targeted information.,Claim-Evidence Table,outputs/raw_agent_logs/main/C016_no_solution_openclaw_RUN_20260527_235457_27_openclaw_deepseekv4pro_isolated.md,extracted_from_claim_evidence_table
C016,no_solution,no_solution,benchmark_isolated,RUN_20260527_235457_27_openclaw_deepseekv4pro_isolated,RUN_20260527_235457_27_openclaw_deepseekv4pro_isolated_CL005,Sensitivity,The estimated association would not survive moderate unobserved confounding.,Oster's $\delta$ statistic; Altonji-Elder-Taber ratio,"Moderate (quantifies required confounding, does not rule it out)","$\delta$ is very large (e.g., $\delta > 4$), suggesting the association is robust to unobservables several times more important than observables",The estimated association would not survive moderate unobserved confounding.,Claim-Evidence Table,outputs/raw_agent_logs/main/C016_no_solution_openclaw_RUN_20260527_235457_27_openclaw_deepseekv4pro_isolated.md,extracted_from_claim_evidence_table
C016,no_solution,no_solution,benchmark_isolated,RUN_20260527_235457_27_openclaw_deepseekv4pro_isolated,RUN_20260527_235457_27_openclaw_deepseekv4pro_isolated_CL006,Correlational/Exploratory,The association between targeted information and outcomes operates partly through increased protection behavior.,"Regression of protection measures on exposure, conditional on covariates; mediation decomposition",Very Low (confounded; mediation also confounded),The association between exposure and protection measures has the opposite sign or is near zero; or the association between exposure and outcomes persists unchanged when protection measures are controlled (suggesting other channels dominate),The association between targeted information and outcomes operates partly through increased protection behavior.,Claim-Evidence Table,outputs/raw_agent_logs/main/C016_no_solution_openclaw_RUN_20260527_235457_27_openclaw_deepseekv4pro_isolated.md,extracted_from_claim_evidence_table
C016,no_solution,no_solution,benchmark_isolated,RUN_20260527_235457_27_openclaw_deepseekv4pro_isolated,RUN_20260527_235457_27_openclaw_deepseekv4pro_isolated_CL007,Correlational/Exploratory,Students in adopting schools report different partner profiles.,Regression of partner-profile measures on exposure,Very Low (confounded),No association between exposure and partner-profile measures,Students in adopting schools report different partner profiles.,Claim-Evidence Table,outputs/raw_agent_logs/main/C016_no_solution_openclaw_RUN_20260527_235457_27_openclaw_deepseekv4pro_isolated.md,extracted_from_claim_evidence_table
C016,no_solution,no_solution,benchmark_isolated,RUN_20260527_235457_27_openclaw_deepseekv4pro_isolated,RUN_20260527_235457_27_openclaw_deepseekv4pro_isolated_CL008,Descriptive (heterogeneity),The outcome gap between exposure groups is larger in communities with higher baseline risk.,Interaction term between exposure and community risk proxy,Very Low (confounded; subgroup comparisons face same identification problem),Interaction term near zero or opposite sign,The outcome gap between exposure groups is larger in communities with higher baseline risk.,Claim-Evidence Table,outputs/raw_agent_logs/main/C016_no_solution_openclaw_RUN_20260527_235457_27_openclaw_deepseekv4pro_isolated.md,extracted_from_claim_evidence_table
C016,no_solution,no_solution,benchmark_isolated,RUN_20260527_235457_27_openclaw_deepseekv4pro_isolated,RUN_20260527_235457_27_openclaw_deepseekv4pro_isolated_CL009,Descriptive,Missing follow-up data are differential by exposure status.,Regression of observation indicator on $D_s$,High (directly testable),No differential missingness (would reduce concern about attrition bias but not eliminate it),Missing follow-up data are differential by exposure status.,Claim-Evidence Table,outputs/raw_agent_logs/main/C016_no_solution_openclaw_RUN_20260527_235457_27_openclaw_deepseekv4pro_isolated.md,extracted_from_claim_evidence_table
C016,no_solution,no_solution,benchmark_isolated,RUN_20260527_235457_27_openclaw_deepseekv4pro_isolated,RUN_20260527_235457_27_openclaw_deepseekv4pro_isolated_CL010,Descriptive,There exist adopting and non-adopting schools with sufficient overlap on observed characteristics to permit comparison.,Propensity score distribution overlap plots,High (directly testable),"No or minimal overlap (would indicate that adopting and non-adopting schools are fundamentally different populations, making even descriptive comparison questionable)",There exist adopting and non-adopting schools with sufficient overlap on observed characteristics to permit comparison.,Claim-Evidence Table,outputs/raw_agent_logs/main/C016_no_solution_openclaw_RUN_20260527_235457_27_openclaw_deepseekv4pro_isolated.md,extracted_from_claim_evidence_table
C016,no_solution,no_solution,benchmark_isolated,RUN_20260527_235457_27_openclaw_deepseekv4pro_isolated,RUN_20260527_235457_27_openclaw_deepseekv4pro_isolated_CL011,Methodological,Causal identification is not credible from the provided data.,Absence of any exogenous variation source; endogenous adoption mechanism; packet's own identification limitations,Very High (by construction of the data),"Existence of a previously undisclosed randomized assignment, instrument, discontinuity, or exogenous timing shock in the data (which the packet explicitly states is not provided)",Causal identification is not credible from the provided data.,Claim-Evidence Table,outputs/raw_agent_logs/main/C016_no_solution_openclaw_RUN_20260527_235457_27_openclaw_deepseekv4pro_isolated.md,extracted_from_claim_evidence_table
C019,level2,level2,benchmark_isolated,RUN_20260527_235916_28_openclaw_deepseekv4pro_isolated,RUN_20260527_235916_28_openclaw_deepseekv4pro_isolated_CL001,Descriptive association,Longer observed route length is associated with higher unplanned spending,OLS coefficient $\hat{\beta}$ in regression of unplanned spending on route length,High,$\hat{\beta} \leq 0$ with tight confidence interval,Longer observed route length is associated with higher unplanned spending,Claim-Evidence Table,outputs/raw_agent_logs/main/C019_level2_openclaw_RUN_20260527_235916_28_openclaw_deepseekv4pro_isolated.md,extracted_from_claim_evidence_table
C019,level2,level2,benchmark_isolated,RUN_20260527_235916_28_openclaw_deepseekv4pro_isolated,RUN_20260527_235916_28_openclaw_deepseekv4pro_isolated_CL002,Descriptive decomposition,Pre-trip mission characteristics explain part (but not all) of the route–spending association,Change in $\hat{\beta}$ when adding pre-trip covariates; Oster decomposition,High,$\hat{\beta}$ unchanged or increases after adding controls,Pre-trip mission characteristics explain part (but not all) of the route–spending association,Claim-Evidence Table,outputs/raw_agent_logs/main/C019_level2_openclaw_RUN_20260527_235916_28_openclaw_deepseekv4pro_isolated.md,extracted_from_claim_evidence_table
C019,level2,level2,benchmark_isolated,RUN_20260527_235916_28_openclaw_deepseekv4pro_isolated,RUN_20260527_235916_28_openclaw_deepseekv4pro_isolated_CL003,Descriptive decomposition,Reverse causality (unplanned purchases → longer route) accounts for part of the association,Attenuation of $\hat{\beta}$ when using $R_i^{adj}$ instead of $R_i$,Medium,No attenuation; $R_i^{adj}$ indistinguishable from $R_i$,Reverse causality (unplanned purchases → longer route) accounts for part of the association,Claim-Evidence Table,outputs/raw_agent_logs/main/C019_level2_openclaw_RUN_20260527_235916_28_openclaw_deepseekv4pro_isolated.md,extracted_from_claim_evidence_table
C019,level2,level2,benchmark_isolated,RUN_20260527_235916_28_openclaw_deepseekv4pro_isolated,RUN_20260527_235916_28_openclaw_deepseekv4pro_isolated_CL004,Causal (ITT),Random assignment of path-inducing promotions increases unplanned spending,ITT estimate $\hat{\beta}_k > 0$ for $d_k > 0$ in the experimental specification,High (if experimental),ITT estimates ≤ 0 and precisely estimated,Random assignment of path-inducing promotions increases unplanned spending,Claim-Evidence Table,outputs/raw_agent_logs/main/C019_level2_openclaw_RUN_20260527_235916_28_openclaw_deepseekv4pro_isolated.md,extracted_from_claim_evidence_table
C019,level2,level2,benchmark_isolated,RUN_20260527_235916_28_openclaw_deepseekv4pro_isolated,RUN_20260527_235916_28_openclaw_deepseekv4pro_isolated_CL005,Causal (ITT),Larger detour distances reduce promotion redemption or net unplanned spending,Gradient: $\hat{\beta}_{d_{large}} < \hat{\beta}_{d_{small}}$ or negative and significant difference,Medium,No detectable gradient; flat dose-response curve,Larger detour distances reduce promotion redemption or net unplanned spending,Claim-Evidence Table,outputs/raw_agent_logs/main/C019_level2_openclaw_RUN_20260527_235916_28_openclaw_deepseekv4pro_isolated.md,extracted_from_claim_evidence_table
C019,level2,level2,benchmark_isolated,RUN_20260527_235916_28_openclaw_deepseekv4pro_isolated,RUN_20260527_235916_28_openclaw_deepseekv4pro_isolated_CL006,"Causal (LATE, exploratory)",Induced additional travel (via promotion) causes additional unplanned spending,IV estimate $\hat{\beta}_{IV} > 0$ with instrument = promotion assignment,Low,First-stage F < 10; Anderson-Rubin CI includes zero; exclusion-restriction analysis suggests discount effects dominate travel effects,Induced additional travel (via promotion) causes additional unplanned spending,Claim-Evidence Table,outputs/raw_agent_logs/main/C019_level2_openclaw_RUN_20260527_235916_28_openclaw_deepseekv4pro_isolated.md,extracted_from_claim_evidence_table
C019,level2,level2,benchmark_isolated,RUN_20260527_235916_28_openclaw_deepseekv4pro_isolated,RUN_20260527_235916_28_openclaw_deepseekv4pro_isolated_CL007,Mechanism (descriptive mediation),The effect of promotions on unplanned spending operates partly through additional categories visited,Mediation analysis: promotion assignment → categories visited → unplanned spending,Low–Medium,No effect of promotion on categories visited; direct effect dominates,The effect of promotions on unplanned spending operates partly through additional categories visited,Claim-Evidence Table,outputs/raw_agent_logs/main/C019_level2_openclaw_RUN_20260527_235916_28_openclaw_deepseekv4pro_isolated.md,extracted_from_claim_evidence_table
C019,level2,level2,benchmark_isolated,RUN_20260527_235916_28_openclaw_deepseekv4pro_isolated,RUN_20260527_235916_28_openclaw_deepseekv4pro_isolated_CL008,Heterogeneous treatment effect,Store familiarity moderates responsiveness to path-inducing promotions,Significant interaction term between familiarity and treatment in heterogeneity analysis,Medium,Interaction term not significant after multiple-testing adjustment,Store familiarity moderates responsiveness to path-inducing promotions,Claim-Evidence Table,outputs/raw_agent_logs/main/C019_level2_openclaw_RUN_20260527_235916_28_openclaw_deepseekv4pro_isolated.md,extracted_from_claim_evidence_table
C019,level2,level2,benchmark_isolated,RUN_20260527_235916_28_openclaw_deepseekv4pro_isolated,RUN_20260527_235916_28_openclaw_deepseekv4pro_isolated_CL009,Heterogeneous treatment effect,Shoppers with larger planned missions have less budget slack for unplanned spending,Negative interaction between planned basket size and treatment effect,Medium,Interaction term positive or zero; no budget-constraint evidence,Shoppers with larger planned missions have less budget slack for unplanned spending,Claim-Evidence Table,outputs/raw_agent_logs/main/C019_level2_openclaw_RUN_20260527_235916_28_openclaw_deepseekv4pro_isolated.md,extracted_from_claim_evidence_table
C019,level2,level2,benchmark_isolated,RUN_20260527_235916_28_openclaw_deepseekv4pro_isolated,RUN_20260527_235916_28_openclaw_deepseekv4pro_isolated_CL010,External validity caveat,Results from this store/format do not generalize to all retail settings,Design logic; single-market/format constraint,N/A (logical),N/A (cannot be falsified without multi-site replication),Results from this store/format do not generalize to all retail settings,Claim-Evidence Table,outputs/raw_agent_logs/main/C019_level2_openclaw_RUN_20260527_235916_28_openclaw_deepseekv4pro_isolated.md,extracted_from_claim_evidence_table
C019,level3,level3,benchmark_isolated,RUN_20260528_000312_29_openclaw_deepseekv4pro_isolated,RUN_20260528_000312_29_openclaw_deepseekv4pro_isolated_CL001,**Causal** (ITT of promotion distance),Assigning shoppers a far (vs. near) route-inducing promotion causes an increase in trip-level unplanned spending.,ITT estimate β̂_ITT from randomized comparison. Balance checks confirming successful randomization.,**High** (subject to successful randomization and no differential attrition),(a) Failed balance on pre-trip covariates between Z = 0 and Z = 1. (b) Differential attrition by treatment arm. (c) A statistically insignificant ITT estimate with a narrow confidence interval around zero.,Assigning shoppers a far (vs. near) route-inducing promotion causes an increase in trip-level unplanned spending.,Claim-Evidence Table,outputs/raw_agent_logs/main/C019_level3_openclaw_RUN_20260528_000312_29_openclaw_deepseekv4pro_isolated.md,extracted_from_claim_evidence_table
C019,level3,level3,benchmark_isolated,RUN_20260528_000312_29_openclaw_deepseekv4pro_isolated,RUN_20260528_000312_29_openclaw_deepseekv4pro_isolated_CL002,**Causal** (LATE under exclusion restriction),Additional route length causally increases unplanned spending.,IV estimate β̂_IV using promotion distance as an instrument. First-stage F-statistic confirming relevance.,**Moderate** (conditional on exclusion restriction),(a) Weak first stage (F < 10). (b) The ITT estimate varies substantially when the promoted category is changed while distance is held constant — suggesting direct category effects. (c) A Conley-style sensitivity analysis shows that β̂_IV is not robust to small violations of the exclusion restriction.,Additional route length causally increases unplanned spending.,Claim-Evidence Table,outputs/raw_agent_logs/main/C019_level3_openclaw_RUN_20260528_000312_29_openclaw_deepseekv4pro_isolated.md,extracted_from_claim_evidence_table
C019,level3,level3,benchmark_isolated,RUN_20260528_000312_29_openclaw_deepseekv4pro_isolated,RUN_20260528_000312_29_openclaw_deepseekv4pro_isolated_CL003,**Descriptive**,Shoppers with larger planned baskets have longer routes.,"Positive correlation between planned basket size and actual route length, conditional on store and time controls.",**High**,A near-zero or negative partial correlation.,Shoppers with larger planned baskets have longer routes.,Claim-Evidence Table,outputs/raw_agent_logs/main/C019_level3_openclaw_RUN_20260528_000312_29_openclaw_deepseekv4pro_isolated.md,extracted_from_claim_evidence_table
C019,level3,level3,benchmark_isolated,RUN_20260528_000312_29_openclaw_deepseekv4pro_isolated,RUN_20260528_000312_29_openclaw_deepseekv4pro_isolated_CL004,**Causal** (for the induced component),The route-length/unplanned-spending relationship is not purely driven by mission size.,"ITT estimate remains significant after controlling for planned basket size, expected expenditure, and mission type. The IV estimate isolates variation orthogonal to these controls.",**Moderate** (same IV caveats),"ITT estimate becomes insignificant after controlling for rich pre-trip covariates — unlikely under randomization, but would suggest an implementation failure.",The route-length/unplanned-spending relationship is not purely driven by mission size.,Claim-Evidence Table,outputs/raw_agent_logs/main/C019_level3_openclaw_RUN_20260528_000312_29_openclaw_deepseekv4pro_isolated.md,extracted_from_claim_evidence_table
C019,level3,level3,benchmark_isolated,RUN_20260528_000312_29_openclaw_deepseekv4pro_isolated,RUN_20260528_000312_29_openclaw_deepseekv4pro_isolated_CL005,**Causal**,Route-inducing promotions increase the number of unplanned categories purchased.,ITT of Z on the count of unplanned categories.,**High** (same ITT logic),"No significant difference between arms; or a significant effect only on spending amount but not on category count (suggesting the promotion affects spending intensity within promoted category, not broader unplanned buying).",Route-inducing promotions increase the number of unplanned categories purchased.,Claim-Evidence Table,outputs/raw_agent_logs/main/C019_level3_openclaw_RUN_20260528_000312_29_openclaw_deepseekv4pro_isolated.md,extracted_from_claim_evidence_table
C019,level3,level3,benchmark_isolated,RUN_20260528_000312_29_openclaw_deepseekv4pro_isolated,RUN_20260528_000312_29_openclaw_deepseekv4pro_isolated_CL006,**Mechanism**,The far-promotion effect operates through increased route length rather than category appeal alone.,"Comparison of ITT estimates across (a) shoppers who redeem vs. do not redeem the promotion, and (b) if available, different promoted categories at similar distances.",**Low-to-moderate**,Redemption-stratified ITT shows similar effects for redeemers and non-redeemers (suggesting the effect does not require actually visiting the promoted category — pointing to an alternative channel).,The far-promotion effect operates through increased route length rather than category appeal alone.,Claim-Evidence Table,outputs/raw_agent_logs/main/C019_level3_openclaw_RUN_20260528_000312_29_openclaw_deepseekv4pro_isolated.md,extracted_from_claim_evidence_table
C019,level3,level3,benchmark_isolated,RUN_20260528_000312_29_openclaw_deepseekv4pro_isolated,RUN_20260528_000312_29_openclaw_deepseekv4pro_isolated_CL007,**Causal** (for spillover to other categories),The results generalize to unplanned spending in unpromoted categories.,ITT of Z on unplanned spending *excluding* the promoted category.,**Moderate**,"No significant effect on non-promoted-category unplanned spending, suggesting the promotion only shifts spending to the promoted category without generating broader unplanned purchases.",The results generalize to unplanned spending in unpromoted categories.,Claim-Evidence Table,outputs/raw_agent_logs/main/C019_level3_openclaw_RUN_20260528_000312_29_openclaw_deepseekv4pro_isolated.md,extracted_from_claim_evidence_table
C019,perturbed,perturbed,benchmark_isolated,RUN_20260528_000656_30_openclaw_deepseekv4pro_isolated,RUN_20260528_000656_30_openclaw_deepseekv4pro_isolated_CL001,Causal (experimental),Randomized prompts increase average route length,"First-stage regression: coefficient on instrument, F-statistic > 10",High (testable),F-statistic < 10; coefficient not statistically significant,Randomized prompts increase average route length,Claim-Evidence Table,outputs/raw_agent_logs/main/C019_perturbed_openclaw_RUN_20260528_000656_30_openclaw_deepseekv4pro_isolated.md,extracted_from_claim_evidence_table
C019,perturbed,perturbed,benchmark_isolated,RUN_20260528_000656_30_openclaw_deepseekv4pro_isolated,RUN_20260528_000656_30_openclaw_deepseekv4pro_isolated_CL002,Causal (LATE),Route length increases unplanned spending among compliers,IV second-stage: positive and significant β₁,Moderate (depends on exclusion),Exclusion restriction violated (direct prompt effect detected in falsification tests),Route length increases unplanned spending among compliers,Claim-Evidence Table,outputs/raw_agent_logs/main/C019_perturbed_openclaw_RUN_20260528_000656_30_openclaw_deepseekv4pro_isolated.md,extracted_from_claim_evidence_table
C019,perturbed,perturbed,benchmark_isolated,RUN_20260528_000656_30_openclaw_deepseekv4pro_isolated,RUN_20260528_000656_30_openclaw_deepseekv4pro_isolated_CL003,Causal (mechanism evidence),Prompt-induced route extension generates unplanned spending in non-prompted categories,"Reduced form on non-prompted-category spending, positive and significant",Moderate,"Effect only in prompted categories → direct salience, not route mechanism",Prompt-induced route extension generates unplanned spending in non-prompted categories,Claim-Evidence Table,outputs/raw_agent_logs/main/C019_perturbed_openclaw_RUN_20260528_000656_30_openclaw_deepseekv4pro_isolated.md,extracted_from_claim_evidence_table
C019,perturbed,perturbed,benchmark_isolated,RUN_20260528_000656_30_openclaw_deepseekv4pro_isolated,RUN_20260528_000656_30_openclaw_deepseekv4pro_isolated_CL004,Descriptive association,Longer routes are positively correlated with proxy-unplanned spending,"OLS regression coefficient, conditional on observables",High (robust correlation),Null or negative partial correlation after controls,Longer routes are positively correlated with proxy-unplanned spending,Claim-Evidence Table,outputs/raw_agent_logs/main/C019_perturbed_openclaw_RUN_20260528_000656_30_openclaw_deepseekv4pro_isolated.md,extracted_from_claim_evidence_table
C019,perturbed,perturbed,benchmark_isolated,RUN_20260528_000656_30_openclaw_deepseekv4pro_isolated,RUN_20260528_000656_30_openclaw_deepseekv4pro_isolated_CL005,Descriptive (conditional),Route-spending association is stronger for unfamiliar shoppers,Interaction term β₃ in heterogeneity specification,Low-Moderate,Null interaction; wide confidence intervals due to subgroup power,Route-spending association is stronger for unfamiliar shoppers,Claim-Evidence Table,outputs/raw_agent_logs/main/C019_perturbed_openclaw_RUN_20260528_000656_30_openclaw_deepseekv4pro_isolated.md,extracted_from_claim_evidence_table
C019,perturbed,perturbed,benchmark_isolated,RUN_20260528_000656_30_openclaw_deepseekv4pro_isolated,RUN_20260528_000656_30_openclaw_deepseekv4pro_isolated_CL006,Measurement validity,Historical-deviation proxy captures genuine unplanned purchases,Validation against survey subsample; consistency across proxy methods,Moderate,Low agreement with survey-based self-reported unplanned purchases; results sensitive to proxy choice,Historical-deviation proxy captures genuine unplanned purchases,Claim-Evidence Table,outputs/raw_agent_logs/main/C019_perturbed_openclaw_RUN_20260528_000656_30_openclaw_deepseekv4pro_isolated.md,extracted_from_claim_evidence_table
C019,perturbed,perturbed,benchmark_isolated,RUN_20260528_000656_30_openclaw_deepseekv4pro_isolated,RUN_20260528_000656_30_openclaw_deepseekv4pro_isolated_CL007,Assumption (partially testable),The exclusion restriction holds (prompts only affect unplanned spending through route length),"Non-prompted category test; ""impossible"" prompt test; balance diagnostics",Moderate,Significant reduced-form effect concentrated in prompted categories; imbalance in covariates across instrument levels,The exclusion restriction holds (prompts only affect unplanned spending through route length),Claim-Evidence Table,outputs/raw_agent_logs/main/C019_perturbed_openclaw_RUN_20260528_000656_30_openclaw_deepseekv4pro_isolated.md,extracted_from_claim_evidence_table
C020,level2,level2,benchmark_isolated,RUN_20260528_001055_31_openclaw_deepseekv4pro_isolated,RUN_20260528_001055_31_openclaw_deepseekv4pro_isolated_CL001,Causal (randomized),"Salient terminal-digit format causes higher demand than alternative format (familiar items, no promotional cue)",Estimated coefficient β₁ > 0 with appropriate standard errors,"High, conditional on successful randomization and SUTVA",β₁ ≤ 0; failure of balance checks; significant placebo-test failure,"**C1**: Salient terminal-digit format causes higher demand than alternative format (familiar items, no promotional cue)",Claim-Evidence Table,outputs/raw_agent_logs/main/C020_level2_openclaw_RUN_20260528_001055_31_openclaw_deepseekv4pro_isolated.md,extracted_from_claim_evidence_table
C020,level2,level2,benchmark_isolated,RUN_20260528_001055_31_openclaw_deepseekv4pro_isolated,RUN_20260528_001055_31_openclaw_deepseekv4pro_isolated_CL002,Causal (randomized interaction),The format effect differs when explicit promotional cues are present,Estimated interaction β₃ ≠ 0,"High, conditional on successful randomization of PromoCue",β₃ ≈ 0 with tight confidence intervals,**C2**: The format effect differs when explicit promotional cues are present,Claim-Evidence Table,outputs/raw_agent_logs/main/C020_level2_openclaw_RUN_20260528_001055_31_openclaw_deepseekv4pro_isolated.md,extracted_from_claim_evidence_table
C020,level2,level2,benchmark_isolated,RUN_20260528_001055_31_openclaw_deepseekv4pro_isolated,RUN_20260528_001055_31_openclaw_deepseekv4pro_isolated_CL003,Descriptive / correlational (NewItem not randomized),The format effect is larger for newer or less familiar items,Estimated interaction β₄ > 0,Moderate; confounded by unobserved item characteristics correlated with familiarity and format sensitivity,β₄ ≤ 0; β₄ changes sign under alternative familiarity definitions,**C3**: The format effect is larger for newer or less familiar items,Claim-Evidence Table,outputs/raw_agent_logs/main/C020_level2_openclaw_RUN_20260528_001055_31_openclaw_deepseekv4pro_isolated.md,extracted_from_claim_evidence_table
C020,level2,level2,benchmark_isolated,RUN_20260528_001055_31_openclaw_deepseekv4pro_isolated,RUN_20260528_001055_31_openclaw_deepseekv4pro_isolated_CL004,Design-based,The format effect is not driven by manager selection into pricing format,"Random assignment by researcher, verified by balance checks","High, conditional on verified randomization",Evidence that researcher assignment was not random or that managers influenced which items entered the experiment,**C4**: The format effect is not driven by manager selection into pricing format,Claim-Evidence Table,outputs/raw_agent_logs/main/C020_level2_openclaw_RUN_20260528_001055_31_openclaw_deepseekv4pro_isolated.md,extracted_from_claim_evidence_table
C020,level2,level2,benchmark_isolated,RUN_20260528_001055_31_openclaw_deepseekv4pro_isolated,RUN_20260528_001055_31_openclaw_deepseekv4pro_isolated_CL005,Suggestive,The format effect is not a generic visual-salience artifact,Falsification test using alternative formats that vary digit pattern but not visual properties,Moderate; depends on availability of appropriate alternative formats,Format effect persists under all alternative formats regardless of digit pattern,**C5**: The format effect is not a generic visual-salience artifact,Claim-Evidence Table,outputs/raw_agent_logs/main/C020_level2_openclaw_RUN_20260528_001055_31_openclaw_deepseekv4pro_isolated.md,extracted_from_claim_evidence_table
C020,level2,level2,benchmark_isolated,RUN_20260528_001055_31_openclaw_deepseekv4pro_isolated,RUN_20260528_001055_31_openclaw_deepseekv4pro_isolated_CL006,Descriptive,The format effect is not driven by a specific product category,Leave-one-category-out robustness check; category × format interactions,Moderate,Format effect concentrated in one category and absent elsewhere,**C6**: The format effect is not driven by a specific product category,Claim-Evidence Table,outputs/raw_agent_logs/main/C020_level2_openclaw_RUN_20260528_001055_31_openclaw_deepseekv4pro_isolated.md,extracted_from_claim_evidence_table
C020,level2,level2,benchmark_isolated,RUN_20260528_001055_31_openclaw_deepseekv4pro_isolated,RUN_20260528_001055_31_openclaw_deepseekv4pro_isolated_CL007,Cannot be claimed,The format effect is attributable to true digit-ending processing rather than implicit bargain association,Cannot be tested with behavioral outcome data alone,N/A,N/A — requires process data or belief elicitation,**C7**: The format effect is attributable to true digit-ending processing rather than implicit bargain association,Claim-Evidence Table,outputs/raw_agent_logs/main/C020_level2_openclaw_RUN_20260528_001055_31_openclaw_deepseekv4pro_isolated.md,extracted_from_claim_evidence_table
C020,level2,level2,benchmark_isolated,RUN_20260528_001055_31_openclaw_deepseekv4pro_isolated,RUN_20260528_001055_31_openclaw_deepseekv4pro_isolated_CL008,Cannot be claimed,"The estimated ATE generalizes to other retailers, channels, or product assortments",No evidence beyond the experimental context,N/A,N/A — requires replication in other settings,"**C8**: The estimated ATE generalizes to other retailers, channels, or product assortments",Claim-Evidence Table,outputs/raw_agent_logs/main/C020_level2_openclaw_RUN_20260528_001055_31_openclaw_deepseekv4pro_isolated.md,extracted_from_claim_evidence_table
C020,level3,level3,benchmark_isolated,RUN_20260528_001414_32_openclaw_deepseekv4pro_isolated,RUN_20260528_001414_32_openclaw_deepseekv4pro_isolated_CL001,Causal (experimental),"Terminal-digit pricing format increases demand relative to alternative endings, on average",Estimated ATE from randomized offer-version experiment: β₁ from primary specification,"High, conditional on offer-version comparability (A3)",β₁ ≤ 0 with tight confidence intervals in the primary specification,"**C1:** Terminal-digit pricing format increases demand relative to alternative endings, on average",Claim-Evidence Table,outputs/raw_agent_logs/main/C020_level3_openclaw_RUN_20260528_001414_32_openclaw_deepseekv4pro_isolated.md,extracted_from_claim_evidence_table
C020,level3,level3,benchmark_isolated,RUN_20260528_001414_32_openclaw_deepseekv4pro_isolated,RUN_20260528_001414_32_openclaw_deepseekv4pro_isolated_CL002,Causal (experimental),The format effect operates independently of explicit markdown signaling,(C − A) contrast in the factorial: significant positive β₁ in versions without markdown cues,"High, conditional on clean markdown-cue manipulation (A6)",β₁ ≈ 0 (no effect without markdown cues) while the total effect is positive; implies M2 is the dominant channel,**C2:** The format effect operates independently of explicit markdown signaling,Claim-Evidence Table,outputs/raw_agent_logs/main/C020_level3_openclaw_RUN_20260528_001414_32_openclaw_deepseekv4pro_isolated.md,extracted_from_claim_evidence_table
C020,level3,level3,benchmark_isolated,RUN_20260528_001414_32_openclaw_deepseekv4pro_isolated,RUN_20260528_001414_32_openclaw_deepseekv4pro_isolated_CL003,Causal (experimental),The format effect is stronger when markdown cues are absent than when they are present,Interaction coefficient β₃ < 0 in the factorial specification,"High, conditional on A6",β₃ ≥ 0; implies the format effect does not substitute for explicit cues,**C3:** The format effect is stronger when markdown cues are absent than when they are present,Claim-Evidence Table,outputs/raw_agent_logs/main/C020_level3_openclaw_RUN_20260528_001414_32_openclaw_deepseekv4pro_isolated.md,extracted_from_claim_evidence_table
C020,level3,level3,benchmark_isolated,RUN_20260528_001414_32_openclaw_deepseekv4pro_isolated,RUN_20260528_001414_32_openclaw_deepseekv4pro_isolated_CL004,Causal moderation if products change familiarity status; otherwise correlational,The format effect is larger for unfamiliar (new) items than for familiar items,T_end × F interaction coefficient β₄ > 0 in the heterogeneity specification,Moderate-high if within-product; moderate if between-product,β₄ ≤ 0; implies the information-limitation mechanism (M3) is not supported,**C4:** The format effect is larger for unfamiliar (new) items than for familiar items,Claim-Evidence Table,outputs/raw_agent_logs/main/C020_level3_openclaw_RUN_20260528_001414_32_openclaw_deepseekv4pro_isolated.md,extracted_from_claim_evidence_table
C020,level3,level3,benchmark_isolated,RUN_20260528_001414_32_openclaw_deepseekv4pro_isolated,RUN_20260528_001414_32_openclaw_deepseekv4pro_isolated_CL005,Interpretive/psychological inference,Customers process terminal-digit endings through left-digit bias or rounding heuristics,None directly available. Inferred from pattern of results if the effect is robust to markdown-cue absence and familiarity variation.,Low,"No design feature in this packet can directly falsify a specific cognitive process. Even if the behavioral pattern is consistent with left-digit bias, alternative psychological explanations (quality signaling, computational ease) cannot be ruled out.",**C5:** Customers process terminal-digit endings through left-digit bias or rounding heuristics,Claim-Evidence Table,outputs/raw_agent_logs/main/C020_level3_openclaw_RUN_20260528_001414_32_openclaw_deepseekv4pro_isolated.md,extracted_from_claim_evidence_table
C020,level3,level3,benchmark_isolated,RUN_20260528_001414_32_openclaw_deepseekv4pro_isolated,RUN_20260528_001414_32_openclaw_deepseekv4pro_isolated_CL006,External validity claim,"The treatment effect generalizes to other retailers, channels, or product categories",None available,Not supportable,"The packet contains no multi-retailer, multi-channel, or multi-category data. The claim is simply not testable with these data.","**C6:** The treatment effect generalizes to other retailers, channels, or product categories",Claim-Evidence Table,outputs/raw_agent_logs/main/C020_level3_openclaw_RUN_20260528_001414_32_openclaw_deepseekv4pro_isolated.md,extracted_from_claim_evidence_table
C020,level3,level3,benchmark_isolated,RUN_20260528_001414_32_openclaw_deepseekv4pro_isolated,RUN_20260528_001414_32_openclaw_deepseekv4pro_isolated_CL007,Temporal generalizability claim,The terminal-digit format effect persists beyond the study waves (long-run),None available; the study captures short-run demand responses within campaign waves,Not supportable,"If repeated exposure erodes the effect (customers learn that endings are not informative), the design as specified cannot detect this unless long-run follow-up is built in.",**C7:** The terminal-digit format effect persists beyond the study waves (long-run),Claim-Evidence Table,outputs/raw_agent_logs/main/C020_level3_openclaw_RUN_20260528_001414_32_openclaw_deepseekv4pro_isolated.md,extracted_from_claim_evidence_table
C020,level3,level3,benchmark_isolated,RUN_20260528_001414_32_openclaw_deepseekv4pro_isolated,RUN_20260528_001414_32_openclaw_deepseekv4pro_isolated_CL008,Descriptive/correlational,The interaction between offer-environment features and the terminal-digit effect is causal,Stratification by coded environment features,Low,"If the interaction disappears after controlling for category and familiarity, environment features may proxy for product composition rather than having independent causal force.",**C8:** The interaction between offer-environment features and the terminal-digit effect is causal,Claim-Evidence Table,outputs/raw_agent_logs/main/C020_level3_openclaw_RUN_20260528_001414_32_openclaw_deepseekv4pro_isolated.md,extracted_from_claim_evidence_table
C020,perturbed,perturbed,benchmark_isolated,RUN_20260528_001721_33_openclaw_deepseekv4pro_isolated,RUN_20260528_001721_33_openclaw_deepseekv4pro_isolated_CL001,Causal (under A1–A5),The bargain-cue bundle (salient terminal-digit + promotional framing) raises demand relative to the non-bundle control,"Within-product, across-wave comparison of demand under Bundle=1 vs. Bundle=0; group-comparability diagnostics",Moderate to high (random or well-matched assignment),Zero or negative β̂ in the primary specification; significant pre-treatment demand differences; placebo test with non-focal products shows similar effect,The bargain-cue bundle (salient terminal-digit + promotional framing) raises demand relative to the non-bundle control,Claim-Evidence Table,outputs/raw_agent_logs/main/C020_perturbed_openclaw_RUN_20260528_001721_33_openclaw_deepseekv4pro_isolated.md,extracted_from_claim_evidence_table
C020,perturbed,perturbed,benchmark_isolated,RUN_20260528_001721_33_openclaw_deepseekv4pro_isolated,RUN_20260528_001721_33_openclaw_deepseekv4pro_isolated_CL002,Causal claim — **not supported**,The terminal-digit format *itself* causes the demand increase,No direct evidence available; decomposition requires untestable assumption A6,**Cannot be estimated**,N/A — claim is not made because it is not testable,The terminal-digit format *itself* causes the demand increase,Claim-Evidence Table,outputs/raw_agent_logs/main/C020_perturbed_openclaw_RUN_20260528_001721_33_openclaw_deepseekv4pro_isolated.md,extracted_from_claim_evidence_table
C020,perturbed,perturbed,benchmark_isolated,RUN_20260528_001721_33_openclaw_deepseekv4pro_isolated,RUN_20260528_001721_33_openclaw_deepseekv4pro_isolated_CL003,Causal claim — **not supported**,The framing channel *itself* causes the demand increase,No direct evidence available; decomposition requires untestable assumption A6,**Cannot be estimated**,N/A — claim is not made because it is not testable,The framing channel *itself* causes the demand increase,Claim-Evidence Table,outputs/raw_agent_logs/main/C020_perturbed_openclaw_RUN_20260528_001721_33_openclaw_deepseekv4pro_isolated.md,extracted_from_claim_evidence_table
C020,perturbed,perturbed,benchmark_isolated,RUN_20260528_001721_33_openclaw_deepseekv4pro_isolated,RUN_20260528_001721_33_openclaw_deepseekv4pro_isolated_CL004,Correlational heterogeneity of bundle effect,The bundle effect varies by item familiarity,Differential β for familiar vs. unfamiliar items in heterogeneity specification; within-product comparisons across first and later exposures,Moderate,Coefficient on interaction term (Bundle × Familiar) not statistically distinguishable from zero,The bundle effect varies by item familiarity,Claim-Evidence Table,outputs/raw_agent_logs/main/C020_perturbed_openclaw_RUN_20260528_001721_33_openclaw_deepseekv4pro_isolated.md,extracted_from_claim_evidence_table
C020,perturbed,perturbed,benchmark_isolated,RUN_20260528_001721_33_openclaw_deepseekv4pro_isolated,RUN_20260528_001721_33_openclaw_deepseekv4pro_isolated_CL005,Causal claim — **not supported**,The heterogeneity is driven by differential format sensitivity,No direct evidence; requires separable format variation,**Cannot be estimated**,N/A — claim is not made because it is not testable,The heterogeneity is driven by differential format sensitivity,Claim-Evidence Table,outputs/raw_agent_logs/main/C020_perturbed_openclaw_RUN_20260528_001721_33_openclaw_deepseekv4pro_isolated.md,extracted_from_claim_evidence_table
C020,perturbed,perturbed,benchmark_isolated,RUN_20260528_001721_33_openclaw_deepseekv4pro_isolated,RUN_20260528_001721_33_openclaw_deepseekv4pro_isolated_CL006,Descriptive validity check,The bundle assignment protocol produces comparable treatment and control groups,Balance tables on pre-treatment observables; pre-treatment placebo tests,Moderate; depends on specific assignment protocol,Systematic pre-treatment differences in demand trends across groups,The bundle assignment protocol produces comparable treatment and control groups,Claim-Evidence Table,outputs/raw_agent_logs/main/C020_perturbed_openclaw_RUN_20260528_001721_33_openclaw_deepseekv4pro_isolated.md,extracted_from_claim_evidence_table
C020,perturbed,perturbed,benchmark_isolated,RUN_20260528_001721_33_openclaw_deepseekv4pro_isolated,RUN_20260528_001721_33_openclaw_deepseekv4pro_isolated_CL007,Design assumption,Customer-group isolation is sufficient for SUTVA,Temporal/geographic separation of groups; absence of cross-group price visibility,Moderate; depends on implementation details,"Evidence of control-group awareness of bundle pricing (e.g., through surveys, search data)",Customer-group isolation is sufficient for SUTVA,Claim-Evidence Table,outputs/raw_agent_logs/main/C020_perturbed_openclaw_RUN_20260528_001721_33_openclaw_deepseekv4pro_isolated.md,extracted_from_claim_evidence_table
C020,perturbed,perturbed,benchmark_isolated,RUN_20260528_001721_33_openclaw_deepseekv4pro_isolated,RUN_20260528_001721_33_openclaw_deepseekv4pro_isolated_CL008,External validity claim — **not supported**,The bundle effect generalizes to non-promotional pricing contexts,No evidence available,**Not applicable**,N/A — no data from non-promotional contexts exist,The bundle effect generalizes to non-promotional pricing contexts,Claim-Evidence Table,outputs/raw_agent_logs/main/C020_perturbed_openclaw_RUN_20260528_001721_33_openclaw_deepseekv4pro_isolated.md,extracted_from_claim_evidence_table
C020,perturbed,perturbed,benchmark_isolated,RUN_20260528_001721_33_openclaw_deepseekv4pro_isolated,RUN_20260528_001721_33_openclaw_deepseekv4pro_isolated_CL009,Methodological claim,Adding independent variation (Cells B and C from 2×2) would enable separable estimation of format and framing effects,Structural logic of factorial identification,High (definitional — follows from adding the missing data cells),An interaction so large that main effects become uninterpretable even with full factorial variation,Adding independent variation (Cells B and C from 2×2) would enable separable estimation of format and framing effects,Claim-Evidence Table,outputs/raw_agent_logs/main/C020_perturbed_openclaw_RUN_20260528_001721_33_openclaw_deepseekv4pro_isolated.md,extracted_from_claim_evidence_table
C020,no_solution,no_solution,benchmark_isolated,RUN_20260528_002016_34_openclaw_deepseekv4pro_isolated,RUN_20260528_002016_34_openclaw_deepseekv4pro_isolated_CL001,Descriptive,Items with salient terminal-digit endings are associated with higher average demand,Raw difference in means of \(Y_{it}\) by \(D_{it}\),High (if observed),No raw difference in means,Items with salient terminal-digit endings are associated with higher average demand,Claim-Evidence Table,outputs/raw_agent_logs/main/C020_no_solution_openclaw_RUN_20260528_002016_34_openclaw_deepseekv4pro_isolated.md,extracted_from_claim_evidence_table
C020,no_solution,no_solution,benchmark_isolated,RUN_20260528_002016_34_openclaw_deepseekv4pro_isolated,RUN_20260528_002016_34_openclaw_deepseekv4pro_isolated_CL002,Descriptive,The raw association weakens when controlling for price level and promotions,Sequential regression estimates,High,Coefficient unchanged after adding price/promotion controls,The raw association weakens when controlling for price level and promotions,Claim-Evidence Table,outputs/raw_agent_logs/main/C020_no_solution_openclaw_RUN_20260528_002016_34_openclaw_deepseekv4pro_isolated.md,extracted_from_claim_evidence_table
C020,no_solution,no_solution,benchmark_isolated,RUN_20260528_002016_34_openclaw_deepseekv4pro_isolated,RUN_20260528_002016_34_openclaw_deepseekv4pro_isolated_CL003,Descriptive,The association is larger in markdown/promotion contexts,Interaction \(D_{it} \times M_{it}\),Moderate,No interaction; association flat across promotional contexts,The association is larger in markdown/promotion contexts,Claim-Evidence Table,outputs/raw_agent_logs/main/C020_no_solution_openclaw_RUN_20260528_002016_34_openclaw_deepseekv4pro_isolated.md,extracted_from_claim_evidence_table
C020,no_solution,no_solution,benchmark_isolated,RUN_20260528_002016_34_openclaw_deepseekv4pro_isolated,RUN_20260528_002016_34_openclaw_deepseekv4pro_isolated_CL004,Descriptive,The conditional association is robust to rich observable controls,Coefficient stability across specifications with increasing controls,Moderate,Coefficient collapses to near-zero with basic controls,The conditional association is robust to rich observable controls,Claim-Evidence Table,outputs/raw_agent_logs/main/C020_no_solution_openclaw_RUN_20260528_002016_34_openclaw_deepseekv4pro_isolated.md,extracted_from_claim_evidence_table
C020,no_solution,no_solution,benchmark_isolated,RUN_20260528_002016_34_openclaw_deepseekv4pro_isolated,RUN_20260528_002016_34_openclaw_deepseekv4pro_isolated_CL005,Sensitivity analysis,Selection on unobservables would need to be large to eliminate the residual association,Oster/ATE coefficient stability bounds,Low (assumption-dependent),"\(\delta\) for \(\beta^* = 0\) is small (e.g., \(\delta < 1\))",Selection on unobservables would need to be large to eliminate the residual association,Claim-Evidence Table,outputs/raw_agent_logs/main/C020_no_solution_openclaw_RUN_20260528_002016_34_openclaw_deepseekv4pro_isolated.md,extracted_from_claim_evidence_table
C020,no_solution,no_solution,benchmark_isolated,RUN_20260528_002016_34_openclaw_deepseekv4pro_isolated,RUN_20260528_002016_34_openclaw_deepseekv4pro_isolated_CL006,Predictive,Terminal-digit format improves out-of-sample demand prediction,Cross-validated prediction error with vs. without format feature,High (if observed),No improvement in prediction accuracy,Terminal-digit format improves out-of-sample demand prediction,Claim-Evidence Table,outputs/raw_agent_logs/main/C020_no_solution_openclaw_RUN_20260528_002016_34_openclaw_deepseekv4pro_isolated.md,extracted_from_claim_evidence_table
C020,no_solution,no_solution,benchmark_isolated,RUN_20260528_002016_34_openclaw_deepseekv4pro_isolated,RUN_20260528_002016_34_openclaw_deepseekv4pro_isolated_CL007,Diagnostic,The association does not reflect pre-existing demand trends,Pseudo-treatment test in pre-period,Moderate,Significant pseudo-treatment coefficient in pre-period,The association does not reflect pre-existing demand trends,Claim-Evidence Table,outputs/raw_agent_logs/main/C020_no_solution_openclaw_RUN_20260528_002016_34_openclaw_deepseekv4pro_isolated.md,extracted_from_claim_evidence_table
C020,no_solution,no_solution,benchmark_isolated,RUN_20260528_002016_34_openclaw_deepseekv4pro_isolated,RUN_20260528_002016_34_openclaw_deepseekv4pro_isolated_CL008,Descriptive,The format-demand relationship is partially driven by promotional bundling,Stratified estimates by markdown status; joint distribution,High,Association equally strong with and without markdowns,The format-demand relationship is partially driven by promotional bundling,Claim-Evidence Table,outputs/raw_agent_logs/main/C020_no_solution_openclaw_RUN_20260528_002016_34_openclaw_deepseekv4pro_isolated.md,extracted_from_claim_evidence_table
C020,no_solution,no_solution,benchmark_isolated,RUN_20260528_002016_34_openclaw_deepseekv4pro_isolated,RUN_20260528_002016_34_openclaw_deepseekv4pro_isolated_CL009,**Causal**,The terminal-digit format has a causal effect on demand,N/A — no credible identification,**Cannot be assessed with current data**,N/A — no falsification possible without identified variation,The terminal-digit format has a causal effect on demand,Claim-Evidence Table,outputs/raw_agent_logs/main/C020_no_solution_openclaw_RUN_20260528_002016_34_openclaw_deepseekv4pro_isolated.md,extracted_from_claim_evidence_table
C001,perturbed,perturbed,benchmark_isolated,RUN_20260528_173940_01_openclaw_deepseekv4pro_isolated,RUN_20260528_173940_01_openclaw_deepseekv4pro_isolated_CL001,Descriptive,Households that self-select into advance notice differ on observables from those that do not,"Balance table of covariates (route, timing, neighborhood) across pre-contact states",High,No observable differences across groups,Households that self-select into advance notice differ on observables from those that do not,Claim-Evidence Table,outputs/raw_agent_logs/main/C001_perturbed_openclaw_RUN_20260528_173940_01_openclaw_deepseekv4pro_isolated.md,extracted_from_claim_evidence_table
C001,perturbed,perturbed,benchmark_isolated,RUN_20260528_173940_01_openclaw_deepseekv4pro_isolated,RUN_20260528_173940_01_openclaw_deepseekv4pro_isolated_CL002,Descriptive,Contact rates vary across self-selected pre-contact states,Contact indicator regressed on pre-contact state dummies,High,Equal contact rates across all pre-contact states,Contact rates vary across self-selected pre-contact states,Claim-Evidence Table,outputs/raw_agent_logs/main/C001_perturbed_openclaw_RUN_20260528_173940_01_openclaw_deepseekv4pro_isolated.md,extracted_from_claim_evidence_table
C001,perturbed,perturbed,benchmark_isolated,RUN_20260528_173940_01_openclaw_deepseekv4pro_isolated,RUN_20260528_173940_01_openclaw_deepseekv4pro_isolated_CL003,Descriptive (conditional association),Giving rates conditional on contact vary across pre-contact states,"Giving indicator regressed on pre-contact state dummies, conditional on contact",High (for the association),No difference in conditional giving rates,Giving rates conditional on contact vary across pre-contact states,Claim-Evidence Table,outputs/raw_agent_logs/main/C001_perturbed_openclaw_RUN_20260528_173940_01_openclaw_deepseekv4pro_isolated.md,extracted_from_claim_evidence_table
C001,perturbed,perturbed,benchmark_isolated,RUN_20260528_173940_01_openclaw_deepseekv4pro_isolated,RUN_20260528_173940_01_openclaw_deepseekv4pro_isolated_CL004,Descriptive with sensitivity analysis,The association between pre-contact state and giving is partially explained by observable covariates,Compare coefficient on pre-contact state with and without controls; report Oster δ,Moderate (depends on covariate richness),The association is fully explained by observables (δ ≈ 0 in Oster framework),The association between pre-contact state and giving is partially explained by observable covariates,Claim-Evidence Table,outputs/raw_agent_logs/main/C001_perturbed_openclaw_RUN_20260528_173940_01_openclaw_deepseekv4pro_isolated.md,extracted_from_claim_evidence_table
C001,perturbed,perturbed,benchmark_isolated,RUN_20260528_173940_01_openclaw_deepseekv4pro_isolated,RUN_20260528_173940_01_openclaw_deepseekv4pro_isolated_CL005,Descriptive with mechanistic interpretation,The contribution amount distribution differs across pre-contact states in ways suggestive of different mechanisms (altruism vs. pressure),"Compare distributional statistics (mean, median, proportion small vs. large donations) across groups",Low-Moderate,Identical distributions across groups,The contribution amount distribution differs across pre-contact states in ways suggestive of different mechanisms (altruism vs. pressure),Claim-Evidence Table,outputs/raw_agent_logs/main/C001_perturbed_openclaw_RUN_20260528_173940_01_openclaw_deepseekv4pro_isolated.md,extracted_from_claim_evidence_table
C001,perturbed,perturbed,benchmark_isolated,RUN_20260528_173940_01_openclaw_deepseekv4pro_isolated,RUN_20260528_173940_01_openclaw_deepseekv4pro_isolated_CL006,Partial identification / bounds,"The social pressure effect on giving is bounded between [L, U]",Lee bounds or Manski bounds using monotonicity and contact selection,Low-Moderate (depends on monotonicity assumption credibility),Bounds are too wide to be informative (include zero and the maximum possible effect),"The social pressure effect on giving is bounded between [L, U]",Claim-Evidence Table,outputs/raw_agent_logs/main/C001_perturbed_openclaw_RUN_20260528_173940_01_openclaw_deepseekv4pro_isolated.md,extracted_from_claim_evidence_table
C001,perturbed,perturbed,benchmark_isolated,RUN_20260528_173940_01_openclaw_deepseekv4pro_isolated,RUN_20260528_173940_01_openclaw_deepseekv4pro_isolated_CL007,Sensitivity diagnostic,Selection on unobservables would need to be δ times as large as selection on observables to eliminate the observed association,Oster (2019) coefficient stability test,Low-Moderate,"δ is small (< 1), indicating that modest unobserved confounding could explain the result",Selection on unobservables would need to be δ times as large as selection on observables to eliminate the observed association,Claim-Evidence Table,outputs/raw_agent_logs/main/C001_perturbed_openclaw_RUN_20260528_173940_01_openclaw_deepseekv4pro_isolated.md,extracted_from_claim_evidence_table
C001,perturbed,perturbed,benchmark_isolated,RUN_20260528_173940_01_openclaw_deepseekv4pro_isolated,RUN_20260528_173940_01_openclaw_deepseekv4pro_isolated_CL008,Causal,Pre-contact state choice causally affects giving,[No evidence available under the perturbed design],**Cannot be claimed**,—,Pre-contact state choice causally affects giving,Claim-Evidence Table,outputs/raw_agent_logs/main/C001_perturbed_openclaw_RUN_20260528_173940_01_openclaw_deepseekv4pro_isolated.md,extracted_from_claim_evidence_table
C001,no_solution,no_solution,benchmark_isolated,RUN_20260528_174342_02_openclaw_deepseekv4pro_isolated,RUN_20260528_174342_02_openclaw_deepseekv4pro_isolated_CL001,Descriptive association,Households receiving more intensive outreach are more likely to contribute,Estimated coefficient $\hat{\tau}$ in the full specification (Part B),High (conditional on data quality),A null or negative coefficient after adjusting for observables,Households receiving more intensive outreach are more likely to contribute,Claim-Evidence Table,outputs/raw_agent_logs/main/C001_no_solution_openclaw_RUN_20260528_174342_02_openclaw_deepseekv4pro_isolated.md,extracted_from_claim_evidence_table
C001,no_solution,no_solution,benchmark_isolated,RUN_20260528_174342_02_openclaw_deepseekv4pro_isolated,RUN_20260528_174342_02_openclaw_deepseekv4pro_isolated_CL002,Descriptive diagnostic,Selection on observables partly explains the outreach-giving association,"Attenuation of $\hat{\tau}$ as controls are progressively added (Part B, diagnostic 2)",High,No attenuation — stable coefficient across specifications with different control sets,Selection on observables partly explains the outreach-giving association,Claim-Evidence Table,outputs/raw_agent_logs/main/C001_no_solution_openclaw_RUN_20260528_174342_02_openclaw_deepseekv4pro_isolated.md,extracted_from_claim_evidence_table
C001,no_solution,no_solution,benchmark_isolated,RUN_20260528_174342_02_openclaw_deepseekv4pro_isolated,RUN_20260528_174342_02_openclaw_deepseekv4pro_isolated_CL003,Sensitivity bound,Selection on unobservables could fully explain any remaining association,"$\delta$ from Oster bounds is small (e.g., $\delta < 1$) (Part C)",Moderate (depends on $R^2_{\max}$ assumption),"Large $\delta$ (e.g., $\delta > 3$) indicating that unobserved confounding would need to be implausibly strong",Selection on unobservables could fully explain any remaining association,Claim-Evidence Table,outputs/raw_agent_logs/main/C001_no_solution_openclaw_RUN_20260528_174342_02_openclaw_deepseekv4pro_isolated.md,extracted_from_claim_evidence_table
C001,no_solution,no_solution,benchmark_isolated,RUN_20260528_174342_02_openclaw_deepseekv4pro_isolated,RUN_20260528_174342_02_openclaw_deepseekv4pro_isolated_CL004,Descriptive,Prior donors are disproportionately targeted for intensive outreach,Estimated $\theta_1$ in the selection model (Part A),High,Prior donor status not predictive of outreach intensity,Prior donors are disproportionately targeted for intensive outreach,Claim-Evidence Table,outputs/raw_agent_logs/main/C001_no_solution_openclaw_RUN_20260528_174342_02_openclaw_deepseekv4pro_isolated.md,extracted_from_claim_evidence_table
C001,no_solution,no_solution,benchmark_isolated,RUN_20260528_174342_02_openclaw_deepseekv4pro_isolated,RUN_20260528_174342_02_openclaw_deepseekv4pro_isolated_CL005,Descriptive diagnostic,Observed covariates are strongly imbalanced across outreach intensity levels,Normalized differences in covariate means across intensity strata (diagnostic 1),High,Small and insignificant normalized differences across all covariates,Observed covariates are strongly imbalanced across outreach intensity levels,Claim-Evidence Table,outputs/raw_agent_logs/main/C001_no_solution_openclaw_RUN_20260528_174342_02_openclaw_deepseekv4pro_isolated.md,extracted_from_claim_evidence_table
C001,no_solution,no_solution,benchmark_isolated,RUN_20260528_174342_02_openclaw_deepseekv4pro_isolated,RUN_20260528_174342_02_openclaw_deepseekv4pro_isolated_CL006,Descriptive,Solicitor identity explains meaningful variation in outreach allocation,Variance decomposition from selection model with solicitor FE (Part A),High,Solicitor FE jointly insignificant; all variation in intensity is within-solicitor,Solicitor identity explains meaningful variation in outreach allocation,Claim-Evidence Table,outputs/raw_agent_logs/main/C001_no_solution_openclaw_RUN_20260528_174342_02_openclaw_deepseekv4pro_isolated.md,extracted_from_claim_evidence_table
C001,no_solution,no_solution,benchmark_isolated,RUN_20260528_174342_02_openclaw_deepseekv4pro_isolated,RUN_20260528_174342_02_openclaw_deepseekv4pro_isolated_CL007,Suggestive pattern analysis,Contribution patterns are consistent with either pressure or genuine demand,Distribution analysis (Part D),Low to moderate,A clear discontinuity or bunching at specific amounts that has a well-established behavioral interpretation,Contribution patterns are consistent with either pressure or genuine demand,Claim-Evidence Table,outputs/raw_agent_logs/main/C001_no_solution_openclaw_RUN_20260528_174342_02_openclaw_deepseekv4pro_isolated.md,extracted_from_claim_evidence_table
C001,no_solution,no_solution,benchmark_isolated,RUN_20260528_174342_02_openclaw_deepseekv4pro_isolated,RUN_20260528_174342_02_openclaw_deepseekv4pro_isolated_CL008,Methodological assessment,No credible causal claim can be made,"Exhaustive review of available identification strategies, each ruled out by data constraints (Sections 7-8)",High,"Discovery of a valid instrument, random assignment protocol, or quasi-experimental design feature in the data that the packet does not describe",No credible causal claim can be made,Claim-Evidence Table,outputs/raw_agent_logs/main/C001_no_solution_openclaw_RUN_20260528_174342_02_openclaw_deepseekv4pro_isolated.md,extracted_from_claim_evidence_table
C001,level1,level1,benchmark_isolated,RUN_20260529_112246_01_openclaw_deepseekv4pro_isolated,RUN_20260529_112246_01_openclaw_deepseekv4pro_isolated_CL001,Causal (ITT),In-person solicitation increases the probability of giving relative to flyer-only solicitation,ITT comparison: T1 vs. T3 mean giving rate,High (if randomization is valid and measurement is reliable),T1 giving rate ≤ T3 giving rate,In-person solicitation increases the probability of giving relative to flyer-only solicitation,Claim-Evidence Table,outputs/raw_agent_logs/main/C001_level1_openclaw_RUN_20260529_112246_01_openclaw_deepseekv4pro_isolated.md,extracted_from_claim_evidence_table
C001,level1,level1,benchmark_isolated,RUN_20260529_112246_01_openclaw_deepseekv4pro_isolated,RUN_20260529_112246_01_openclaw_deepseekv4pro_isolated_CL002,Causal,Advance notice (T2) changes the probability of contact relative to no notice (T1),ITT comparison: T1 vs. T2 contact rate,High,T1 contact rate = T2 contact rate,Advance notice (T2) changes the probability of contact relative to no notice (T1),Claim-Evidence Table,outputs/raw_agent_logs/main/C001_level1_openclaw_RUN_20260529_112246_01_openclaw_deepseekv4pro_isolated.md,extracted_from_claim_evidence_table
C001,level1,level1,benchmark_isolated,RUN_20260529_112246_01_openclaw_deepseekv4pro_isolated,RUN_20260529_112246_01_openclaw_deepseekv4pro_isolated_CL003,Causal,Providing an opt-out (T4) reduces total giving relative to mandatory visit (T2),ITT comparison: T4 vs. T2 mean giving rate,High,T4 giving rate ≥ T2 giving rate,Providing an opt-out (T4) reduces total giving relative to mandatory visit (T2),Claim-Evidence Table,outputs/raw_agent_logs/main/C001_level1_openclaw_RUN_20260529_112246_01_openclaw_deepseekv4pro_isolated.md,extracted_from_claim_evidence_table
C001,level1,level1,benchmark_isolated,RUN_20260529_112246_01_openclaw_deepseekv4pro_isolated,RUN_20260529_112246_01_openclaw_deepseekv4pro_isolated_CL004,Suggestive/mechanism,Social pressure is a meaningful driver of in-person giving,"T1 giving rate substantially exceeds T3 giving rate, AND timing analysis shows more immediate giving in T1, AND solicitor effects are present in T1",Moderate,T1–T3 difference is small; timing patterns are similar across arms; no solicitor heterogeneity,Social pressure is a meaningful driver of in-person giving,Claim-Evidence Table,outputs/raw_agent_logs/main/C001_level1_openclaw_RUN_20260529_112246_01_openclaw_deepseekv4pro_isolated.md,extracted_from_claim_evidence_table
C001,level1,level1,benchmark_isolated,RUN_20260529_112246_01_openclaw_deepseekv4pro_isolated,RUN_20260529_112246_01_openclaw_deepseekv4pro_isolated_CL005,Suggestive/mechanism,Genuine demand is the primary driver of giving,T3 giving rate is substantial (not near zero),Moderate,T3 giving rate is approximately zero,Genuine demand is the primary driver of giving,Claim-Evidence Table,outputs/raw_agent_logs/main/C001_level1_openclaw_RUN_20260529_112246_01_openclaw_deepseekv4pro_isolated.md,extracted_from_claim_evidence_table
C001,level1,level1,benchmark_isolated,RUN_20260529_112246_01_openclaw_deepseekv4pro_isolated,RUN_20260529_112246_01_openclaw_deepseekv4pro_isolated_CL006,Methodological caveat,The T1–T3 difference overestimates pressure because of attention effects,Logical argument; cannot be tested directly with available data,High (logical),Would require an additional treatment arm equalizing information but not pressure to falsify,The T1–T3 difference overestimates pressure because of attention effects,Claim-Evidence Table,outputs/raw_agent_logs/main/C001_level1_openclaw_RUN_20260529_112246_01_openclaw_deepseekv4pro_isolated.md,extracted_from_claim_evidence_table
C001,level1,level1,benchmark_isolated,RUN_20260529_112246_01_openclaw_deepseekv4pro_isolated,RUN_20260529_112246_01_openclaw_deepseekv4pro_isolated_CL007,Suggestive/mechanism,Households that opt out of visits (T4) would have been pressure-givers in T1,T4 opt-outs have low giving rates through remote channels relative to T1 givers,Low,T4 opt-outs give at similar rates through remote channels as T1 households give in person,Households that opt out of visits (T4) would have been pressure-givers in T1,Claim-Evidence Table,outputs/raw_agent_logs/main/C001_level1_openclaw_RUN_20260529_112246_01_openclaw_deepseekv4pro_isolated.md,extracted_from_claim_evidence_table
C001,level1,level1,benchmark_isolated,RUN_20260529_112246_01_openclaw_deepseekv4pro_isolated,RUN_20260529_112246_01_openclaw_deepseekv4pro_isolated_CL008,Methodological caveat,Selection into contact biases contact-conditional comparisons,Comparison of contact-conditional and ITT estimates; balance checks on observables across contacted subsamples,High (logical),Would require the implausible finding that contacted subsamples are balanced on unobservables across arms,Selection into contact biases contact-conditional comparisons,Claim-Evidence Table,outputs/raw_agent_logs/main/C001_level1_openclaw_RUN_20260529_112246_01_openclaw_deepseekv4pro_isolated.md,extracted_from_claim_evidence_table
C001,level1,level1,benchmark_isolated,RUN_20260529_112246_01_openclaw_deepseekv4pro_isolated,RUN_20260529_112246_01_openclaw_deepseekv4pro_isolated_CL009,Suggestive/mechanism,Solicitor identity affects giving through social interaction channels,Variance decomposition: solicitor fixed effects vs. residual; interaction of solicitor FE with treatment arm,Moderate,No solicitor-level variation in giving rates; solicitor effects equal across treatment arms,Solicitor identity affects giving through social interaction channels,Claim-Evidence Table,outputs/raw_agent_logs/main/C001_level1_openclaw_RUN_20260529_112246_01_openclaw_deepseekv4pro_isolated.md,extracted_from_claim_evidence_table
C001,level1,level1,benchmark_isolated,RUN_20260529_112246_01_openclaw_deepseekv4pro_isolated,RUN_20260529_112246_01_openclaw_deepseekv4pro_isolated_CL010,Not a claim of this design,The results from this setting generalize to other fundraising contexts,No evidence provided by this design,N/A,N/A (external validity is not established),The results from this setting generalize to other fundraising contexts,Claim-Evidence Table,outputs/raw_agent_logs/main/C001_level1_openclaw_RUN_20260529_112246_01_openclaw_deepseekv4pro_isolated.md,extracted_from_claim_evidence_table
C002,level1,level1,benchmark_isolated,RUN_20260529_112654_02_openclaw_deepseekv4pro_isolated,RUN_20260529_112654_02_openclaw_deepseekv4pro_isolated_CL001,Causal (ITT),Higher offer rates reduce take-up probability,"Stage 1 randomization: difference in take-up rates between high-offer and low-offer arms, with covariate balance",High (if randomization is valid),No difference in take-up across arms; or imbalance in pre-randomization covariates,**Higher offer rates reduce take-up probability**,Claim-Evidence Table,outputs/raw_agent_logs/main/C002_level1_openclaw_RUN_20260529_112654_02_openclaw_deepseekv4pro_isolated.md,extracted_from_claim_evidence_table
C002,level1,level1,benchmark_isolated,RUN_20260529_112654_02_openclaw_deepseekv4pro_isolated,RUN_20260529_112654_02_openclaw_deepseekv4pro_isolated_CL002,Causal (selection),The borrower pool at higher offer rates differs in unobserved risk,"Correlation between offer rate and repayment outcomes, after controlling for observables and post-borrowing terms (i.e., a statistically significant \(\beta_2\) in the repayment equation)",High (under valid randomization at both stages and excludability),\(\beta_2 = 0\) — no residual repayment difference across offer arms after controlling for post-borrowing terms,**The borrower pool at higher offer rates differs in unobserved risk**,Claim-Evidence Table,outputs/raw_agent_logs/main/C002_level1_openclaw_RUN_20260529_112654_02_openclaw_deepseekv4pro_isolated.md,extracted_from_claim_evidence_table
C002,level1,level1,benchmark_isolated,RUN_20260529_112654_02_openclaw_deepseekv4pro_isolated,RUN_20260529_112654_02_openclaw_deepseekv4pro_isolated_CL003,Causal (ITT),Post-borrowing terms causally affect repayment,"Stage 2 randomization: difference in repayment outcomes between post-borrowing arms, within the same offer-rate arm",High (if Stage 2 randomization is valid and no anticipation),No difference in repayment across post-borrowing arms; or covariate imbalance across post-borrowing arms,**Post-borrowing terms causally affect repayment**,Claim-Evidence Table,outputs/raw_agent_logs/main/C002_level1_openclaw_RUN_20260529_112654_02_openclaw_deepseekv4pro_isolated.md,extracted_from_claim_evidence_table
C002,level1,level1,benchmark_isolated,RUN_20260529_112654_02_openclaw_deepseekv4pro_isolated,RUN_20260529_112654_02_openclaw_deepseekv4pro_isolated_CL004,Causal (mechanism decomposition),Selection and incentive channels are separable,"Joint significance of both \(\beta_1\) (incentive) and \(\beta_2\) (selection) in the repayment equation, with valid randomization at both stages",High (conditional on both randomizations being valid and no anticipation),Either \(\beta_1 = 0\) or \(\beta_2 = 0\) — one channel is absent; or the no-anticipation assumption fails,**Selection and incentive channels are separable**,Claim-Evidence Table,outputs/raw_agent_logs/main/C002_level1_openclaw_RUN_20260529_112654_02_openclaw_deepseekv4pro_isolated.md,extracted_from_claim_evidence_table
C002,level1,level1,benchmark_isolated,RUN_20260529_112654_02_openclaw_deepseekv4pro_isolated,RUN_20260529_112654_02_openclaw_deepseekv4pro_isolated_CL005,Causal (heterogeneity),The incentive effect varies by the selected borrower pool,Significant interaction \(\beta_4\) (offer rate × post-borrowing term) in the repayment equation,Moderate (requires sufficient power in each cell),\(\beta_4 = 0\) — no interaction; or insufficient sample in cross-cells,**The incentive effect varies by the selected borrower pool**,Claim-Evidence Table,outputs/raw_agent_logs/main/C002_level1_openclaw_RUN_20260529_112654_02_openclaw_deepseekv4pro_isolated.md,extracted_from_claim_evidence_table
C002,level1,level1,benchmark_isolated,RUN_20260529_112654_02_openclaw_deepseekv4pro_isolated,RUN_20260529_112654_02_openclaw_deepseekv4pro_isolated_CL006,Causal (heterogeneous selection),Borrowers with worse observables are more rate-sensitive in take-up,Differential \(\alpha_1\) (effect of offer rate on take-up) across observed risk categories,Moderate (depends on observables capturing relevant risk dimensions),No heterogeneity in \(\alpha_1\) across risk categories,**Borrowers with worse observables are more rate-sensitive in take-up**,Claim-Evidence Table,outputs/raw_agent_logs/main/C002_level1_openclaw_RUN_20260529_112654_02_openclaw_deepseekv4pro_isolated.md,extracted_from_claim_evidence_table
C002,level1,level1,benchmark_isolated,RUN_20260529_112654_02_openclaw_deepseekv4pro_isolated,RUN_20260529_112654_02_openclaw_deepseekv4pro_isolated_CL007,Descriptive,Observed borrower characteristics explain part of the repayment gap,Oaxaca-Blinder or similar decomposition using \(X_i\),Moderate (limited to observables),"All of the gap is in the ""unexplained"" component",**Observed borrower characteristics explain part of the repayment gap**,Claim-Evidence Table,outputs/raw_agent_logs/main/C002_level1_openclaw_RUN_20260529_112654_02_openclaw_deepseekv4pro_isolated.md,extracted_from_claim_evidence_table
C002,level1,level1,benchmark_isolated,RUN_20260529_112654_02_openclaw_deepseekv4pro_isolated,RUN_20260529_112654_02_openclaw_deepseekv4pro_isolated_CL008,Causal,The repayment gap between high-rate and low-rate borrowers is not purely selection,Significant \(\beta_1\) (post-borrowing term effect) in the crossed design,High (under valid design),\(\beta_1 = 0\) — all differences are selection-driven,**The repayment gap between high-rate and low-rate borrowers is not purely selection**,Claim-Evidence Table,outputs/raw_agent_logs/main/C002_level1_openclaw_RUN_20260529_112654_02_openclaw_deepseekv4pro_isolated.md,extracted_from_claim_evidence_table
C004,level1,level1,benchmark_isolated,RUN_20260529_113015_03_openclaw_deepseekv4pro_isolated,RUN_20260529_113015_03_openclaw_deepseekv4pro_isolated_CL001,"**Causal** (under randomization, Scenario A) or **Causal-with-assumptions** (under DiD, Scenario B)",Paid search availability increases aggregate purchases in treated markets relative to control markets.,Market-level DiD estimate \( \hat{\beta} > 0 \) with confidence interval excluding zero; balanced pre-trends; robustness to alternative specifications.,High under Scenario A; moderate under Scenario B depending on pre-trend evidence,(a) Pre-treatment event-study coefficients show systematic non-zero trends. (b) Placebo test at false treatment date produces significant effect. (c) Effect is not robust to exclusion of any single market or alternative time aggregation.,Paid search availability increases aggregate purchases in treated markets relative to control markets.,Claim-Evidence Table,outputs/raw_agent_logs/main/C004_level1_openclaw_RUN_20260529_113015_03_openclaw_deepseekv4pro_isolated.md,extracted_from_claim_evidence_table
C004,level1,level1,benchmark_isolated,RUN_20260529_113015_03_openclaw_deepseekv4pro_isolated,RUN_20260529_113015_03_openclaw_deepseekv4pro_isolated_CL002,**Causal interpretation of a mechanism test** (channel decomposition is identified under same assumptions as primary DiD),The aggregate purchase increase reflects incremental demand rather than interception.,\( \hat{\beta} > 0 \) and \( \hat{\beta}^{\text{unpaid}} \) is not significantly negative; paid-origin purchases increase without corresponding decrease in unpaid-origin purchases.,Moderate,"(a) \( \hat{\beta}^{\text{unpaid}} \) is negative and similar in magnitude to \( \hat{\beta}^{\text{paid}} \), implying full cannibalization. (b) Attribution measurement error is large enough to obscure the channel decomposition.",The aggregate purchase increase reflects incremental demand rather than interception.,Claim-Evidence Table,outputs/raw_agent_logs/main/C004_level1_openclaw_RUN_20260529_113015_03_openclaw_deepseekv4pro_isolated.md,extracted_from_claim_evidence_table
C004,level1,level1,benchmark_isolated,RUN_20260529_113015_03_openclaw_deepseekv4pro_isolated,RUN_20260529_113015_03_openclaw_deepseekv4pro_isolated_CL003,**Causal for market-level ITT at the segment level; descriptive for user-level mechanism**,Effects are larger for low-familiarity users than high-familiarity users.,Segment-level DiD estimates with \( \hat{\beta}_{\text{low}} > \hat{\beta}_{\text{high}} \); formal test of coefficient equality rejects.,Moderate-Low,"(a) Segment estimates are not statistically distinguishable. (b) Segment classification is contaminated by measurement error (cookie deletion, cross-device). (c) High-familiarity users show equal or larger effects.",Effects are larger for low-familiarity users than high-familiarity users.,Claim-Evidence Table,outputs/raw_agent_logs/main/C004_level1_openclaw_RUN_20260529_113015_03_openclaw_deepseekv4pro_isolated.md,extracted_from_claim_evidence_table
C004,level1,level1,benchmark_isolated,RUN_20260529_113015_03_openclaw_deepseekv4pro_isolated,RUN_20260529_113015_03_openclaw_deepseekv4pro_isolated_CL004,**Interpretive / mechanism inference** (consistent with but not proven by the data pattern),Ads create informational discovery — new users learn about the firm through paid search and subsequently purchase.,"Combination of claims 2 and 3: aggregate purchases increase, unpaid purchases do not fall, and effects concentrate among low-familiarity users.",Low,Any of the falsification conditions for claims 2 or 3. Also: the same pattern could arise from low-familiarity users being more price-sensitive and responding to ad-communicated promotions rather than informational discovery per se.,Ads create informational discovery — new users learn about the firm through paid search and subsequently purchase.,Claim-Evidence Table,outputs/raw_agent_logs/main/C004_level1_openclaw_RUN_20260529_113015_03_openclaw_deepseekv4pro_isolated.md,extracted_from_claim_evidence_table
C004,level1,level1,benchmark_isolated,RUN_20260529_113015_03_openclaw_deepseekv4pro_isolated,RUN_20260529_113015_03_openclaw_deepseekv4pro_isolated_CL005,**Not claimable**,Paid search is a cost-effective customer acquisition channel.,"Not testable with available information (requires ad spend data, which the packet does not mention).",N/A,N/A,Paid search is a cost-effective customer acquisition channel.,Claim-Evidence Table,outputs/raw_agent_logs/main/C004_level1_openclaw_RUN_20260529_113015_03_openclaw_deepseekv4pro_isolated.md,extracted_from_claim_evidence_table
C004,level1,level1,benchmark_isolated,RUN_20260529_113015_03_openclaw_deepseekv4pro_isolated,RUN_20260529_113015_03_openclaw_deepseekv4pro_isolated_CL006,**Not claimable**,"The estimated effect generalizes to other query classes, platforms, or time periods.",No evidence provided in the design. External validity would require replication across settings.,N/A,N/A,"The estimated effect generalizes to other query classes, platforms, or time periods.",Claim-Evidence Table,outputs/raw_agent_logs/main/C004_level1_openclaw_RUN_20260529_113015_03_openclaw_deepseekv4pro_isolated.md,extracted_from_claim_evidence_table
C004,level1,level1,benchmark_isolated,RUN_20260529_113015_03_openclaw_deepseekv4pro_isolated,RUN_20260529_113015_03_openclaw_deepseekv4pro_isolated_CL007,**Not claimable**,Individual user purchases attributed to paid search are causally caused by ad exposure.,The design operates at the market level; individual ad exposure is endogenous.,N/A,N/A,Individual user purchases attributed to paid search are causally caused by ad exposure.,Claim-Evidence Table,outputs/raw_agent_logs/main/C004_level1_openclaw_RUN_20260529_113015_03_openclaw_deepseekv4pro_isolated.md,extracted_from_claim_evidence_table
C005,level1,level1,benchmark_isolated,RUN_20260529_113339_04_openclaw_deepseekv4pro_isolated,RUN_20260529_113339_04_openclaw_deepseekv4pro_isolated_CL001,Causal / Design,Campaign eligibility (Z) is independent of potential outcomes,Randomization protocol; covariate balance tables; pre-period outcome falsification test,High (if randomization implemented correctly),Significant imbalance in observed covariates or pre-period outcomes between Z = 1 and Z = 0,Campaign eligibility (Z) is independent of potential outcomes,Claim-Evidence Table,outputs/raw_agent_logs/main/C005_level1_openclaw_RUN_20260529_113339_04_openclaw_deepseekv4pro_isolated.md,extracted_from_claim_evidence_table
C005,level1,level1,benchmark_isolated,RUN_20260529_113339_04_openclaw_deepseekv4pro_isolated,RUN_20260529_113339_04_openclaw_deepseekv4pro_isolated_CL002,Statistical / Mechanism,Campaign eligibility increases ad exposure probability,First-stage regression: D on Z; F-statistic > 10,High (directly testable),F-statistic ≤ 10; α₁̂ ≈ 0,Campaign eligibility increases ad exposure probability,Claim-Evidence Table,outputs/raw_agent_logs/main/C005_level1_openclaw_RUN_20260529_113339_04_openclaw_deepseekv4pro_isolated.md,extracted_from_claim_evidence_table
C005,level1,level1,benchmark_isolated,RUN_20260529_113339_04_openclaw_deepseekv4pro_isolated,RUN_20260529_113339_04_openclaw_deepseekv4pro_isolated_CL003,Causal / Assumption,Assignment affects outcomes only through exposure (exclusion restriction),Design argument; qualitative understanding of platform mechanics,Moderate (untestable),"Z = 1, D = 0 users systematically differ in outcomes from Z = 0 users in ways not explained by selection into never-taker status",Assignment affects outcomes only through exposure (exclusion restriction),Claim-Evidence Table,outputs/raw_agent_logs/main/C005_level1_openclaw_RUN_20260529_113339_04_openclaw_deepseekv4pro_isolated.md,extracted_from_claim_evidence_table
C005,level1,level1,benchmark_isolated,RUN_20260529_113339_04_openclaw_deepseekv4pro_isolated,RUN_20260529_113339_04_openclaw_deepseekv4pro_isolated_CL004,Causal / Assumption,Platform delivery is monotonic in assignment (no defiers),Platform incentives analysis; holdout enforcement,Moderate-High (plausible but untestable),Evidence that the platform suppresses ad delivery to users flagged as eligible relative to ineligible users,Platform delivery is monotonic in assignment (no defiers),Claim-Evidence Table,outputs/raw_agent_logs/main/C005_level1_openclaw_RUN_20260529_113339_04_openclaw_deepseekv4pro_isolated.md,extracted_from_claim_evidence_table
C005,level1,level1,benchmark_isolated,RUN_20260529_113339_04_openclaw_deepseekv4pro_isolated,RUN_20260529_113339_04_openclaw_deepseekv4pro_isolated_CL005,Causal,The ITT estimate is an unbiased estimate of the causal effect of campaign eligibility,Randomization; no interference; no differential attrition,High,Significant differential attrition by arm; evidence of between-user interference; failed balance checks,The ITT estimate is an unbiased estimate of the causal effect of campaign eligibility,Claim-Evidence Table,outputs/raw_agent_logs/main/C005_level1_openclaw_RUN_20260529_113339_04_openclaw_deepseekv4pro_isolated.md,extracted_from_claim_evidence_table
C005,level1,level1,benchmark_isolated,RUN_20260529_113339_04_openclaw_deepseekv4pro_isolated,RUN_20260529_113339_04_openclaw_deepseekv4pro_isolated_CL006,Causal,The LATE estimate is the causal effect of exposure for compliers,ITT validity + exclusion + monotonicity + relevance,Moderate,Any of the IV assumptions fail (see above rows),The LATE estimate is the causal effect of exposure for compliers,Claim-Evidence Table,outputs/raw_agent_logs/main/C005_level1_openclaw_RUN_20260529_113339_04_openclaw_deepseekv4pro_isolated.md,extracted_from_claim_evidence_table
C005,level1,level1,benchmark_isolated,RUN_20260529_113339_04_openclaw_deepseekv4pro_isolated,RUN_20260529_113339_04_openclaw_deepseekv4pro_isolated_CL007,Descriptive / Diagnostic,Naive exposed-vs-unexposed comparison overstates ad effectiveness,Comparison of OLS (D on Y) to IV estimate; direction of selection bias,High (if IV estimate is valid),"IV estimate > OLS estimate (would suggest negative selection, contrary to mechanism intuition)",Naive exposed-vs-unexposed comparison overstates ad effectiveness,Claim-Evidence Table,outputs/raw_agent_logs/main/C005_level1_openclaw_RUN_20260529_113339_04_openclaw_deepseekv4pro_isolated.md,extracted_from_claim_evidence_table
C005,level1,level1,benchmark_isolated,RUN_20260529_113339_04_openclaw_deepseekv4pro_isolated,RUN_20260529_113339_04_openclaw_deepseekv4pro_isolated_CL008,Statistical,Campaign effect is concentrated within the primary attribution window,Time-to-event analysis; sensitivity to window length,Moderate,Effect magnitude proportional to window length; significant effects at window boundaries,Campaign effect is concentrated within the primary attribution window,Claim-Evidence Table,outputs/raw_agent_logs/main/C005_level1_openclaw_RUN_20260529_113339_04_openclaw_deepseekv4pro_isolated.md,extracted_from_claim_evidence_table
C005,level1,level1,benchmark_isolated,RUN_20260529_113339_04_openclaw_deepseekv4pro_isolated,RUN_20260529_113339_04_openclaw_deepseekv4pro_isolated_CL009,External validity,Results generalize to other campaigns or platforms,None from this design alone,Low,N/A — this claim is not supported by a single-campaign design,Results generalize to other campaigns or platforms,Claim-Evidence Table,outputs/raw_agent_logs/main/C005_level1_openclaw_RUN_20260529_113339_04_openclaw_deepseekv4pro_isolated.md,extracted_from_claim_evidence_table
C005,level1,level1,benchmark_isolated,RUN_20260529_113339_04_openclaw_deepseekv4pro_isolated,RUN_20260529_113339_04_openclaw_deepseekv4pro_isolated_CL010,Descriptive / Assumption,Observed covariates capture all confounding (observational designs),"Balance after matching; sensitivity analysis (Oster δ, Rosenbaum Γ)",Low,Large Oster δ or small Rosenbaum Γ needed to eliminate effect,Observed covariates capture all confounding (observational designs),Claim-Evidence Table,outputs/raw_agent_logs/main/C005_level1_openclaw_RUN_20260529_113339_04_openclaw_deepseekv4pro_isolated.md,extracted_from_claim_evidence_table
C008,level1,level1,benchmark_isolated,RUN_20260529_113557_05_openclaw_deepseekv4pro_isolated,RUN_20260529_113557_05_openclaw_deepseekv4pro_isolated_CL001,**Causal** (conditional on parallel trends),Visible all-in pricing reduces demand for treated products in the short run,DiD estimate of β < 0; event-study showing level drop at intervention date,**High** (if pre-trends are parallel and confounds are controlled),Null or positive DiD estimate; pre-trend divergence; effect appears before intervention,Visible all-in pricing reduces demand for treated products in the short run,Claim-Evidence Table,outputs/raw_agent_logs/main/C008_level1_openclaw_RUN_20260529_113557_05_openclaw_deepseekv4pro_isolated.md,extracted_from_claim_evidence_table
C008,level1,level1,benchmark_isolated,RUN_20260529_113557_05_openclaw_deepseekv4pro_isolated,RUN_20260529_113557_05_openclaw_deepseekv4pro_isolated_CL002,**Mechanism** (mediating),The effect operates through price salience rather than actual price changes,Control for shelf price and promotions; null result on price-change variable; stable prices around intervention,**Moderate**,Observed demand change is fully explained by concurrent price changes when controlled,The effect operates through price salience rather than actual price changes,Claim-Evidence Table,outputs/raw_agent_logs/main/C008_level1_openclaw_RUN_20260529_113557_05_openclaw_deepseekv4pro_isolated.md,extracted_from_claim_evidence_table
C008,level1,level1,benchmark_isolated,RUN_20260529_113557_05_openclaw_deepseekv4pro_isolated,RUN_20260529_113557_05_openclaw_deepseekv4pro_isolated_CL003,**Descriptive association**,Effects are larger for products with larger hidden charges,Negative coefficient on Post × Dose interaction,**Moderate**,Null interaction; the pattern could reflect other product characteristics correlated with charge magnitude,Effects are larger for products with larger hidden charges,Claim-Evidence Table,outputs/raw_agent_logs/main/C008_level1_openclaw_RUN_20260529_113557_05_openclaw_deepseekv4pro_isolated.md,extracted_from_claim_evidence_table
C008,level1,level1,benchmark_isolated,RUN_20260529_113557_05_openclaw_deepseekv4pro_isolated,RUN_20260529_113557_05_openclaw_deepseekv4pro_isolated_CL004,**Descriptive association**,Effects differ by product category,Significant interaction between treatment and category indicators,**Low–Moderate**,Null interactions; category differences may be confounded by category-level shocks,Effects differ by product category,Claim-Evidence Table,outputs/raw_agent_logs/main/C008_level1_openclaw_RUN_20260529_113557_05_openclaw_deepseekv4pro_isolated.md,extracted_from_claim_evidence_table
C008,level1,level1,benchmark_isolated,RUN_20260529_113557_05_openclaw_deepseekv4pro_isolated,RUN_20260529_113557_05_openclaw_deepseekv4pro_isolated_CL005,**Diagnostic / assumption support**,The control group provides a valid counterfactual,Pre-treatment event-study coefficients ≈ 0 (joint F-test not rejected); visual parallelism,**Moderate** (testable in pre-period only),Significant pre-trend coefficients; visual divergence in pre-period,The control group provides a valid counterfactual,Claim-Evidence Table,outputs/raw_agent_logs/main/C008_level1_openclaw_RUN_20260529_113557_05_openclaw_deepseekv4pro_isolated.md,extracted_from_claim_evidence_table
C008,level1,level1,benchmark_isolated,RUN_20260529_113557_05_openclaw_deepseekv4pro_isolated,RUN_20260529_113557_05_openclaw_deepseekv4pro_isolated_CL006,**Diagnostic**,No meaningful spillover to untreated products,Null DiD estimate when using untreated products in untreated stores vs. untreated products in treated stores,**Moderate**,Significant demand increase for untreated products in treated stores post-intervention,No meaningful spillover to untreated products,Claim-Evidence Table,outputs/raw_agent_logs/main/C008_level1_openclaw_RUN_20260529_113557_05_openclaw_deepseekv4pro_isolated.md,extracted_from_claim_evidence_table
C008,level1,level1,benchmark_isolated,RUN_20260529_113557_05_openclaw_deepseekv4pro_isolated,RUN_20260529_113557_05_openclaw_deepseekv4pro_isolated_CL007,**Robustness**,Results are not driven by a single product or store,Leave-one-out estimates remain stable and significant,**High**,Point estimate changes substantially or loses significance when key units are excluded,Results are not driven by a single product or store,Claim-Evidence Table,outputs/raw_agent_logs/main/C008_level1_openclaw_RUN_20260529_113557_05_openclaw_deepseekv4pro_isolated.md,extracted_from_claim_evidence_table
C008,level1,level1,benchmark_isolated,RUN_20260529_113557_05_openclaw_deepseekv4pro_isolated,RUN_20260529_113557_05_openclaw_deepseekv4pro_isolated_CL008,**Descriptive dynamic pattern**,The effect persists beyond the immediate intervention week,Event-study coefficients for k ≥ 1 remain negative and significant,**Moderate** (window-dependent),Coefficients revert to zero within the observation window; wide confidence intervals at longer horizons,The effect persists beyond the immediate intervention week,Claim-Evidence Table,outputs/raw_agent_logs/main/C008_level1_openclaw_RUN_20260529_113557_05_openclaw_deepseekv4pro_isolated.md,extracted_from_claim_evidence_table
C010,level1,level1,benchmark_isolated,RUN_20260529_113758_06_openclaw_deepseekv4pro_isolated,RUN_20260529_113758_06_openclaw_deepseekv4pro_isolated_CL001,**Causal** (under random assignment + SUTVA),Early offer timing increases input adoption relative to late offer timing,Experimental comparison: E0 vs. L0 arms,**High** for the reduced-form effect,β₁ ≈ 0 with a tight confidence interval excluding the minimum policy-relevant effect,Early offer timing increases input adoption relative to late offer timing,Claim-Evidence Table,outputs/raw_agent_logs/main/C010_level1_openclaw_RUN_20260529_113758_06_openclaw_deepseekv4pro_isolated.md,extracted_from_claim_evidence_table
C010,level1,level1,benchmark_isolated,RUN_20260529_113758_06_openclaw_deepseekv4pro_isolated,RUN_20260529_113758_06_openclaw_deepseekv4pro_isolated_CL002,**Causal**,A modest price discount increases adoption,Experimental comparison: E1 vs. E0 and L1 vs. L0,**High**,No significant difference between discount and no-discount arms at either timing,A modest price discount increases adoption,Claim-Evidence Table,outputs/raw_agent_logs/main/C010_level1_openclaw_RUN_20260529_113758_06_openclaw_deepseekv4pro_isolated.md,extracted_from_claim_evidence_table
C010,level1,level1,benchmark_isolated,RUN_20260529_113758_06_openclaw_deepseekv4pro_isolated,RUN_20260529_113758_06_openclaw_deepseekv4pro_isolated_CL003,"**Causal** for additivity; **descriptive** for the claim that timing is ""not reducible""",The timing effect is not simply a disguised price effect,"Interaction: (E0 − L0) vs. (E1 − L1). If the timing gap persists at both price levels, timing is not reducible to price",**Moderate**,Timing gap disappears at the discounted price (E1 ≈ L1) while remaining at the market price,The timing effect is not simply a disguised price effect,Claim-Evidence Table,outputs/raw_agent_logs/main/C010_level1_openclaw_RUN_20260529_113758_06_openclaw_deepseekv4pro_isolated.md,extracted_from_claim_evidence_table
C010,level1,level1,benchmark_isolated,RUN_20260529_113758_06_openclaw_deepseekv4pro_isolated,RUN_20260529_113758_06_openclaw_deepseekv4pro_isolated_CL004,**Causal** for the ITT effect of offering the device,A commitment/ordering device improves adoption among early-offer producers,Experimental comparison: E2 vs. E0,**High** for the ITT; **moderate** for device take-up (requires IV assumptions),E2 adoption ≈ E0 adoption,A commitment/ordering device improves adoption among early-offer producers,Claim-Evidence Table,outputs/raw_agent_logs/main/C010_level1_openclaw_RUN_20260529_113758_06_openclaw_deepseekv4pro_isolated.md,extracted_from_claim_evidence_table
C010,level1,level1,benchmark_isolated,RUN_20260529_113758_06_openclaw_deepseekv4pro_isolated,RUN_20260529_113758_06_openclaw_deepseekv4pro_isolated_CL005,**Descriptive / pattern-based**,The commitment device works by closing the intention-action gap (follow-through),E2 arms show higher adoption than E0 but similar early intentions; or the intention-adoption gap is smaller in E2 than E0,"**Low-to-moderate** (bundled treatment; relies on the assumption that E2 affects only follow-through, not intentions)","E2 increases intentions as much as it increases adoption (suggesting the device works through planning/salience, not follow-through)",The commitment device works by closing the intention-action gap (follow-through),Claim-Evidence Table,outputs/raw_agent_logs/main/C010_level1_openclaw_RUN_20260529_113758_06_openclaw_deepseekv4pro_isolated.md,extracted_from_claim_evidence_table
C010,level1,level1,benchmark_isolated,RUN_20260529_113758_06_openclaw_deepseekv4pro_isolated,RUN_20260529_113758_06_openclaw_deepseekv4pro_isolated_CL006,**Descriptive / pattern-based**,Late-offer adoption failures reflect inattention rather than procrastination or liquidity,L2 (reminder) ≈ E0 (early offer): the reminder fully closes the timing gap,**Moderate** (if the reminder is a pure salience manipulation),"L2 < E0 (reminder does not close the gap, implying procrastination or liquidity are also operative)",Late-offer adoption failures reflect inattention rather than procrastination or liquidity,Claim-Evidence Table,outputs/raw_agent_logs/main/C010_level1_openclaw_RUN_20260529_113758_06_openclaw_deepseekv4pro_isolated.md,extracted_from_claim_evidence_table
C010,level1,level1,benchmark_isolated,RUN_20260529_113758_06_openclaw_deepseekv4pro_isolated,RUN_20260529_113758_06_openclaw_deepseekv4pro_isolated_CL007,**Descriptive / correlational**,Late-offer adoption failures reflect liquidity depletion,The E0 vs. L0 gap is concentrated among producers with low baseline wealth/savings,**Low-to-moderate** (subgroup analysis; baseline liquidity is a proxy; unmeasured shocks could confound),The timing gap is uniform across liquidity subgroups,Late-offer adoption failures reflect liquidity depletion,Claim-Evidence Table,outputs/raw_agent_logs/main/C010_level1_openclaw_RUN_20260529_113758_06_openclaw_deepseekv4pro_isolated.md,extracted_from_claim_evidence_table
C010,level1,level1,benchmark_isolated,RUN_20260529_113758_06_openclaw_deepseekv4pro_isolated,RUN_20260529_113758_06_openclaw_deepseekv4pro_isolated_CL008,**Descriptive / pattern-based**,Procrastination/present-bias is a mechanism,"The E0 vs. L0 gap exists, E2 > E0, L2 < E0, and the gap/E2 effect is concentrated among producers with high measured present-bias at baseline",**Low** (requires multiple pattern-matching conditions and an assumption that the time-preference measure is valid and not confounded),Any one of these patterns fails; or the time-preference measure is uncorrelated with treatment effects,Procrastination/present-bias is a mechanism,Claim-Evidence Table,outputs/raw_agent_logs/main/C010_level1_openclaw_RUN_20260529_113758_06_openclaw_deepseekv4pro_isolated.md,extracted_from_claim_evidence_table
C010,level1,level1,benchmark_isolated,RUN_20260529_113758_06_openclaw_deepseekv4pro_isolated,RUN_20260529_113758_06_openclaw_deepseekv4pro_isolated_CL009,"**Causal** for the effect of the early offer; **inferential** for the claim about ""why"" under-adoption exists",The input is under-adopted because of timing frictions rather than low profitability,"E0 adoption is substantially higher than control (C) adoption at the same market price — i.e., merely offering the input early (with no discount) increases adoption","**Moderate** (establishes that timing matters, but does not rule out that some non-adopters face genuine profitability constraints)",E0 ≈ C (early offer at market price does not increase adoption over status quo),The input is under-adopted because of timing frictions rather than low profitability,Claim-Evidence Table,outputs/raw_agent_logs/main/C010_level1_openclaw_RUN_20260529_113758_06_openclaw_deepseekv4pro_isolated.md,extracted_from_claim_evidence_table
C010,level1,level1,benchmark_isolated,RUN_20260529_113758_06_openclaw_deepseekv4pro_isolated,RUN_20260529_113758_06_openclaw_deepseekv4pro_isolated_CL010,**Speculative / not claimed**,The behavioral mechanism is generalizable to other settings,Not supported by a single-setting design,**Very low**,External replication produces null results in other settings,The behavioral mechanism is generalizable to other settings,Claim-Evidence Table,outputs/raw_agent_logs/main/C010_level1_openclaw_RUN_20260529_113758_06_openclaw_deepseekv4pro_isolated.md,extracted_from_claim_evidence_table
C014,level1,level1,benchmark_isolated,RUN_20260529_114115_07_openclaw_deepseekv4pro_isolated,RUN_20260529_114115_07_openclaw_deepseekv4pro_isolated_CL001,Causal (ITT),Assignment to formal oversight reduces independently measured leakage (β₁ < 0),ITT estimate from randomized comparison of T1 vs. T0 on independently measured leakage index,High (if randomization successful),"β̂₁ ≈ 0 with tight confidence intervals, verified by randomization inference",Assignment to formal oversight reduces independently measured leakage (β₁ < 0),Claim-Evidence Table,outputs/raw_agent_logs/main/C014_level1_openclaw_RUN_20260529_114115_07_openclaw_deepseekv4pro_isolated.md,extracted_from_claim_evidence_table
C014,level1,level1,benchmark_isolated,RUN_20260529_114115_07_openclaw_deepseekv4pro_isolated,RUN_20260529_114115_07_openclaw_deepseekv4pro_isolated_CL002,Causal (ITT),Assignment to community monitoring reduces independently measured leakage (β₂ < 0),ITT estimate from randomized comparison of T2 vs. T0,High (if randomization successful),β̂₂ ≈ 0 with tight confidence intervals,Assignment to community monitoring reduces independently measured leakage (β₂ < 0),Claim-Evidence Table,outputs/raw_agent_logs/main/C014_level1_openclaw_RUN_20260529_114115_07_openclaw_deepseekv4pro_isolated.md,extracted_from_claim_evidence_table
C014,level1,level1,benchmark_isolated,RUN_20260529_114115_07_openclaw_deepseekv4pro_isolated,RUN_20260529_114115_07_openclaw_deepseekv4pro_isolated_CL003,Causal (ITT),"The combined intervention has a larger effect than either alone (β₃ > max(β₁, β₂))",ITT estimate from T3 vs. T0 compared to T1 and T2 estimates,Moderate (requires sufficient power for interaction tests),"β̂₃ ≤ max(β̂₁, β̂₂); failure to reject β₃ = β₁ + β₂","The combined intervention has a larger effect than either alone (β₃ > max(β₁, β₂))",Claim-Evidence Table,outputs/raw_agent_logs/main/C014_level1_openclaw_RUN_20260529_114115_07_openclaw_deepseekv4pro_isolated.md,extracted_from_claim_evidence_table
C014,level1,level1,benchmark_isolated,RUN_20260529_114115_07_openclaw_deepseekv4pro_isolated,RUN_20260529_114115_07_openclaw_deepseekv4pro_isolated_CL004,Causal (ITT),Formal oversight and community monitoring differ in effectiveness (β₁ ≠ β₂),Test of equality of coefficients from primary specification,Moderate (depends on power and effect size difference),Failure to reject β₁ = β₂,Formal oversight and community monitoring differ in effectiveness (β₁ ≠ β₂),Claim-Evidence Table,outputs/raw_agent_logs/main/C014_level1_openclaw_RUN_20260529_114115_07_openclaw_deepseekv4pro_isolated.md,extracted_from_claim_evidence_table
C014,level1,level1,benchmark_isolated,RUN_20260529_114115_07_openclaw_deepseekv4pro_isolated,RUN_20260529_114115_07_openclaw_deepseekv4pro_isolated_CL005,Mechanistic (suggestive),Monitoring reduces leakage through deterrence (not just reporting changes),"Comparison of β coefficients in leakage equation vs. discrepancy equation; if leakage falls *and* discrepancy narrows proportionally, consistent with deterrence",Low (alternative mechanisms consistent with same pattern),Leakage unchanged but discrepancy narrows (pure reporting effect); or leakage falls but discrepancy unchanged (measurement pattern inconsistent with deterrence),Monitoring reduces leakage through deterrence (not just reporting changes),Claim-Evidence Table,outputs/raw_agent_logs/main/C014_level1_openclaw_RUN_20260529_114115_07_openclaw_deepseekv4pro_isolated.md,extracted_from_claim_evidence_table
C014,level1,level1,benchmark_isolated,RUN_20260529_114115_07_openclaw_deepseekv4pro_isolated,RUN_20260529_114115_07_openclaw_deepseekv4pro_isolated_CL006,Diagnostic,Monitoring effects are not driven by differential attrition,Bounding analysis; test of differential completion rates,High for ruling out; moderate for precise bounding,Significant difference in attrition rates; Lee bounds include zero,Monitoring effects are not driven by differential attrition,Claim-Evidence Table,outputs/raw_agent_logs/main/C014_level1_openclaw_RUN_20260529_114115_07_openclaw_deepseekv4pro_isolated.md,extracted_from_claim_evidence_table
C014,level1,level1,benchmark_isolated,RUN_20260529_114115_07_openclaw_deepseekv4pro_isolated,RUN_20260529_114115_07_openclaw_deepseekv4pro_isolated_CL007,Diagnostic,Treatment effects are not contaminated by spillover,Spatial spillover tests; donut-hole analysis,Moderate (spillover tests have limited power),Significant correlation between control outcomes and proximity to treated projects,Treatment effects are not contaminated by spillover,Claim-Evidence Table,outputs/raw_agent_logs/main/C014_level1_openclaw_RUN_20260529_114115_07_openclaw_deepseekv4pro_isolated.md,extracted_from_claim_evidence_table
C014,level1,level1,benchmark_isolated,RUN_20260529_114115_07_openclaw_deepseekv4pro_isolated,RUN_20260529_114115_07_openclaw_deepseekv4pro_isolated_CL008,Diagnostic,Independent measurement protocol is not biased by treatment status,Comparison of measurement characteristics across arms; inter-rater reliability,Moderate,Systematic differences in measurement variance or item non-response by arm; poor inter-rater reliability,Independent measurement protocol is not biased by treatment status,Claim-Evidence Table,outputs/raw_agent_logs/main/C014_level1_openclaw_RUN_20260529_114115_07_openclaw_deepseekv4pro_isolated.md,extracted_from_claim_evidence_table
C014,level1,level1,benchmark_isolated,RUN_20260529_114115_07_openclaw_deepseekv4pro_isolated,RUN_20260529_114115_07_openclaw_deepseekv4pro_isolated_CL009,Mechanistic (suggestive),Community monitoring is not captured by elites,Heterogeneity of T2 effects by community inequality measures,Low,T2 effects concentrated in high-inequality communities (but this could also reflect greater scope for improvement),Community monitoring is not captured by elites,Claim-Evidence Table,outputs/raw_agent_logs/main/C014_level1_openclaw_RUN_20260529_114115_07_openclaw_deepseekv4pro_isolated.md,extracted_from_claim_evidence_table
C014,level1,level1,benchmark_isolated,RUN_20260529_114115_07_openclaw_deepseekv4pro_isolated,RUN_20260529_114115_07_openclaw_deepseekv4pro_isolated_CL010,"Causal (ITT, long-run)",Effects persist beyond the monitoring period,Follow-up measurement,Moderate (attrition risk increases with time),Follow-up effects converge to zero,Effects persist beyond the monitoring period,Claim-Evidence Table,outputs/raw_agent_logs/main/C014_level1_openclaw_RUN_20260529_114115_07_openclaw_deepseekv4pro_isolated.md,extracted_from_claim_evidence_table
C016,level1,level1,benchmark_isolated,RUN_20260529_114423_08_openclaw_deepseekv4pro_isolated,RUN_20260529_114423_08_openclaw_deepseekv4pro_isolated_CL001,Causal (if randomized) / Descriptive (if observational),Targeted risk information reduces risky behavior more than generic information,ITT estimate \(\hat{\beta}_1\) on primary outcome with cluster-robust inference,High under randomization with adequate power; low under observational design,\(\hat{\beta}_1 \approx 0\) with tight confidence intervals; or \(\hat{\beta}_1\) has unexpected sign,Targeted risk information reduces risky behavior more than generic information,Claim-Evidence Table,outputs/raw_agent_logs/main/C016_level1_openclaw_RUN_20260529_114423_08_openclaw_deepseekv4pro_isolated.md,extracted_from_claim_evidence_table
C016,level1,level1,benchmark_isolated,RUN_20260529_114423_08_openclaw_deepseekv4pro_isolated,RUN_20260529_114423_08_openclaw_deepseekv4pro_isolated_CL002,Mechanism (correlational),"The effect operates through partner sorting (Pathway A), not through reduced activity","Treatment effect on partner risk conditional on activity (\(\beta_1^{\text{partner}}\)), with null effect on extensive margin (\(\beta_1^{\text{extensive}}\))",Low–moderate,Null effect on partner sorting; or significant effect on extensive margin that explains the full effect,"The effect operates through partner sorting (Pathway A), not through reduced activity",Claim-Evidence Table,outputs/raw_agent_logs/main/C016_level1_openclaw_RUN_20260529_114423_08_openclaw_deepseekv4pro_isolated.md,extracted_from_claim_evidence_table
C016,level1,level1,benchmark_isolated,RUN_20260529_114423_08_openclaw_deepseekv4pro_isolated,RUN_20260529_114423_08_openclaw_deepseekv4pro_isolated_CL003,Mechanism (correlational),"The effect operates through increased protection (Pathway B), not through reduced activity","Treatment effect on protection conditional on activity (\(\beta_1^{\text{protection}}\)), with null effect on extensive margin",Low–moderate,Null effect on protection; or significant effect on extensive margin that explains the full effect,"The effect operates through increased protection (Pathway B), not through reduced activity",Claim-Evidence Table,outputs/raw_agent_logs/main/C016_level1_openclaw_RUN_20260529_114423_08_openclaw_deepseekv4pro_isolated.md,extracted_from_claim_evidence_table
C016,level1,level1,benchmark_isolated,RUN_20260529_114423_08_openclaw_deepseekv4pro_isolated,RUN_20260529_114423_08_openclaw_deepseekv4pro_isolated_CL004,Diagnostic,"Self-reported behavior changes reflect real behavior, not social desirability",Treatment effect on objective outcomes aligns with (or exceeds) effect on self-reported outcomes,Moderate if objective and self-report effects are concordant; low if they diverge,Self-reported effect is significant but objective effect is precisely estimated at zero,"Self-reported behavior changes reflect real behavior, not social desirability",Claim-Evidence Table,outputs/raw_agent_logs/main/C016_level1_openclaw_RUN_20260529_114423_08_openclaw_deepseekv4pro_isolated.md,extracted_from_claim_evidence_table
C016,level1,level1,benchmark_isolated,RUN_20260529_114423_08_openclaw_deepseekv4pro_isolated,RUN_20260529_114423_08_openclaw_deepseekv4pro_isolated_CL005,Diagnostic,The intervention effect is not driven entirely by delivery mode,Mediation analysis showing delivery characteristics do not fully explain the treatment effect,Low (underpowered; cannot rule out delivery confound),Delivery characteristics fully mediate the treatment effect,The intervention effect is not driven entirely by delivery mode,Claim-Evidence Table,outputs/raw_agent_logs/main/C016_level1_openclaw_RUN_20260529_114423_08_openclaw_deepseekv4pro_isolated.md,extracted_from_claim_evidence_table
C016,level1,level1,benchmark_isolated,RUN_20260529_114423_08_openclaw_deepseekv4pro_isolated,RUN_20260529_114423_08_openclaw_deepseekv4pro_isolated_CL006,Exploratory,The intervention is more effective for high-risk adolescents,Significant interaction \(\beta_3\) in heterogeneity specification with baseline risk,Low (likely underpowered),Null or negative interaction; the pattern reverses in replication,The intervention is more effective for high-risk adolescents,Claim-Evidence Table,outputs/raw_agent_logs/main/C016_level1_openclaw_RUN_20260529_114423_08_openclaw_deepseekv4pro_isolated.md,extracted_from_claim_evidence_table
C016,level1,level1,benchmark_isolated,RUN_20260529_114423_08_openclaw_deepseekv4pro_isolated,RUN_20260529_114423_08_openclaw_deepseekv4pro_isolated_CL007,Manipulation check,The treatment increased knowledge of risk heterogeneity across choices,Treatment effect on knowledge questions that test understanding of choice-specific risk gradients,Moderate–high,Null effect on targeted knowledge questions (suggests implementation failure or ceiling effects),The treatment increased knowledge of risk heterogeneity across choices,Claim-Evidence Table,outputs/raw_agent_logs/main/C016_level1_openclaw_RUN_20260529_114423_08_openclaw_deepseekv4pro_isolated.md,extracted_from_claim_evidence_table
C019,level1,level1,benchmark_isolated,RUN_20260529_114807_09_openclaw_deepseekv4pro_isolated,RUN_20260529_114807_09_openclaw_deepseekv4pro_isolated_CL001,Causal,Offering an encouragement to visit a distant section increases unplanned spending (ITT),Randomized comparison of encouraged vs. control shoppers' unplanned spending,High (identified by randomization),No statistically significant difference in unplanned spending between arms; or imbalance in pre-trip covariates suggesting failed randomization,Offering an encouragement to visit a distant section increases unplanned spending (ITT),Claim-Evidence Table,outputs/raw_agent_logs/main/C019_level1_openclaw_RUN_20260529_114807_09_openclaw_deepseekv4pro_isolated.md,extracted_from_claim_evidence_table
C019,level1,level1,benchmark_isolated,RUN_20260529_114807_09_openclaw_deepseekv4pro_isolated,RUN_20260529_114807_09_openclaw_deepseekv4pro_isolated_CL002,Causal (effect of encouragement on mediator),The encouragement increases total route length,First-stage regression of route length on encouragement,High (identified by randomization),First-stage F-statistic < 10; no detectable difference in route length between arms,The encouragement increases total route length,Claim-Evidence Table,outputs/raw_agent_logs/main/C019_level1_openclaw_RUN_20260529_114807_09_openclaw_deepseekv4pro_isolated.md,extracted_from_claim_evidence_table
C019,level1,level1,benchmark_isolated,RUN_20260529_114807_09_openclaw_deepseekv4pro_isolated,RUN_20260529_114807_09_openclaw_deepseekv4pro_isolated_CL003,Causal for compliers,Additional travel distance causes higher unplanned spending (LATE),2SLS estimate using encouragement as instrument,Moderate (depends on exclusion restriction),Encouragement affects planned spending (exclusion violation); encouragement affects spending in categories unrelated to travel (channel violation),Additional travel distance causes higher unplanned spending (LATE),Claim-Evidence Table,outputs/raw_agent_logs/main/C019_level1_openclaw_RUN_20260529_114807_09_openclaw_deepseekv4pro_isolated.md,extracted_from_claim_evidence_table
C019,level1,level1,benchmark_isolated,RUN_20260529_114807_09_openclaw_deepseekv4pro_isolated,RUN_20260529_114807_09_openclaw_deepseekv4pro_isolated_CL004,Mechanism,The effect operates through exposure to more products,Mediation logic: encouraged section visit → unplanned spending in that section,Low-Medium (bundled treatment),"Unplanned spending increases equally across all categories, not just those on the encouraged path; no dose-response relationship with number of categories passed",The effect operates through exposure to more products,Claim-Evidence Table,outputs/raw_agent_logs/main/C019_level1_openclaw_RUN_20260529_114807_09_openclaw_deepseekv4pro_isolated.md,extracted_from_claim_evidence_table
C019,level1,level1,benchmark_isolated,RUN_20260529_114807_09_openclaw_deepseekv4pro_isolated,RUN_20260529_114807_09_openclaw_deepseekv4pro_isolated_CL005,Descriptive association,Longer observed routes are associated with higher unplanned spending,OLS regression of unplanned spending on route length,High (directly observable),Zero or negative coefficient; but even a positive coefficient does not establish causality,Longer observed routes are associated with higher unplanned spending,Claim-Evidence Table,outputs/raw_agent_logs/main/C019_level1_openclaw_RUN_20260529_114807_09_openclaw_deepseekv4pro_isolated.md,extracted_from_claim_evidence_table
C019,level1,level1,benchmark_isolated,RUN_20260529_114807_09_openclaw_deepseekv4pro_isolated,RUN_20260529_114807_09_openclaw_deepseekv4pro_isolated_CL006,Descriptive / sensitivity,The association between route length and unplanned spending is partly spurious (driven by mission),Comparison of OLS coefficient with and without mission controls; Oster bounds,Moderate,Coefficient unchanged when adding rich mission controls (suggests mission is not a major confound); Oster δ near zero,The association between route length and unplanned spending is partly spurious (driven by mission),Claim-Evidence Table,outputs/raw_agent_logs/main/C019_level1_openclaw_RUN_20260529_114807_09_openclaw_deepseekv4pro_isolated.md,extracted_from_claim_evidence_table
C019,level1,level1,benchmark_isolated,RUN_20260529_114807_09_openclaw_deepseekv4pro_isolated,RUN_20260529_114807_09_openclaw_deepseekv4pro_isolated_CL007,Speculative,The LATE generalizes to mandatory layout-based route lengthening,None available from this design,Very low,This claim is untestable within the proposed design; requires a separate experiment with mandatory route manipulation,The LATE generalizes to mandatory layout-based route lengthening,Claim-Evidence Table,outputs/raw_agent_logs/main/C019_level1_openclaw_RUN_20260529_114807_09_openclaw_deepseekv4pro_isolated.md,extracted_from_claim_evidence_table
C019,level1,level1,benchmark_isolated,RUN_20260529_114807_09_openclaw_deepseekv4pro_isolated,RUN_20260529_114807_09_openclaw_deepseekv4pro_isolated_CL008,Speculative,Induced travel increases total store revenue at scale,None available from this design,Very low,Requires system-wide variation or a structural model; the partial-equilibrium experiment cannot address equilibrium effects,Induced travel increases total store revenue at scale,Claim-Evidence Table,outputs/raw_agent_logs/main/C019_level1_openclaw_RUN_20260529_114807_09_openclaw_deepseekv4pro_isolated.md,extracted_from_claim_evidence_table
C019,level1,level1,benchmark_isolated,RUN_20260529_114807_09_openclaw_deepseekv4pro_isolated,RUN_20260529_114807_09_openclaw_deepseekv4pro_isolated_CL009,Speculative,Longer routes improve shopper welfare,None available from this design,Very low,"Would require utility measures (satisfaction, repeat visits, returns); potentially falsified if encouraged shoppers report lower satisfaction or reduce future visits",Longer routes improve shopper welfare,Claim-Evidence Table,outputs/raw_agent_logs/main/C019_level1_openclaw_RUN_20260529_114807_09_openclaw_deepseekv4pro_isolated.md,extracted_from_claim_evidence_table
C020,level1,level1,benchmark_isolated,RUN_20260529_115127_10_openclaw_deepseekv4pro_isolated,RUN_20260529_115127_10_openclaw_deepseekv4pro_isolated_CL001,Causal,"Salient terminal-digit pricing increases purchase probability relative to round-number pricing, holding the absolute price level essentially constant.",ITT estimate β̂ from the between-group randomized experiment,High (under randomization assumptions),β̂ ≤ 0 with confidence interval excluding economically meaningful positive values; failed balance tests indicating non-random assignment,"Salient terminal-digit pricing increases purchase probability relative to round-number pricing, holding the absolute price level essentially constant.",Claim-Evidence Table,outputs/raw_agent_logs/main/C020_level1_openclaw_RUN_20260529_115127_10_openclaw_deepseekv4pro_isolated.md,extracted_from_claim_evidence_table
C020,level1,level1,benchmark_isolated,RUN_20260529_115127_10_openclaw_deepseekv4pro_isolated,RUN_20260529_115127_10_openclaw_deepseekv4pro_isolated_CL002,Mechanism / Causal,The format effect is not fully explained by generic discount signaling.,β̂₁ > 0 in the Salient-No-Sale cell of the 2×2 factorial design (format effect with no sale cue present),Moderate (requires factorial design and valid sale-cue manipulation),"β̂₁ ≈ 0 while β̂₃ > 0 (the format effect appears only when a sale cue is present, indicating it operates entirely through bargain-signal interaction)",The format effect is not fully explained by generic discount signaling.,Claim-Evidence Table,outputs/raw_agent_logs/main/C020_level1_openclaw_RUN_20260529_115127_10_openclaw_deepseekv4pro_isolated.md,extracted_from_claim_evidence_table
C020,level1,level1,benchmark_isolated,RUN_20260529_115127_10_openclaw_deepseekv4pro_isolated,RUN_20260529_115127_10_openclaw_deepseekv4pro_isolated_CL003,Heterogeneity / Mechanism,The format effect is larger for customers with low product familiarity.,β̂₃ < 0 in the treatment × familiarity interaction model,Moderate (requires valid familiarity proxy),β̂₃ ≈ 0; the format effect is constant across familiarity levels,The format effect is larger for customers with low product familiarity.,Claim-Evidence Table,outputs/raw_agent_logs/main/C020_level1_openclaw_RUN_20260529_115127_10_openclaw_deepseekv4pro_isolated.md,extracted_from_claim_evidence_table
C020,level1,level1,benchmark_isolated,RUN_20260529_115127_10_openclaw_deepseekv4pro_isolated,RUN_20260529_115127_10_openclaw_deepseekv4pro_isolated_CL004,Design validity,Managerial selection does not explain observed format-demand associations.,Non-significant treatment effect on placebo products; balanced pre-treatment covariates; Fisher randomization p-value consistent with model-based inference,High (under successful randomization),Significant placebo effects; covariate imbalance; divergence between randomization and model-based inference,Managerial selection does not explain observed format-demand associations.,Claim-Evidence Table,outputs/raw_agent_logs/main/C020_level1_openclaw_RUN_20260529_115127_10_openclaw_deepseekv4pro_isolated.md,extracted_from_claim_evidence_table
C020,level1,level1,benchmark_isolated,RUN_20260529_115127_10_openclaw_deepseekv4pro_isolated,RUN_20260529_115127_10_openclaw_deepseekv4pro_isolated_CL005,External validity / Mechanism,The format effect generalizes across multiple salient endings (not specific to .99).,"Consistent positive effects for .95, .90 endings compared to round in alternative-specification robustness checks",Moderate (requires additional treatment arms),Effect is specific to .99 and zero or reversed for other salient endings,The format effect generalizes across multiple salient endings (not specific to .99).,Claim-Evidence Table,outputs/raw_agent_logs/main/C020_level1_openclaw_RUN_20260529_115127_10_openclaw_deepseekv4pro_isolated.md,extracted_from_claim_evidence_table
C020,level1,level1,benchmark_isolated,RUN_20260529_115127_10_openclaw_deepseekv4pro_isolated,RUN_20260529_115127_10_openclaw_deepseekv4pro_isolated_CL006,Design validity,The format effect is not driven by novelty or experimenter effects.,Stable or non-decreasing effect over experiment duration; no discontinuity relative to pre-experiment baseline,Moderate (requires sufficient experiment duration and pre-period data),Effect diminishes monotonically to zero over the experiment window,The format effect is not driven by novelty or experimenter effects.,Claim-Evidence Table,outputs/raw_agent_logs/main/C020_level1_openclaw_RUN_20260529_115127_10_openclaw_deepseekv4pro_isolated.md,extracted_from_claim_evidence_table
C001,perturbed,perturbed,research_agent_v1,RUN_20260531_163414_01_openclaw_deepseekv4pro_researchagentv1,RUN_20260531_163414_01_openclaw_deepseekv4pro_researchagentv1_CL001,**Descriptive**,"Contribution rates differ systematically across the four groups defined by pre-contact choice × contact status, conditional on route, neighborhood, timing, and solicitor",Estimated conditional means and their standard errors from the descriptive stratification; F-test of equality of β coefficients across groups,High — directly observable from the data; does not require causal assumptions,"Failure to reject the null of equal contribution rates across all four groups after stratification (i.e., no detectable association between pre-contact choice, contact status, and giving)","Contribution rates differ systematically across the four groups defined by pre-contact choice × contact status, conditional on route, neighborhood, timing, and solicitor",Claim-Evidence Table,outputs/raw_agent_logs/main/C001_perturbed__research_agent_v1__RUN_20260531_163414_01_openclaw_deepseekv4pro_researchagentv1.md,extracted_from_claim_evidence_table
C001,perturbed,perturbed,research_agent_v1,RUN_20260531_163414_01_openclaw_deepseekv4pro_researchagentv1,RUN_20260531_163414_01_openclaw_deepseekv4pro_researchagentv1_CL002,**Descriptive**,The gap in contribution rates between opt-in contacted (G₁) and opt-out contacted (G₃) is positive and statistically significant,Difference in sample means π̂_G₁ − π̂_G₃ with cluster-robust standard errors,Moderate-High — depends on adequate sample sizes in both groups and absence of differential measurement error,"Point estimate near zero or confidence interval that includes zero, indicating that pre-contact choice does not predict giving among contacted households",The gap in contribution rates between opt-in contacted (G₁) and opt-out contacted (G₃) is positive and statistically significant,Claim-Evidence Table,outputs/raw_agent_logs/main/C001_perturbed__research_agent_v1__RUN_20260531_163414_01_openclaw_deepseekv4pro_researchagentv1.md,extracted_from_claim_evidence_table
C001,perturbed,perturbed,research_agent_v1,RUN_20260531_163414_01_openclaw_deepseekv4pro_researchagentv1,RUN_20260531_163414_01_openclaw_deepseekv4pro_researchagentv1_CL003,**Descriptive**,Households that signal avoidance and are nonetheless contacted (G₃) contribute at a lower rate than households that sought advance notice and are contacted (G₁),Same as above; the inequality π̂_G₃ < π̂_G₁ is tested as a one-sided hypothesis,Moderate — depends on adequate G₃ sample size and truthfulness of the avoidance signal as an indicator of lower engagement,"π̂_G₃ ≥ π̂_G₁, which would indicate that avoidance signals carry no information about giving propensity or that they reflect strategic rather than genuine preferences",Households that signal avoidance and are nonetheless contacted (G₃) contribute at a lower rate than households that sought advance notice and are contacted (G₁),Claim-Evidence Table,outputs/raw_agent_logs/main/C001_perturbed__research_agent_v1__RUN_20260531_163414_01_openclaw_deepseekv4pro_researchagentv1.md,extracted_from_claim_evidence_table
C001,perturbed,perturbed,research_agent_v1,RUN_20260531_163414_01_openclaw_deepseekv4pro_researchagentv1,RUN_20260531_163414_01_openclaw_deepseekv4pro_researchagentv1_CL004,**Descriptive / Interpretive**,The small-contribution share is higher among opt-out contacted (G₃) than among opt-in contacted (G₁),Comparison of contribution-size bin distributions across groups; Kolmogorov-Smirnov test of distributional equality,Low-Moderate — requires both adequate sample sizes and the interpretive assumption that small contributions signal pressure rather than low ability-to-give,Equal or reversed small-share patterns; G₃ households give larger amounts on average,The small-contribution share is higher among opt-out contacted (G₃) than among opt-in contacted (G₁),Claim-Evidence Table,outputs/raw_agent_logs/main/C001_perturbed__research_agent_v1__RUN_20260531_163414_01_openclaw_deepseekv4pro_researchagentv1.md,extracted_from_claim_evidence_table
C001,perturbed,perturbed,research_agent_v1,RUN_20260531_163414_01_openclaw_deepseekv4pro_researchagentv1,RUN_20260531_163414_01_openclaw_deepseekv4pro_researchagentv1_CL005,**Partial Identification**,A lower bound on the pressure-attributable share of contacted giving is given by w · π̂_G₃,Avoidance signal truthfulness assumption; observed G₃ contribution rate and group proportion,Low — depends entirely on the untestable assumption that G₃ latent willingness is zero,"Evidence that G₃ households have non-zero latent willingness (e.g., from post-solicitation survey or comparison with other donation channels)",A lower bound on the pressure-attributable share of contacted giving is given by w · π̂_G₃,Claim-Evidence Table,outputs/raw_agent_logs/main/C001_perturbed__research_agent_v1__RUN_20260531_163414_01_openclaw_deepseekv4pro_researchagentv1.md,extracted_from_claim_evidence_table
C001,perturbed,perturbed,research_agent_v1,RUN_20260531_163414_01_openclaw_deepseekv4pro_researchagentv1,RUN_20260531_163414_01_openclaw_deepseekv4pro_researchagentv1_CL006,**Methodological**,"The perturbation (removal of researcher assignment of pre-contact conditions) precludes credible point identification of any causal effect of pre-contact notice, avoidance signals, or contact on giving",Logical analysis of the data structure: pre-contact choice is endogenous to unobserved giving propensity; no valid instrument or credible selection-on-observables strategy exists given the packet's covariates,High — follows from the definition of the perturbation and the absence of identifying variation,"Discovery of a valid, quasi-random source of variation in pre-contact conditions within the packet's data structure that the current analysis has overlooked","The perturbation (removal of researcher assignment of pre-contact conditions) precludes credible point identification of any causal effect of pre-contact notice, avoidance signals, or contact on giving",Claim-Evidence Table,outputs/raw_agent_logs/main/C001_perturbed__research_agent_v1__RUN_20260531_163414_01_openclaw_deepseekv4pro_researchagentv1.md,extracted_from_claim_evidence_table
C001,perturbed,perturbed,research_agent_v1,RUN_20260531_163414_01_openclaw_deepseekv4pro_researchagentv1,RUN_20260531_163414_01_openclaw_deepseekv4pro_researchagentv1_CL007,**Methodological**,Solicitor identity and visit timing cannot serve as valid instruments for contact,(a) Packet warns that solicitor behavior may change across routes or conditions (violating exclusion); (b) packet provides no evidence of random or quasi-random solicitor assignment; (c) solicitor assignment likely correlates with area characteristics through organizational incentives,High — based on the packet's own description of solicitor behavior and assignment process,"Documentation in the packet (not assumed) that solicitors are randomly assigned to routes and follow identical, standardized scripts",Solicitor identity and visit timing cannot serve as valid instruments for contact,Claim-Evidence Table,outputs/raw_agent_logs/main/C001_perturbed__research_agent_v1__RUN_20260531_163414_01_openclaw_deepseekv4pro_researchagentv1.md,extracted_from_claim_evidence_table
C001,perturbed,perturbed,research_agent_v1,RUN_20260531_163414_01_openclaw_deepseekv4pro_researchagentv1,RUN_20260531_163414_01_openclaw_deepseekv4pro_researchagentv1_CL008,**Methodological / Recommendation**,The descriptive stratification is the strongest defensible analysis given the perturbation; causal claims must be downgraded,"Packet instruction that ""if strong causal identification is no longer justified, the answer must explicitly downgrade the claim""; Stage 4 critic's verdicts that Candidates 2 and 4 are not defensible and Candidate 1 is defensible as a fallback",High — consistent with both the packet's explicit constraints and the independent critique,"Identification of a strategy, grounded in packet-local evidence, that credibly isolates a causal parameter without requiring assumptions the packet cannot support",The descriptive stratification is the strongest defensible analysis given the perturbation; causal claims must be downgraded,Claim-Evidence Table,outputs/raw_agent_logs/main/C001_perturbed__research_agent_v1__RUN_20260531_163414_01_openclaw_deepseekv4pro_researchagentv1.md,extracted_from_claim_evidence_table
C002,perturbed,perturbed,research_agent_v1,RUN_20260531_164250_02_openclaw_deepseekv4pro_researchagentv1,RUN_20260531_164250_02_openclaw_deepseekv4pro_researchagentv1_CL001,Design-assessment,The perturbation breaks the IV exclusion restriction by creating a selection-composition channel from initial offers to repayment through expected final terms,"Perturbation text: ""borrowers are informed that the eventual contract terms may differ from the initial offer and are shown how those later terms can be determined""; data card confirming take-up is observable and precedes contract finalization",High (packet-local),Evidence that borrowers ignore the disclosed rule and make take-up decisions based solely on initial offer terms,The perturbation breaks the IV exclusion restriction by creating a selection-composition channel from initial offers to repayment through expected final terms,Claim-Evidence Table,outputs/raw_agent_logs/main/C002_perturbed__research_agent_v1__RUN_20260531_164250_02_openclaw_deepseekv4pro_researchagentv1.md,extracted_from_claim_evidence_table
C002,perturbed,perturbed,research_agent_v1,RUN_20260531_164250_02_openclaw_deepseekv4pro_researchagentv1,RUN_20260531_164250_02_openclaw_deepseekv4pro_researchagentv1_CL002,Design-assessment,The perturbation breaks RD continuity by enabling anticipation-driven sorting around any discontinuity in the known rule,Perturbation text establishing that borrowers see the rule before applying; standard RD no-manipulation condition,High (analytic),Evidence that the rule contains no discontinuity (making RD unavailable for separate reasons) or that borrowers cannot act on rule knowledge before applying,The perturbation breaks RD continuity by enabling anticipation-driven sorting around any discontinuity in the known rule,Claim-Evidence Table,outputs/raw_agent_logs/main/C002_perturbed__research_agent_v1__RUN_20260531_164250_02_openclaw_deepseekv4pro_researchagentv1.md,extracted_from_claim_evidence_table
C002,perturbed,perturbed,research_agent_v1,RUN_20260531_164250_02_openclaw_deepseekv4pro_researchagentv1,RUN_20260531_164250_02_openclaw_deepseekv4pro_researchagentv1_CL003,Causal (conditional),Within-borrower fixed effects eliminate time-invariant selection confounding,Panel structure in data card; within-borrower differencing is mathematically sufficient to remove any confound that does not vary across episodes for the same borrower,"Moderate (conditional on A2, A4, A6)",Pre-trend test shows that episode-1 repayment predicts direction of term change between episodes conditional on observed rule inputs,Within-borrower fixed effects eliminate time-invariant selection confounding,Claim-Evidence Table,outputs/raw_agent_logs/main/C002_perturbed__research_agent_v1__RUN_20260531_164250_02_openclaw_deepseekv4pro_researchagentv1.md,extracted_from_claim_evidence_table
C002,perturbed,perturbed,research_agent_v1,RUN_20260531_164250_02_openclaw_deepseekv4pro_researchagentv1,RUN_20260531_164250_02_openclaw_deepseekv4pro_researchagentv1_CL004,Causal (conditional),Within-borrower variation in realized terms is as-good-as-random conditional on FE and observed rule inputs,Assumption A2; not directly testable without full rule documentation,Low (perturbation introduces strategic cross-episode behavior),Balancing test on lagged outcomes shows systematic differences between borrowers whose terms improve versus worsen; significant coefficient movement when adding rule-input controls,Within-borrower variation in realized terms is as-good-as-random conditional on FE and observed rule inputs,Claim-Evidence Table,outputs/raw_agent_logs/main/C002_perturbed__research_agent_v1__RUN_20260531_164250_02_openclaw_deepseekv4pro_researchagentv1.md,extracted_from_claim_evidence_table
C002,perturbed,perturbed,research_agent_v1,RUN_20260531_164250_02_openclaw_deepseekv4pro_researchagentv1,RUN_20260531_164250_02_openclaw_deepseekv4pro_researchagentv1_CL005,Descriptive,Repeat borrowing is sufficiently common to support within-borrower estimation,"Packet states borrowers ""can have linked observations"" but does not guarantee multiple episodes; data card lists ""panel or repeated structure""",Unknown (packet-absent),"Empirical examination of data shows fewer than [threshold]% of borrowers have 2+ episodes, or within-borrower term variation is negligible",Repeat borrowing is sufficiently common to support within-borrower estimation,Claim-Evidence Table,outputs/raw_agent_logs/main/C002_perturbed__research_agent_v1__RUN_20260531_164250_02_openclaw_deepseekv4pro_researchagentv1.md,extracted_from_claim_evidence_table
C002,perturbed,perturbed,research_agent_v1,RUN_20260531_164250_02_openclaw_deepseekv4pro_researchagentv1,RUN_20260531_164250_02_openclaw_deepseekv4pro_researchagentv1_CL006,Causal (conditional),The incentive effect estimated on repeat borrowers generalizes to the broader borrower population,Assumption A5; no direct evidence in packet,Low,"Repeat borrowers differ systematically from one-time borrowers on pre-offer risk measures and episode-1 repayment, and these differences predict different treatment responses",The incentive effect estimated on repeat borrowers generalizes to the broader borrower population,Claim-Evidence Table,outputs/raw_agent_logs/main/C002_perturbed__research_agent_v1__RUN_20260531_164250_02_openclaw_deepseekv4pro_researchagentv1.md,extracted_from_claim_evidence_table
C002,perturbed,perturbed,research_agent_v1,RUN_20260531_164250_02_openclaw_deepseekv4pro_researchagentv1,RUN_20260531_164250_02_openclaw_deepseekv4pro_researchagentv1_CL007,Descriptive,The descriptive fallback measures valid conditional associations between terms and outcomes,All stages of the credit process are observable; baseline controls include pre-offer risk measures and operational indicators,High,"Systematic measurement error in offer terms, realized terms, or repayment outcomes",The descriptive fallback measures valid conditional associations between terms and outcomes,Claim-Evidence Table,outputs/raw_agent_logs/main/C002_perturbed__research_agent_v1__RUN_20260531_164250_02_openclaw_deepseekv4pro_researchagentv1.md,extracted_from_claim_evidence_table
C002,perturbed,perturbed,research_agent_v1,RUN_20260531_164250_02_openclaw_deepseekv4pro_researchagentv1,RUN_20260531_164250_02_openclaw_deepseekv4pro_researchagentv1_CL008,Design-assessment,"Under the perturbation, no single design can credibly separate selection from incentive effects",IV and RD broken by packet-documented perturbation mechanisms; within-borrower panel estimates only incentive margin; review of all candidate designs,High,Discovery of a packet-local source of identifying variation not considered in the candidate list that isolates the selection margin independently of the perturbation,"Under the perturbation, no single design can credibly separate selection from incentive effects",Claim-Evidence Table,outputs/raw_agent_logs/main/C002_perturbed__research_agent_v1__RUN_20260531_164250_02_openclaw_deepseekv4pro_researchagentv1.md,extracted_from_claim_evidence_table
C004,perturbed,perturbed,research_agent_v1,RUN_20260531_165312_03_openclaw_deepseekv4pro_researchagentv1,RUN_20260531_165312_03_openclaw_deepseekv4pro_researchagentv1_CL001,Descriptive,C1. Paid-search availability and downstream sales are associated (direction and magnitude to be estimated from data).,"Raw pre-post comparisons, cross-sectional contrasts, and covariate-adjusted regressions using the panel data described in the packet.",High (conditional on measurement quality),"Finding that the association is near zero and invariant to specification, market, and time — implying no detectable descriptive relationship exists.",**C1.** Paid-search availability and downstream sales are associated (direction and magnitude to be estimated from data).,Claim-Evidence Table,outputs/raw_agent_logs/main/C004_perturbed__research_agent_v1__RUN_20260531_165312_03_openclaw_deepseekv4pro_researchagentv1.md,extracted_from_claim_evidence_table
C004,perturbed,perturbed,research_agent_v1,RUN_20260531_165312_03_openclaw_deepseekv4pro_researchagentv1,RUN_20260531_165312_03_openclaw_deepseekv4pro_researchagentv1_CL002,Descriptive,C2. Suspended markets differ from active markets on observable pre-period characteristics.,"Selection diagnostic regression of suspension indicator on pre-period sales, market characteristics, and segment composition.",High,Finding that suspended and active markets are observationally indistinguishable on all available pre-period covariates. (This would not rescue causal identification but would rule out observable selection.),**C2.** Suspended markets differ from active markets on observable pre-period characteristics.,Claim-Evidence Table,outputs/raw_agent_logs/main/C004_perturbed__research_agent_v1__RUN_20260531_165312_03_openclaw_deepseekv4pro_researchagentv1.md,extracted_from_claim_evidence_table
C004,perturbed,perturbed,research_agent_v1,RUN_20260531_165312_03_openclaw_deepseekv4pro_researchagentv1,RUN_20260531_165312_03_openclaw_deepseekv4pro_researchagentv1_CL003,Descriptive,C3. The association between paid-search availability and sales varies descriptively across user-history segments.,Segment-level decompositions of pre-post changes and cross-sectional contrasts.,Low–Moderate,"Finding no segment-level variation in associations, or finding that segment-level associations are entirely explained by compositional differences between market groups.",**C3.** The association between paid-search availability and sales varies descriptively across user-history segments.,Claim-Evidence Table,outputs/raw_agent_logs/main/C004_perturbed__research_agent_v1__RUN_20260531_165312_03_openclaw_deepseekv4pro_researchagentv1.md,extracted_from_claim_evidence_table
C004,perturbed,perturbed,research_agent_v1,RUN_20260531_165312_03_openclaw_deepseekv4pro_researchagentv1,RUN_20260531_165312_03_openclaw_deepseekv4pro_researchagentv1_CL004,Causal,C4. Paid-search suspension causes a change in downstream sales.,None available under the perturbed packet.,**Cannot be claimed**,N/A — the claim is not made.,**C4.** Paid-search suspension causes a change in downstream sales.,Claim-Evidence Table,outputs/raw_agent_logs/main/C004_perturbed__research_agent_v1__RUN_20260531_165312_03_openclaw_deepseekv4pro_researchagentv1.md,extracted_from_claim_evidence_table
C004,perturbed,perturbed,research_agent_v1,RUN_20260531_165312_03_openclaw_deepseekv4pro_researchagentv1,RUN_20260531_165312_03_openclaw_deepseekv4pro_researchagentv1_CL005,Causal / Structural,C5. Paid-search generates incremental purchases rather than intercepting existing demand.,None available under the perturbed packet.,**Cannot be claimed**,N/A — the claim is not made.,**C5.** Paid-search generates incremental purchases rather than intercepting existing demand.,Claim-Evidence Table,outputs/raw_agent_logs/main/C004_perturbed__research_agent_v1__RUN_20260531_165312_03_openclaw_deepseekv4pro_researchagentv1.md,extracted_from_claim_evidence_table
C004,perturbed,perturbed,research_agent_v1,RUN_20260531_165312_03_openclaw_deepseekv4pro_researchagentv1,RUN_20260531_165312_03_openclaw_deepseekv4pro_researchagentv1_CL006,Causal heterogeneity,C6. The effect of paid-search differs causally between less active and already active users.,None available under the perturbed packet.,**Cannot be claimed**,N/A — the claim is not made.,**C6.** The effect of paid-search differs causally between less active and already active users.,Claim-Evidence Table,outputs/raw_agent_logs/main/C004_perturbed__research_agent_v1__RUN_20260531_165312_03_openclaw_deepseekv4pro_researchagentv1.md,extracted_from_claim_evidence_table
C004,perturbed,perturbed,research_agent_v1,RUN_20260531_165312_03_openclaw_deepseekv4pro_researchagentv1,RUN_20260531_165312_03_openclaw_deepseekv4pro_researchagentv1_CL007,Methodological,C7. Pre-trend tests validate a causal interpretation of post-suspension sales changes.,Pre-suspension sales trajectories.,**Cannot be claimed**,N/A — pre-trend tests are silent on forward-looking selection; passing pre-trend tests does not establish parallel trends for anticipated shocks contemporaneous with treatment.,**C7.** Pre-trend tests validate a causal interpretation of post-suspension sales changes.,Claim-Evidence Table,outputs/raw_agent_logs/main/C004_perturbed__research_agent_v1__RUN_20260531_165312_03_openclaw_deepseekv4pro_researchagentv1.md,extracted_from_claim_evidence_table
C004,perturbed,perturbed,research_agent_v1,RUN_20260531_165312_03_openclaw_deepseekv4pro_researchagentv1,RUN_20260531_165312_03_openclaw_deepseekv4pro_researchagentv1_CL008,Institutional / descriptive,C8. The manager's suspension decision is correlated with expected future demand (as stated in the packet).,"Packet text: ""campaign managers choose which markets to reduce or suspend based on operational judgments, expected demand, or budget considerations.""",High (taken from packet),"Evidence that managers used only pre-committed, non-demand-based rules for all suspension decisions. This would contradict the perturbation and restore quasi-experimental conditions.",**C8.** The manager's suspension decision is correlated with expected future demand (as stated in the packet).,Claim-Evidence Table,outputs/raw_agent_logs/main/C004_perturbed__research_agent_v1__RUN_20260531_165312_03_openclaw_deepseekv4pro_researchagentv1.md,extracted_from_claim_evidence_table
C005,perturbed,perturbed,research_agent_v1,RUN_20260531_170002_04_openclaw_deepseekv4pro_researchagentv1,RUN_20260531_170002_04_openclaw_deepseekv4pro_researchagentv1_CL001,Causal (ITT),Campaign assignment/eligibility causally affects downstream conversion outcomes.,"Stage-2 randomization (packet: ""Campaign-level randomization or holdout assignment exists""); observed assignment status; observed outcomes; balance on pre-campaign covariates.",**High** (internal validity from randomization; external validity limited by setting),Failure of balance tests on pre-campaign observables; evidence of holdout leakage; detectable SUTVA violation from auxiliary data.,Campaign assignment/eligibility causally affects downstream conversion outcomes.,Claim-Evidence Table,outputs/raw_agent_logs/main/C005_perturbed__research_agent_v1__RUN_20260531_170002_04_openclaw_deepseekv4pro_researchagentv1.md,extracted_from_claim_evidence_table
C005,perturbed,perturbed,research_agent_v1,RUN_20260531_170002_04_openclaw_deepseekv4pro_researchagentv1,RUN_20260531_170002_04_openclaw_deepseekv4pro_researchagentv1_CL002,Causal (first-stage),The effect of campaign assignment operates partly through actual ad exposure.,First-stage regression of actual exposure on assignment (both observed in logs); positive and statistically significant \(\pi_1\).,**High** conditional on no measurement error in exposure logging.,\(\pi_1 = 0\) or indistinguishable from zero; evidence that assignment suppresses exposure (negative first stage).,The effect of campaign assignment operates partly through actual ad exposure.,Claim-Evidence Table,outputs/raw_agent_logs/main/C005_perturbed__research_agent_v1__RUN_20260531_170002_04_openclaw_deepseekv4pro_researchagentv1.md,extracted_from_claim_evidence_table
C005,perturbed,perturbed,research_agent_v1,RUN_20260531_170002_04_openclaw_deepseekv4pro_researchagentv1,RUN_20260531_170002_04_openclaw_deepseekv4pro_researchagentv1_CL003,Causal (LATE) with **heavy caveats**,The causal effect of actual ad exposure on outcomes among compliers is approximately \(\hat{\tau}_{\text{LATE}}\).,IV ratio of reduced-form ITT to first-stage; random assignment as instrument.,**Low** — exclusion restriction and monotonicity are untestable given the perturbation.,Any evidence of exclusion-restriction violation (requires unobserved data); evidence of defiers (requires unobserved data); first-stage F < 10.,The causal effect of actual ad exposure on outcomes among compliers is approximately \(\hat{\tau}_{\text{LATE}}\).,Claim-Evidence Table,outputs/raw_agent_logs/main/C005_perturbed__research_agent_v1__RUN_20260531_170002_04_openclaw_deepseekv4pro_researchagentv1.md,extracted_from_claim_evidence_table
C005,perturbed,perturbed,research_agent_v1,RUN_20260531_170002_04_openclaw_deepseekv4pro_researchagentv1,RUN_20260531_170002_04_openclaw_deepseekv4pro_researchagentv1_CL004,Descriptive association,Actual ad exposure is positively associated with conversions after controlling for observables.,"Regression of outcomes on actual exposure with pre-campaign activity, device, channel, segment, and time controls.",**High** (as an association); **zero** (as a causal claim),"Not falsifiable as an association claim; as a causal claim, any evidence of unobserved confounders (which the packet itself provides: platform optimization).",Actual ad exposure is positively associated with conversions after controlling for observables.,Claim-Evidence Table,outputs/raw_agent_logs/main/C005_perturbed__research_agent_v1__RUN_20260531_170002_04_openclaw_deepseekv4pro_researchagentv1.md,extracted_from_claim_evidence_table
C005,perturbed,perturbed,research_agent_v1,RUN_20260531_170002_04_openclaw_deepseekv4pro_researchagentv1,RUN_20260531_170002_04_openclaw_deepseekv4pro_researchagentv1_CL005,Descriptive trend,Users' outcomes changed after first ad exposure relative to their pre-exposure baseline.,Within-user pre-post comparison among exposed users.,**High** (as a measured trend); **zero** (as a causal claim),"The existence of the trend is not falsifiable; its causal interpretation is falsified by any common time shock, seasonal effect, or evidence of regression to the mean.",Users' outcomes changed after first ad exposure relative to their pre-exposure baseline.,Claim-Evidence Table,outputs/raw_agent_logs/main/C005_perturbed__research_agent_v1__RUN_20260531_170002_04_openclaw_deepseekv4pro_researchagentv1.md,extracted_from_claim_evidence_table
C005,perturbed,perturbed,research_agent_v1,RUN_20260531_170002_04_openclaw_deepseekv4pro_researchagentv1,RUN_20260531_170002_04_openclaw_deepseekv4pro_researchagentv1_CL006,Supporting / diagnostic,The assignment mechanism was as-good-as-random.,Balance tests on pre-campaign covariates; no significant predictors of assignment among observables beyond the randomization design.,**Moderate** — observables may balance even if unobservables do not.,Significant imbalance on any pre-campaign covariate; evidence of manual overrides in assignment logs.,The assignment mechanism was as-good-as-random.,Claim-Evidence Table,outputs/raw_agent_logs/main/C005_perturbed__research_agent_v1__RUN_20260531_170002_04_openclaw_deepseekv4pro_researchagentv1.md,extracted_from_claim_evidence_table
C005,perturbed,perturbed,research_agent_v1,RUN_20260531_170002_04_openclaw_deepseekv4pro_researchagentv1,RUN_20260531_170002_04_openclaw_deepseekv4pro_researchagentv1_CL007,Supporting / diagnostic,No interference between assignment groups (SUTVA).,"Auxiliary: geographic dispersion of assigned vs. unassigned users; dose-response analysis (if larger assigned share in a market → smaller ITT, that's evidence of saturation).",**Low** — the perturbation removes the most direct diagnostic (opportunity-side logs). Packet itself flags interference risks.,Evidence that ITT varies with campaign intensity at the market level; evidence of cross-user information sharing (requires social-graph data not in packet).,No interference between assignment groups (SUTVA).,Claim-Evidence Table,outputs/raw_agent_logs/main/C005_perturbed__research_agent_v1__RUN_20260531_170002_04_openclaw_deepseekv4pro_researchagentv1.md,extracted_from_claim_evidence_table
C008,perturbed,perturbed,research_agent_v1,RUN_20260531_170747_05_openclaw_deepseekv4pro_researchagentv1,RUN_20260531_170747_05_openclaw_deepseekv4pro_researchagentv1_CL001,Descriptive association,C1. Demand for treated product categories changed after the display-change intervention compared to the pre-intervention period.,"Pre-post comparison of quantity sold for treated categories, controlling for observed prices, discounts, and promotions.",Medium-High,No statistically or economically meaningful difference in demand between pre- and post-intervention periods after controlling for price movements.,**C1.** Demand for treated product categories changed after the display-change intervention compared to the pre-intervention period.,Claim-Evidence Table,outputs/raw_agent_logs/main/C008_perturbed__research_agent_v1__RUN_20260531_170747_05_openclaw_deepseekv4pro_researchagentv1.md,extracted_from_claim_evidence_table
C008,perturbed,perturbed,research_agent_v1,RUN_20260531_170747_05_openclaw_deepseekv4pro_researchagentv1,RUN_20260531_170747_05_openclaw_deepseekv4pro_researchagentv1_CL002,Quasi-causal (heavily caveated),C2. The post-intervention demand change for treated categories differs from the concurrent demand change for untreated categories within the same store.,Within-Store DiD estimate (treated × post interaction) with category and time fixed effects.,Low,Pre-intervention trends for treated and untreated categories are visibly non-parallel; or excluding physically proximate untreated categories eliminates the estimate; or the estimate is not robust to alternative pre-period windows.,**C2.** The post-intervention demand change for treated categories differs from the concurrent demand change for untreated categories within the same store.,Claim-Evidence Table,outputs/raw_agent_logs/main/C008_perturbed__research_agent_v1__RUN_20260531_170747_05_openclaw_deepseekv4pro_researchagentv1.md,extracted_from_claim_evidence_table
C008,perturbed,perturbed,research_agent_v1,RUN_20260531_170747_05_openclaw_deepseekv4pro_researchagentv1,RUN_20260531_170747_05_openclaw_deepseekv4pro_researchagentv1_CL003,Suggestive pattern (not causal),"C3. The demand change is larger for categories with higher add-on charges, consistent with a salience mechanism.",Heterogeneity analysis by add-on charge magnitude across treated categories.,Low-Medium,"No gradient in the demand response across add-on-charge levels, or the gradient disappears when controlling for category-level price elasticities.","**C3.** The demand change is larger for categories with higher add-on charges, consistent with a salience mechanism.",Claim-Evidence Table,outputs/raw_agent_logs/main/C008_perturbed__research_agent_v1__RUN_20260531_170747_05_openclaw_deepseekv4pro_researchagentv1.md,extracted_from_claim_evidence_table
C008,perturbed,perturbed,research_agent_v1,RUN_20260531_170747_05_openclaw_deepseekv4pro_researchagentv1,RUN_20260531_170747_05_openclaw_deepseekv4pro_researchagentv1_CL004,Descriptive association,"C4. The demand change cannot be fully explained by contemporaneous changes in actual prices, discounts, or promotional intensity.","Incremental R² or coefficient stability analysis: compare models with and without the post-intervention indicator, conditional on price and promotion controls.",Medium,The post-intervention indicator adds no explanatory power beyond price and promotion controls; estimated coefficients on price and promotion variables change substantially when the post indicator is included.,"**C4.** The demand change cannot be fully explained by contemporaneous changes in actual prices, discounts, or promotional intensity.",Claim-Evidence Table,outputs/raw_agent_logs/main/C008_perturbed__research_agent_v1__RUN_20260531_170747_05_openclaw_deepseekv4pro_researchagentv1.md,extracted_from_claim_evidence_table
C008,perturbed,perturbed,research_agent_v1,RUN_20260531_170747_05_openclaw_deepseekv4pro_researchagentv1,RUN_20260531_170747_05_openclaw_deepseekv4pro_researchagentv1_CL005,Robustness check,C5. The demand change is not driven by a single outlier category.,Leave-one-category-out analysis; category-level decomposition of the association.,Medium-High,Removing a single category eliminates or reverses the estimated association.,**C5.** The demand change is not driven by a single outlier category.,Claim-Evidence Table,outputs/raw_agent_logs/main/C008_perturbed__research_agent_v1__RUN_20260531_170747_05_openclaw_deepseekv4pro_researchagentv1.md,extracted_from_claim_evidence_table
C008,perturbed,perturbed,research_agent_v1,RUN_20260531_170747_05_openclaw_deepseekv4pro_researchagentv1,RUN_20260531_170747_05_openclaw_deepseekv4pro_researchagentv1_CL006,Causal mechanism claim,C6. The salience effect is distinguishable from actual price changes.,[No packet evidence supports this claim under the perturbed constraints.],Cannot be made,[Not applicable — this claim is not supported.],**C6.** The salience effect is distinguishable from actual price changes.,Claim-Evidence Table,outputs/raw_agent_logs/main/C008_perturbed__research_agent_v1__RUN_20260531_170747_05_openclaw_deepseekv4pro_researchagentv1.md,extracted_from_claim_evidence_table
C010,perturbed,perturbed,research_agent_v1,RUN_20260531_171514_06_openclaw_deepseekv4pro_researchagentv1,RUN_20260531_171514_06_openclaw_deepseekv4pro_researchagentv1_CL001,Causal (ITT of compound treatment),C1. The announced schedule assignment causally affects seasonal input adoption.,Stage 2 randomization; Stage 4 outcome measurement; Data Card treatment/outcome fields.,**High** for the compound bundle; **Low** for any mechanism-specific interpretation.,Failure of baseline balance tests across arms; differential attrition that is non-random with respect to potential outcomes.,**C1.** The announced schedule assignment causally affects seasonal input adoption.,Claim-Evidence Table,outputs/raw_agent_logs/main/C010_perturbed__research_agent_v1__RUN_20260531_171514_06_openclaw_deepseekv4pro_researchagentv1.md,extracted_from_claim_evidence_table
C010,perturbed,perturbed,research_agent_v1,RUN_20260531_171514_06_openclaw_deepseekv4pro_researchagentv1,RUN_20260531_171514_06_openclaw_deepseekv4pro_researchagentv1_CL002,Descriptive/structural,"C2. The adoption difference between arms is a black-box combination of timing, anticipation, convenience, and economic value.","Perturbed Condition (all schedules announced early); Data Card treatment/exposure field (""varying timing … convenience, or economic value""); Stage 3 (every producer informed early).","**High** — this is a logical consequence of the design, not an empirical claim.",The claim is falsified only if the arms differ solely in timing and nothing else (contradicted by the Data Card).,"**C2.** The adoption difference between arms is a black-box combination of timing, anticipation, convenience, and economic value.",Claim-Evidence Table,outputs/raw_agent_logs/main/C010_perturbed__research_agent_v1__RUN_20260531_171514_06_openclaw_deepseekv4pro_researchagentv1.md,extracted_from_claim_evidence_table
C010,perturbed,perturbed,research_agent_v1,RUN_20260531_171514_06_openclaw_deepseekv4pro_researchagentv1,RUN_20260531_171514_06_openclaw_deepseekv4pro_researchagentv1_CL003,Structural identification claim,C3. The experimental design cannot distinguish procrastination from rational planning as the driver of any adoption gap.,Perturbed Condition; Stage 4 critic analysis of Candidates 2 and 3; absence of any unannounced arm in the packet.,**High** — the perturbation creates observational equivalence between channels.,Adding an unannounced-late arm would falsify this claim by providing the missing counterfactual.,**C3.** The experimental design cannot distinguish procrastination from rational planning as the driver of any adoption gap.,Claim-Evidence Table,outputs/raw_agent_logs/main/C010_perturbed__research_agent_v1__RUN_20260531_171514_06_openclaw_deepseekv4pro_researchagentv1.md,extracted_from_claim_evidence_table
C010,perturbed,perturbed,research_agent_v1,RUN_20260531_171514_06_openclaw_deepseekv4pro_researchagentv1,RUN_20260531_171514_06_openclaw_deepseekv4pro_researchagentv1_CL004,Descriptive,C4. Stated plans differ between producers who anticipate an early offer and those who anticipate a late offer.,Stage 3 (early announcement); Secondary outcomes include stated intentions; randomization ensures baseline comparability.,"**Moderate** — stated plans are susceptible to measurement error, social desirability, and cheap talk.",No statistically significant difference in stated plans across arms; evidence of differential measurement error by arm.,**C4.** Stated plans differ between producers who anticipate an early offer and those who anticipate a late offer.,Claim-Evidence Table,outputs/raw_agent_logs/main/C010_perturbed__research_agent_v1__RUN_20260531_171514_06_openclaw_deepseekv4pro_researchagentv1.md,extracted_from_claim_evidence_table
C010,perturbed,perturbed,research_agent_v1,RUN_20260531_171514_06_openclaw_deepseekv4pro_researchagentv1,RUN_20260531_171514_06_openclaw_deepseekv4pro_researchagentv1_CL005,Descriptive/correlational,C5. Prior adoption history predicts current-season adoption independently of schedule assignment.,"Data Card baseline controls field lists ""prior adoption history.""",**Moderate** — the direction and magnitude of this association are not specified in the packet.,A null association between prior and current adoption (contradicted by standard agricultural adoption literature).,**C5.** Prior adoption history predicts current-season adoption independently of schedule assignment.,Claim-Evidence Table,outputs/raw_agent_logs/main/C010_perturbed__research_agent_v1__RUN_20260531_171514_06_openclaw_deepseekv4pro_researchagentv1.md,extracted_from_claim_evidence_table
C010,perturbed,perturbed,research_agent_v1,RUN_20260531_171514_06_openclaw_deepseekv4pro_researchagentv1,RUN_20260531_171514_06_openclaw_deepseekv4pro_researchagentv1_CL006,Causal (reduced form),"C6. The ITT of the announced schedule is an unbiased estimate of the reduced-form effect, conditional on the validity of randomization.",Stage 2 randomization; randomization inference or design-based standard errors.,**High** for the compound bundle; explicitly **None** for timing-specific effects.,"Evidence of non-random assignment; failure of randomization fidelity (e.g., producers not informed of their schedule as intended).","**C6.** The ITT of the announced schedule is an unbiased estimate of the reduced-form effect, conditional on the validity of randomization.",Claim-Evidence Table,outputs/raw_agent_logs/main/C010_perturbed__research_agent_v1__RUN_20260531_171514_06_openclaw_deepseekv4pro_researchagentv1.md,extracted_from_claim_evidence_table
C014,perturbed,perturbed,research_agent_v1,RUN_20260531_172257_07_openclaw_deepseekv4pro_researchagentv1,RUN_20260531_172257_07_openclaw_deepseekv4pro_researchagentv1_CL001,**Descriptive / design integrity**,Random assignment to monitoring arms was successfully implemented,"Balance tests on baseline covariates (project type, size, location, timing); documentation of assignment protocol",High (testable),Significant joint F-test on baseline covariates predicting treatment assignment; evidence of political interference or non-random assignment in protocol documentation,C1: Random assignment to monitoring arms was successfully implemented,Claim-Evidence Table,outputs/raw_agent_logs/main/C014_perturbed__research_agent_v1__RUN_20260531_172257_07_openclaw_deepseekv4pro_researchagentv1.md,extracted_from_claim_evidence_table
C014,perturbed,perturbed,research_agent_v1,RUN_20260531_172257_07_openclaw_deepseekv4pro_researchagentv1,RUN_20260531_172257_07_openclaw_deepseekv4pro_researchagentv1_CL002,**Causal (narrowed to reporting)**,Monitoring assignment affects officially reported project expenditures (ITT),"Random assignment; comparison of mean reported expenditures across arms; regression estimates τ̂₁, τ̂₂ with robust standard errors",Moderate–High (internal validity from randomization; construct validity limited),Failure of randomization (C1 falsified); differential attrition from outcome measurement; evidence that assignment directly affects reporting independently of monitoring (violation of exclusion restriction for IV interpretation),C2: Monitoring assignment affects officially reported project expenditures (ITT),Claim-Evidence Table,outputs/raw_agent_logs/main/C014_perturbed__research_agent_v1__RUN_20260531_172257_07_openclaw_deepseekv4pro_researchagentv1.md,extracted_from_claim_evidence_table
C014,perturbed,perturbed,research_agent_v1,RUN_20260531_172257_07_openclaw_deepseekv4pro_researchagentv1,RUN_20260531_172257_07_openclaw_deepseekv4pro_researchagentv1_CL003,**Descriptive association**,Formal oversight and community monitoring produce different patterns of administrative reporting,"Differential ITT estimates across arms for multiple outcome dimensions (expenditures, milestones, complaints, anomaly index); test of τ̂₁ = τ̂₂ for each outcome",Moderate (internal validity from randomization; multiple outcomes provide convergent evidence),No significant differences across any outcome dimension; differences attributable entirely to differential missingness rather than differential reporting content,C3: Formal oversight and community monitoring produce different patterns of administrative reporting,Claim-Evidence Table,outputs/raw_agent_logs/main/C014_perturbed__research_agent_v1__RUN_20260531_172257_07_openclaw_deepseekv4pro_researchagentv1.md,extracted_from_claim_evidence_table
C014,perturbed,perturbed,research_agent_v1,RUN_20260531_172257_07_openclaw_deepseekv4pro_researchagentv1,RUN_20260531_172257_07_openclaw_deepseekv4pro_researchagentv1_CL004,**Descriptive**,Monitoring does not cause differential attrition from the administrative record,Test of missing-report probability across arms; comparison of report-filing rates,Moderate (testable for observed reports),Significant difference in report-filing rates across arms,C4: Monitoring does not cause differential attrition from the administrative record,Claim-Evidence Table,outputs/raw_agent_logs/main/C014_perturbed__research_agent_v1__RUN_20260531_172257_07_openclaw_deepseekv4pro_researchagentv1.md,extracted_from_claim_evidence_table
C014,perturbed,perturbed,research_agent_v1,RUN_20260531_172257_07_openclaw_deepseekv4pro_researchagentv1,RUN_20260531_172257_07_openclaw_deepseekv4pro_researchagentv1_CL005,**Descriptive**,The anomaly index captures reporting quality,Construct validity argument from digit-preference literature; cross-validation across anomaly dimensions within administrative data,Low (no external validation possible under perturbation),No correlation between anomaly dimensions that should be correlated if driven by common reporting-quality variation; pattern of anomalies differs qualitatively from established findings in digit-preference literature,C5: The anomaly index captures reporting quality,Claim-Evidence Table,outputs/raw_agent_logs/main/C014_perturbed__research_agent_v1__RUN_20260531_172257_07_openclaw_deepseekv4pro_researchagentv1.md,extracted_from_claim_evidence_table
C014,perturbed,perturbed,research_agent_v1,RUN_20260531_172257_07_openclaw_deepseekv4pro_researchagentv1,RUN_20260531_172257_07_openclaw_deepseekv4pro_researchagentv1_CL006,**Cannot be claimed**,Formal oversight reduces corruption more than community monitoring (or vice versa),—,—,—,C6: Formal oversight reduces corruption more than community monitoring (or vice versa),Claim-Evidence Table,outputs/raw_agent_logs/main/C014_perturbed__research_agent_v1__RUN_20260531_172257_07_openclaw_deepseekv4pro_researchagentv1.md,extracted_from_claim_evidence_table
C014,perturbed,perturbed,research_agent_v1,RUN_20260531_172257_07_openclaw_deepseekv4pro_researchagentv1,RUN_20260531_172257_07_openclaw_deepseekv4pro_researchagentv1_CL007,**Cannot be claimed**,Monitoring reduces corruption or resource leakage,—,—,—,C7: Monitoring reduces corruption or resource leakage,Claim-Evidence Table,outputs/raw_agent_logs/main/C014_perturbed__research_agent_v1__RUN_20260531_172257_07_openclaw_deepseekv4pro_researchagentv1.md,extracted_from_claim_evidence_table
C014,perturbed,perturbed,research_agent_v1,RUN_20260531_172257_07_openclaw_deepseekv4pro_researchagentv1,RUN_20260531_172257_07_openclaw_deepseekv4pro_researchagentv1_CL008,**Cannot be claimed**,Observed reporting differences reflect real differences in project outcomes,—,—,—,C8: Observed reporting differences reflect real differences in project outcomes,Claim-Evidence Table,outputs/raw_agent_logs/main/C014_perturbed__research_agent_v1__RUN_20260531_172257_07_openclaw_deepseekv4pro_researchagentv1.md,extracted_from_claim_evidence_table
C016,perturbed,perturbed,research_agent_v1,RUN_20260531_173157_08_openclaw_deepseekv4pro_researchagentv1,RUN_20260531_173157_08_openclaw_deepseekv4pro_researchagentv1_CL001,Descriptive association (ITT on self-reports),Targeted-information assignment is associated with differences in self-reported behavioral outcomes relative to generic-information assignment,Cross-school variation in information-content condition; individual-level self-reported survey outcomes at single follow-up,"Moderate (the reduced-form association is directly estimable, but its interpretation is contested)",Null finding: no statistically or substantively significant difference in β̂ across arms after accounting for clustering and covariates,Targeted-information assignment is associated with differences in self-reported behavioral outcomes relative to generic-information assignment,Claim-Evidence Table,outputs/raw_agent_logs/main/C016_perturbed__research_agent_v1__RUN_20260531_173157_08_openclaw_deepseekv4pro_researchagentv1.md,extracted_from_claim_evidence_table
C016,perturbed,perturbed,research_agent_v1,RUN_20260531_173157_08_openclaw_deepseekv4pro_researchagentv1,RUN_20260531_173157_08_openclaw_deepseekv4pro_researchagentv1_CL002,Structural identification claim,The ITT on self-reports conflates true behavioral effects with differential reporting bias,"Treatment mechanism logic: the information itself changes knowledge about risk, which plausibly changes reporting propensity; the perturbed condition removes the objective benchmark that could separate them",High (logically necessary given the packet setup — the treatment differentially affects measurement by construction),An objective validation subsample showing zero differential reporting bias between arms across all outcome items would falsify this claim,The ITT on self-reports conflates true behavioral effects with differential reporting bias,Claim-Evidence Table,outputs/raw_agent_logs/main/C016_perturbed__research_agent_v1__RUN_20260531_173157_08_openclaw_deepseekv4pro_researchagentv1.md,extracted_from_claim_evidence_table
C016,perturbed,perturbed,research_agent_v1,RUN_20260531_173157_08_openclaw_deepseekv4pro_researchagentv1,RUN_20260531_173157_08_openclaw_deepseekv4pro_researchagentv1_CL003,Structural identification claim,No within-packet design can credibly separate behavioral from reporting effects,"Stage 4 critique of all four candidate designs; each assumes away the core underidentification in a different guise; the Stage 3 notes concur that ""no design achieves credible causal identification""",High (derived from the packet's own perturbed condition and the logic of the treatment mechanism),A design that introduces an objective benchmark or external validation data within the packet constraints (none exists) would falsify this claim,No within-packet design can credibly separate behavioral from reporting effects,Claim-Evidence Table,outputs/raw_agent_logs/main/C016_perturbed__research_agent_v1__RUN_20260531_173157_08_openclaw_deepseekv4pro_researchagentv1.md,extracted_from_claim_evidence_table
C016,perturbed,perturbed,research_agent_v1,RUN_20260531_173157_08_openclaw_deepseekv4pro_researchagentv1,RUN_20260531_173157_08_openclaw_deepseekv4pro_researchagentv1_CL004,Methodological claim,Partial-identification bounds can characterize the range of behavioral effects consistent with the data under explicit reporting-bias assumptions,Bounds-analysis logic; the reduced-form ITT is estimable; the decomposition Y_self = Y_true + e(T) is definitional,High (mathematically correct),"This is a logical framework, not an empirical claim; it cannot be falsified by data, but its practical value can be undermined if bounds are too wide to guide policy",Partial-identification bounds can characterize the range of behavioral effects consistent with the data under explicit reporting-bias assumptions,Claim-Evidence Table,outputs/raw_agent_logs/main/C016_perturbed__research_agent_v1__RUN_20260531_173157_08_openclaw_deepseekv4pro_researchagentv1.md,extracted_from_claim_evidence_table
C016,perturbed,perturbed,research_agent_v1,RUN_20260531_173157_08_openclaw_deepseekv4pro_researchagentv1,RUN_20260531_173157_08_openclaw_deepseekv4pro_researchagentv1_CL005,Methodological claim,"Without auxiliary data, the bounds will be too wide to support policy conclusions","Worst-case Manski bounds for binary outcome: [−1, 1]; the packet provides no auxiliary data to tighten them",High (worst-case bounds are definitionally uninformative for binary outcomes),Auxiliary data that tightens bounds to a policy-relevant width without introducing untestable assumptions,"Without auxiliary data, the bounds will be too wide to support policy conclusions",Claim-Evidence Table,outputs/raw_agent_logs/main/C016_perturbed__research_agent_v1__RUN_20260531_173157_08_openclaw_deepseekv4pro_researchagentv1.md,extracted_from_claim_evidence_table
C016,perturbed,perturbed,research_agent_v1,RUN_20260531_173157_08_openclaw_deepseekv4pro_researchagentv1,RUN_20260531_173157_08_openclaw_deepseekv4pro_researchagentv1_CL006,Causal mechanism claim (directional),Partner-characteristic items may carry larger differential reporting bias than activity items,"Treatment content targets ""differential risk across choices or partner types""; this makes partner characteristics directly salient to treatment-arm students and plausibly increases, rather than decreases, reporting bias on those items",Low to moderate (logically plausible but untestable without an objective benchmark for partner characteristics),Validation data showing that partner-characteristic reports have lower differential reporting bias than activity reports across arms,Partner-characteristic items may carry larger differential reporting bias than activity items,Claim-Evidence Table,outputs/raw_agent_logs/main/C016_perturbed__research_agent_v1__RUN_20260531_173157_08_openclaw_deepseekv4pro_researchagentv1.md,extracted_from_claim_evidence_table
C016,perturbed,perturbed,research_agent_v1,RUN_20260531_173157_08_openclaw_deepseekv4pro_researchagentv1,RUN_20260531_173157_08_openclaw_deepseekv4pro_researchagentv1_CL007,Methodological identification claim,DiD cannot address treatment-induced changes in measurement error,"The measurement-error component of parallel trends is directly violated by the treatment mechanism; DiD differences out time-invariant confounds, not time-varying, treatment-induced ones",High (definitional: DiD requires parallel trends in the error term; the treatment changes the error term's distribution by construction),Empirical evidence that the targeted information does not change how students interpret or report survey items (requires objective benchmark),DiD cannot address treatment-induced changes in measurement error,Claim-Evidence Table,outputs/raw_agent_logs/main/C016_perturbed__research_agent_v1__RUN_20260531_173157_08_openclaw_deepseekv4pro_researchagentv1.md,extracted_from_claim_evidence_table
C016,perturbed,perturbed,research_agent_v1,RUN_20260531_173157_08_openclaw_deepseekv4pro_researchagentv1,RUN_20260531_173157_08_openclaw_deepseekv4pro_researchagentv1_CL008,Comparative design assessment,Bounds analysis is the strongest defensible response to the packet constraints,Stage 4 critique verdicts: all three causal designs are `not_defensible`; the bounds design is `defensible_with_caveats`; the bounds design follows the packet instruction to downgrade the claim and makes assumptions transparent,Moderate to high (the ranking follows from the logic of the underidentification; the bounds design is the only one that does not assume it away),"A design not considered here that credibly identifies the behavioral effect from self-reports alone without auxiliary data — but this would require resolving a structural underidentification, which is definitionally impossible",Bounds analysis is the strongest defensible response to the packet constraints,Claim-Evidence Table,outputs/raw_agent_logs/main/C016_perturbed__research_agent_v1__RUN_20260531_173157_08_openclaw_deepseekv4pro_researchagentv1.md,extracted_from_claim_evidence_table
C019,perturbed,perturbed,research_agent_v1,RUN_20260531_174004_09_openclaw_deepseekv4pro_researchagentv1,RUN_20260531_174004_09_openclaw_deepseekv4pro_researchagentv1_CL001,Descriptive,Route length and total checkout spending are positively correlated in the raw data,Observed route length and checkout spending from linked trip-level records,High (directly observable),A near-zero or negative raw correlation in the data,Route length and total checkout spending are positively correlated in the raw data,Claim-Evidence Table,outputs/raw_agent_logs/main/C019_perturbed__research_agent_v1__RUN_20260531_174004_09_openclaw_deepseekv4pro_researchagentv1.md,extracted_from_claim_evidence_table
C019,perturbed,perturbed,research_agent_v1,RUN_20260531_174004_09_openclaw_deepseekv4pro_researchagentv1,RUN_20260531_174004_09_openclaw_deepseekv4pro_researchagentv1_CL002,Descriptive,"The positive route-spending correlation persists after controlling for observable demographics, store familiarity, time-of-day, and day-of-week",Covariate-adjusted regression of spending on route length with available controls,Moderate (depends on covariate availability and quality),Coefficient near zero or negative after adjustment; large changes in coefficient magnitude under alternate covariate sets,"The positive route-spending correlation persists after controlling for observable demographics, store familiarity, time-of-day, and day-of-week",Claim-Evidence Table,outputs/raw_agent_logs/main/C019_perturbed__research_agent_v1__RUN_20260531_174004_09_openclaw_deepseekv4pro_researchagentv1.md,extracted_from_claim_evidence_table
C019,perturbed,perturbed,research_agent_v1,RUN_20260531_174004_09_openclaw_deepseekv4pro_researchagentv1,RUN_20260531_174004_09_openclaw_deepseekv4pro_researchagentv1_CL003,Descriptive,Category-level prompt-pass indicators are positively associated with purchase incidence for some categories,Category-trip-level regressions of purchase on prompt-pass indicators,Moderate (depends on prompt-exposure coding accuracy),Null or negative associations across all categories; associations that disappear when controlling for category-specific shopper purchase frequency,Category-level prompt-pass indicators are positively associated with purchase incidence for some categories,Claim-Evidence Table,outputs/raw_agent_logs/main/C019_perturbed__research_agent_v1__RUN_20260531_174004_09_openclaw_deepseekv4pro_researchagentv1.md,extracted_from_claim_evidence_table
C019,perturbed,perturbed,research_agent_v1,RUN_20260531_174004_09_openclaw_deepseekv4pro_researchagentv1,RUN_20260531_174004_09_openclaw_deepseekv4pro_researchagentv1_CL004,Descriptive,The route-spending association varies across shopper demographic segments,Stratified regressions by demographic group,Low to moderate (segment-level confounding may differ; small segment sizes reduce precision),Homogeneous associations across segments; associations that are unstable across alternate segmentation schemes,The route-spending association varies across shopper demographic segments,Claim-Evidence Table,outputs/raw_agent_logs/main/C019_perturbed__research_agent_v1__RUN_20260531_174004_09_openclaw_deepseekv4pro_researchagentv1.md,extracted_from_claim_evidence_table
C019,perturbed,perturbed,research_agent_v1,RUN_20260531_174004_09_openclaw_deepseekv4pro_researchagentv1,RUN_20260531_174004_09_openclaw_deepseekv4pro_researchagentv1_CL005,Descriptive,The route-spending association varies by time-of-day and day-of-week,Stratified regressions by time window,Low to moderate (time windows are weak proxies for trip mission),Homogeneous associations across time windows,The route-spending association varies by time-of-day and day-of-week,Claim-Evidence Table,outputs/raw_agent_logs/main/C019_perturbed__research_agent_v1__RUN_20260531_174004_09_openclaw_deepseekv4pro_researchagentv1.md,extracted_from_claim_evidence_table
C019,perturbed,perturbed,research_agent_v1,RUN_20260531_174004_09_openclaw_deepseekv4pro_researchagentv1,RUN_20260531_174004_09_openclaw_deepseekv4pro_researchagentv1_CL006,Descriptive,"Constructed ""unplanned spending"" proxies produce different route-spending associations than total spending",Sensitivity analysis varying proxy construction threshold,Low (proxy is unvalidated; differences may reflect measurement artifacts rather than true unplanned/planned distinctions),No sensitivity to proxy threshold (suggests proxy captures random noise); extreme sensitivity (suggests proxy is arbitrary),"Constructed ""unplanned spending"" proxies produce different route-spending associations than total spending",Claim-Evidence Table,outputs/raw_agent_logs/main/C019_perturbed__research_agent_v1__RUN_20260531_174004_09_openclaw_deepseekv4pro_researchagentv1.md,extracted_from_claim_evidence_table
C019,perturbed,perturbed,research_agent_v1,RUN_20260531_174004_09_openclaw_deepseekv4pro_researchagentv1,RUN_20260531_174004_09_openclaw_deepseekv4pro_researchagentv1_CL007,Methodological,No credible causal effect of route length on unplanned spending can be estimated from this packet's data,Logical assessment of identification requirements against available data; Stage 4 critic verdicts,High (identification conditions are well-established; perturbation removes the key variable),"The emergence of a valid instrument, exogenous variation source, or pre-trip mission data within the packet's data constraints — but the packet explicitly states these are absent",No credible causal effect of route length on unplanned spending can be estimated from this packet's data,Claim-Evidence Table,outputs/raw_agent_logs/main/C019_perturbed__research_agent_v1__RUN_20260531_174004_09_openclaw_deepseekv4pro_researchagentv1.md,extracted_from_claim_evidence_table
C019,perturbed,perturbed,research_agent_v1,RUN_20260531_174004_09_openclaw_deepseekv4pro_researchagentv1,RUN_20260531_174004_09_openclaw_deepseekv4pro_researchagentv1_CL008,Methodological,The descriptive design is the strongest defensible analysis given packet constraints,Comparison of all candidate designs against packet data availability; Stage 4 independent critique,High,A previously unidentified source of identifying variation in the packet's data that does not depend on pre-trip baskets — but the Stage 4 critic examined all three causal candidates and found each not defensible,The descriptive design is the strongest defensible analysis given packet constraints,Claim-Evidence Table,outputs/raw_agent_logs/main/C019_perturbed__research_agent_v1__RUN_20260531_174004_09_openclaw_deepseekv4pro_researchagentv1.md,extracted_from_claim_evidence_table
C020,perturbed,perturbed,research_agent_v1,RUN_20260531_174815_10_openclaw_deepseekv4pro_researchagentv1,RUN_20260531_174815_10_openclaw_deepseekv4pro_researchagentv1_CL001,Identification impossibility,The terminal-digit format effect itself cannot be credibly identified under the perturbed condition,"Packet perturbed condition: format and promotion are perfectly collinear (""the visible ending format is no longer varied independently of bargain presentation""); Stage 4 critic confirms this is ""lethal to causal identification""",High (logical necessity),A source of independent variation in the format would need to be discovered within the packet — but the packet explicitly rules this out,The terminal-digit format effect itself cannot be credibly identified under the perturbed condition,Claim-Evidence Table,outputs/raw_agent_logs/main/C020_perturbed__research_agent_v1__RUN_20260531_174815_10_openclaw_deepseekv4pro_researchagentv1.md,extracted_from_claim_evidence_table
C020,perturbed,perturbed,research_agent_v1,RUN_20260531_174815_10_openclaw_deepseekv4pro_researchagentv1,RUN_20260531_174815_10_openclaw_deepseekv4pro_researchagentv1_CL002,"Causal (of the bundle, not the format)",The bundled format–promotion package effect is causally estimable under conditional ignorability of group assignment,"Packet states groups are ""comparable""; assignment determines displayed version; demand observed at product–version level",Moderate,Balance tests showing systematic pre-existing differences between treatment and control groups on observables; sensitivity analysis showing small confounding could eliminate the estimate,The bundled format–promotion package effect is causally estimable under conditional ignorability of group assignment,Claim-Evidence Table,outputs/raw_agent_logs/main/C020_perturbed__research_agent_v1__RUN_20260531_174815_10_openclaw_deepseekv4pro_researchagentv1.md,extracted_from_claim_evidence_table
C020,perturbed,perturbed,research_agent_v1,RUN_20260531_174815_10_openclaw_deepseekv4pro_researchagentv1,RUN_20260531_174815_10_openclaw_deepseekv4pro_researchagentv1_CL003,Identification impossibility,The bundled treatment effect cannot be decomposed into format and promotion components,Packet perturbed condition; perfect collinearity precludes any statistical decomposition,High (logical necessity),Within-packet variation in one component holding the other fixed. The packet rules this out,The bundled treatment effect cannot be decomposed into format and promotion components,Claim-Evidence Table,outputs/raw_agent_logs/main/C020_perturbed__research_agent_v1__RUN_20260531_174815_10_openclaw_deepseekv4pro_researchagentv1.md,extracted_from_claim_evidence_table
C020,perturbed,perturbed,research_agent_v1,RUN_20260531_174815_10_openclaw_deepseekv4pro_researchagentv1,RUN_20260531_174815_10_openclaw_deepseekv4pro_researchagentv1_CL004,Descriptive,Item-familiarity heterogeneity is purely descriptive and provides no mechanism-probing traction on the format effect,"Perfect collinearity makes any familiarity gradient equally consistent with format-only, promotion-only, or interactive mechanisms; Stage 4 critic marks Candidate 2 `not_defensible`",High,Exogenous familiarity variation plus independent format–promotion variation would enable mechanism probing — neither exists in the packet,Item-familiarity heterogeneity is purely descriptive and provides no mechanism-probing traction on the format effect,Claim-Evidence Table,outputs/raw_agent_logs/main/C020_perturbed__research_agent_v1__RUN_20260531_174815_10_openclaw_deepseekv4pro_researchagentv1.md,extracted_from_claim_evidence_table
C020,perturbed,perturbed,research_agent_v1,RUN_20260531_174815_10_openclaw_deepseekv4pro_researchagentv1,RUN_20260531_174815_10_openclaw_deepseekv4pro_researchagentv1_CL005,Descriptive/caveat,"Demand differences across offer versions reflect the joint influence of format, promotion, and unmeasured version-level cues","Data card spillover note: ""Other cues in the same version may alter interpretation of the focal price""; Stage 4 critic highlights version-level confound threat",High,Systematic coding of all version features showing no differences beyond the format–promotion bundle,"Demand differences across offer versions reflect the joint influence of format, promotion, and unmeasured version-level cues",Claim-Evidence Table,outputs/raw_agent_logs/main/C020_perturbed__research_agent_v1__RUN_20260531_174815_10_openclaw_deepseekv4pro_researchagentv1.md,extracted_from_claim_evidence_table
C020,perturbed,perturbed,research_agent_v1,RUN_20260531_174815_10_openclaw_deepseekv4pro_researchagentv1,RUN_20260531_174815_10_openclaw_deepseekv4pro_researchagentv1_CL006,Methodological caveat,"Customer-group assignment is not confirmed as random; ""comparable"" is weaker than random assignment","Packet language: ""Comparable customer groups receive different versions""; data card: variation source is format/promotion bundling, not experimental protocol; Stage 4 critic flags this",Moderate-high,Documentation of an explicit randomization protocol or quasi-experimental assignment mechanism,"Customer-group assignment is not confirmed as random; ""comparable"" is weaker than random assignment",Claim-Evidence Table,outputs/raw_agent_logs/main/C020_perturbed__research_agent_v1__RUN_20260531_174815_10_openclaw_deepseekv4pro_researchagentv1.md,extracted_from_claim_evidence_table
C020,perturbed,perturbed,research_agent_v1,RUN_20260531_174815_10_openclaw_deepseekv4pro_researchagentv1,RUN_20260531_174815_10_openclaw_deepseekv4pro_researchagentv1_CL007,Design recommendation,The format effect can be recovered by independently varying format and promotional framing,Logical necessity: identification requires independent variation; the packet's Question 4 explicitly requests design-change enumeration,High (logical),"Proof that under perfect collinearity a format effect can be identified without additional data, which is mathematically impossible",The format effect can be recovered by independently varying format and promotional framing,Claim-Evidence Table,outputs/raw_agent_logs/main/C020_perturbed__research_agent_v1__RUN_20260531_174815_10_openclaw_deepseekv4pro_researchagentv1.md,extracted_from_claim_evidence_table
C020,perturbed,perturbed,research_agent_v1,RUN_20260531_174815_10_openclaw_deepseekv4pro_researchagentv1,RUN_20260531_174815_10_openclaw_deepseekv4pro_researchagentv1_CL008,Methodological caveat,A null bundle effect does not imply the format has no effect,Format and promotion effects could offset; insufficient power; ceiling effects,High (logical),Evidence that the format and promotion effects must have the same sign and that power is adequate to detect even small effects,A null bundle effect does not imply the format has no effect,Claim-Evidence Table,outputs/raw_agent_logs/main/C020_perturbed__research_agent_v1__RUN_20260531_174815_10_openclaw_deepseekv4pro_researchagentv1.md,extracted_from_claim_evidence_table
C020,perturbed,perturbed,research_agent_v1,RUN_20260531_174815_10_openclaw_deepseekv4pro_researchagentv1,RUN_20260531_174815_10_openclaw_deepseekv4pro_researchagentv1_CL009,Methodological caution,Descriptive comparisons may mislead if implicitly framed as causal despite explicit correlational labeling,"Stage 4 Critic (Candidate 3 Threat 2): ""implicit causal framing"" risk from unmeasured version-level confounds",Moderate,Reader comprehension testing; qualitative analysis of downstream citations or interpretations,Descriptive comparisons may mislead if implicitly framed as causal despite explicit correlational labeling,Claim-Evidence Table,outputs/raw_agent_logs/main/C020_perturbed__research_agent_v1__RUN_20260531_174815_10_openclaw_deepseekv4pro_researchagentv1.md,extracted_from_claim_evidence_table
C020,perturbed,perturbed,research_agent_v1,RUN_20260531_174815_10_openclaw_deepseekv4pro_researchagentv1,RUN_20260531_174815_10_openclaw_deepseekv4pro_researchagentv1_CL010,External validity caveat,The analysis does not generalize beyond the retailer's setting,Packet provides only within-retailer data; no multi-retailer or multi-market variation,High,Multi-retailer replication data or a formal sampling frame covering a defined population of retailers,The analysis does not generalize beyond the retailer's setting,Claim-Evidence Table,outputs/raw_agent_logs/main/C020_perturbed__research_agent_v1__RUN_20260531_174815_10_openclaw_deepseekv4pro_researchagentv1.md,extracted_from_claim_evidence_table
C001,perturbed,perturbed,research_agent_v2_search,RUN_20260601_141101_01_openclaw_deepseekv4pro_researchagentv2search,RUN_20260601_141101_01_openclaw_deepseekv4pro_researchagentv2search_CL001,Descriptive/associational,"Households that opt in for advance notice differ from those that signal avoidance in their observed giving rates, contact rates, and contribution-size distributions.","Packet Stages 2–4 data: observed pre-contact choices (Stage 2), observed contact and giving outcomes (Stage 3), supplementary route/timing/solicitor identifiers (Stage 4).",High (directly observable from data),If giving rates and contact rates are statistically indistinguishable across pre-contact groups after accounting for sampling variability.,"C1: Households that opt in for advance notice differ from those that signal avoidance in their observed giving rates, contact rates, and contribution-size distributions.",Claim-Evidence Table,outputs/raw_agent_logs/main/C001_perturbed__research_agent_v2_search__RUN_20260601_141101_01_openclaw_deepseekv4pro_researchagentv2search.md,extracted_from_claim_evidence_table
C001,perturbed,perturbed,research_agent_v2_search,RUN_20260601_141101_01_openclaw_deepseekv4pro_researchagentv2search,RUN_20260601_141101_01_openclaw_deepseekv4pro_researchagentv2search_CL002,Descriptive/bounding,The difference in giving rates between pre-contact groups is bounded within an interval that can be derived under minimal assumptions (outcome is bounded; no assumption about selection).,"Packet binary giving outcome; logical support of [0,1]. Retrieval: 1503.01598, 1904.08522 (Manski/Horowitz-Manski bounding framework).",High for bound validity; low for bound informativeness,"Not falsifiable — the worst-case bounds are logically guaranteed. The claim that bounds are ""informative"" would be falsified if they span >90% of the [0,1] interval.",C2: The difference in giving rates between pre-contact groups is bounded within an interval that can be derived under minimal assumptions (outcome is bounded; no assumption about selection).,Claim-Evidence Table,outputs/raw_agent_logs/main/C001_perturbed__research_agent_v2_search__RUN_20260601_141101_01_openclaw_deepseekv4pro_researchagentv2search.md,extracted_from_claim_evidence_table
C001,perturbed,perturbed,research_agent_v2_search,RUN_20260601_141101_01_openclaw_deepseekv4pro_researchagentv2search,RUN_20260601_141101_01_openclaw_deepseekv4pro_researchagentv2search_CL003,Descriptive/bounding with untestable assumption,"Under the assumption that advance notice does not reduce giving for any household, the bounds on the ATE narrow to an interval with an informative lower bound.",Packet binary giving outcome; maintained monotonicity assumption. Retrieval: 1904.08522 (bounds under monotonicity).,Low (monotonicity is untestable and contradicted by the packet's own premise that social pressure from surprise encounters affects giving),"If data from an experiment with random assignment to pre-contact conditions shows that some households give only when surprised (no advance notice) and not when noticed — i.e., monotonicity is false.","C3: Under the assumption that advance notice does not reduce giving for any household, the bounds on the ATE narrow to an interval with an informative lower bound.",Claim-Evidence Table,outputs/raw_agent_logs/main/C001_perturbed__research_agent_v2_search__RUN_20260601_141101_01_openclaw_deepseekv4pro_researchagentv2search.md,extracted_from_claim_evidence_table
C001,perturbed,perturbed,research_agent_v2_search,RUN_20260601_141101_01_openclaw_deepseekv4pro_researchagentv2search,RUN_20260601_141101_01_openclaw_deepseekv4pro_researchagentv2search_CL004,Descriptive/sensitivity,The observed difference in giving between pre-contact groups is robust to selection on unobservables up to sensitivity parameter Γ.,Packet observed giving and pre-contact choice data; matched comparisons on route/neighborhood/timing/solicitor. Retrieval: 1503.01598 (sensitivity analysis framework); W3121385028 (Imbens & Wooldridge calibration).,"Moderate for method validity; low for informativeness (Γ threshold may be small, and no calibration benchmark exists)",If an experiment with random assignment produces an effect estimate outside the sensitivity bounds derived from the observational comparison.,C4: The observed difference in giving between pre-contact groups is robust to selection on unobservables up to sensitivity parameter Γ.,Claim-Evidence Table,outputs/raw_agent_logs/main/C001_perturbed__research_agent_v2_search__RUN_20260601_141101_01_openclaw_deepseekv4pro_researchagentv2search.md,extracted_from_claim_evidence_table
C001,perturbed,perturbed,research_agent_v2_search,RUN_20260601_141101_01_openclaw_deepseekv4pro_researchagentv2search,RUN_20260601_141101_01_openclaw_deepseekv4pro_researchagentv2search_CL005,Descriptive/associational,Avoidance behavior is predictable from observable household and route characteristics.,"Packet Stage 4 covariates (route, neighborhood, timing, solicitor). Logistic model of avoidance choice.",High (predictive models are testable on held-out data if sample size permits),If observable characteristics have zero predictive power for avoidance choice (null model).,C5: Avoidance behavior is predictable from observable household and route characteristics.,Claim-Evidence Table,outputs/raw_agent_logs/main/C001_perturbed__research_agent_v2_search__RUN_20260601_141101_01_openclaw_deepseekv4pro_researchagentv2search.md,extracted_from_claim_evidence_table
C001,perturbed,perturbed,research_agent_v2_search,RUN_20260601_141101_01_openclaw_deepseekv4pro_researchagentv2search,RUN_20260601_141101_01_openclaw_deepseekv4pro_researchagentv2search_CL006,Methodological calibration,No credible causal decomposition of giving into pressure and altruism mechanisms is possible under the perturbed packet conditions.,"Packet perturbation (endogenous pre-contact choice); packet research background (acknowledges unobserved willingness to engage); Stage 2 retrieval (1503.01598, 1904.08522, 1411.2056, W3121385028, 1607.00699, 2205.02288); Stage 4 critique (confirms no candidate achieves causal identification).",High,"If an instrument, RD design, or other source of exogenous variation in pre-contact conditions is identified in the setting — which the packet does not provide.",C6: No credible causal decomposition of giving into pressure and altruism mechanisms is possible under the perturbed packet conditions.,Claim-Evidence Table,outputs/raw_agent_logs/main/C001_perturbed__research_agent_v2_search__RUN_20260601_141101_01_openclaw_deepseekv4pro_researchagentv2search.md,extracted_from_claim_evidence_table
C001,perturbed,perturbed,research_agent_v2_search,RUN_20260601_141101_01_openclaw_deepseekv4pro_researchagentv2search,RUN_20260601_141101_01_openclaw_deepseekv4pro_researchagentv2search_CL007,Methodological calibration,"Matching on observable route, neighborhood, timing, and solicitor characteristics cannot recover causal effects because the core confound (willingness to engage) is unobserved and not proxied by these variables.","Packet perturbation (endogenous pre-contact choice); packet research background (""Potential donors may differ in how much they want to engage""); retrieval W3121385028, 1607.00699; Stage 4 critique verdict on Candidate 4.",High,"If willingness to engage is fully proxied by observed route, neighborhood, timing, and solicitor variables — which the packet's own description contradicts.","C7: Matching on observable route, neighborhood, timing, and solicitor characteristics cannot recover causal effects because the core confound (willingness to engage) is unobserved and not proxied by these variables.",Claim-Evidence Table,outputs/raw_agent_logs/main/C001_perturbed__research_agent_v2_search__RUN_20260601_141101_01_openclaw_deepseekv4pro_researchagentv2search.md,extracted_from_claim_evidence_table
C002,perturbed,perturbed,research_agent_v2_search,RUN_20260601_142014_02_openclaw_deepseekv4pro_researchagentv2search,RUN_20260601_142014_02_openclaw_deepseekv4pro_researchagentv2search_CL001,Descriptive correlation,Repayment outcomes differ across initial offer-rate groups.,"Packet: lender ""varies initial offer terms,"" observes ""repayment status, delinquency or default.""",Moderate (subject to whether offer-rate variation is meaningful and take-up responds),No detectable difference in repayment across offer arms; or offer-rate variation is too small to generate behavioral differences.,Repayment outcomes differ across initial offer-rate groups.,Claim-Evidence Table,outputs/raw_agent_logs/main/C002_perturbed__research_agent_v2_search__RUN_20260601_142014_02_openclaw_deepseekv4pro_researchagentv2search.md,extracted_from_claim_evidence_table
C002,perturbed,perturbed,research_agent_v2_search,RUN_20260601_142014_02_openclaw_deepseekv4pro_researchagentv2search,RUN_20260601_142014_02_openclaw_deepseekv4pro_researchagentv2search_CL002,Identification limitation,"The offer rate–repayment association reflects the combined effect of selection, incentives, and anticipation, without the ability to decompose these channels.","Packet perturbed condition (""borrowers are informed that final contract terms may differ""); Stage 4 critique (Candidates 2–4 `not_defensible`); retrieval (Karlan-Zinman exclusion restriction broken by anticipation).",High (negative claim — decomposition cannot be done),A design change introducing surprise contract-rate variation or an uninformed control group demonstrates that decomposition is feasible under a modified protocol.,"The offer rate–repayment association reflects the combined effect of selection, incentives, and anticipation, without the ability to decompose these channels.",Claim-Evidence Table,outputs/raw_agent_logs/main/C002_perturbed__research_agent_v2_search__RUN_20260601_142014_02_openclaw_deepseekv4pro_researchagentv2search.md,extracted_from_claim_evidence_table
C002,perturbed,perturbed,research_agent_v2_search,RUN_20260601_142014_02_openclaw_deepseekv4pro_researchagentv2search,RUN_20260601_142014_02_openclaw_deepseekv4pro_researchagentv2search_CL003,Descriptive correlation,"Take-up rates decrease as the initial offer rate increases, consistent with price-sensitive selection.","Packet: lender ""observes who responds or accepts"" by offer terms; standard consumer credit demand theory.",Moderate,"Take-up is unresponsive to offer-rate variation, implying the disclosed mapping neutralizes the offer-rate signal or other factors dominate the take-up decision.","Take-up rates decrease as the initial offer rate increases, consistent with price-sensitive selection.",Claim-Evidence Table,outputs/raw_agent_logs/main/C002_perturbed__research_agent_v2_search__RUN_20260601_142014_02_openclaw_deepseekv4pro_researchagentv2search.md,extracted_from_claim_evidence_table
C002,perturbed,perturbed,research_agent_v2_search,RUN_20260601_142014_02_openclaw_deepseekv4pro_researchagentv2search,RUN_20260601_142014_02_openclaw_deepseekv4pro_researchagentv2search_CL004,Identification limitation,The correlation between realized contract rates and repayment outcomes is not a causal estimate of incentive effects.,Stage 4 critique (Candidate 2 `not_defensible` — endogenous contract-term assignment); retrieval (Adams-Einav-Levin multidimensional selection).,High (negative claim — correlation ≠ causation),"An exogenous source of contract-rate variation (e.g., random post-acceptance adjustment) is introduced and produces a different estimate than the observational correlation.",The correlation between realized contract rates and repayment outcomes is not a causal estimate of incentive effects.,Claim-Evidence Table,outputs/raw_agent_logs/main/C002_perturbed__research_agent_v2_search__RUN_20260601_142014_02_openclaw_deepseekv4pro_researchagentv2search.md,extracted_from_claim_evidence_table
C002,perturbed,perturbed,research_agent_v2_search,RUN_20260601_142014_02_openclaw_deepseekv4pro_researchagentv2search,RUN_20260601_142014_02_openclaw_deepseekv4pro_researchagentv2search_CL005,Methodological claim,The perturbed condition (pre-application disclosure of the contract-rate mapping) breaks the exclusion restriction needed to separate selection from incentives using the Karlan-Zinman design.,Retrieval evidence (Karlan-Zinman 2009 design explicitly relies on surprise contract-rate revelation); Stage 4 critique cross-candidate analysis.,High,A theoretical argument or empirical demonstration showing that partially anticipated contract adjustments do not bias the decomposition under assumptions that hold in this setting.,The perturbed condition (pre-application disclosure of the contract-rate mapping) breaks the exclusion restriction needed to separate selection from incentives using the Karlan-Zinman design.,Claim-Evidence Table,outputs/raw_agent_logs/main/C002_perturbed__research_agent_v2_search__RUN_20260601_142014_02_openclaw_deepseekv4pro_researchagentv2search.md,extracted_from_claim_evidence_table
C002,perturbed,perturbed,research_agent_v2_search,RUN_20260601_142014_02_openclaw_deepseekv4pro_researchagentv2search,RUN_20260601_142014_02_openclaw_deepseekv4pro_researchagentv2search_CL006,Caveat/fragility,"If offer terms are not randomized, even the reduced-form total-effect comparison is confounded by lender risk-based pricing.","Packet: lender ""varies initial offer terms"" (not ""randomizes""); packet provides ""pre-offer borrower risk measures"" and ""prior credit history"" that a lender would use to set terms.",High (logical implication of non-random assignment),"Evidence that the lender does not use risk information to set offer terms, or a balance test showing offer arms are indistinguishable on all pre-offer observables.","If offer terms are not randomized, even the reduced-form total-effect comparison is confounded by lender risk-based pricing.",Claim-Evidence Table,outputs/raw_agent_logs/main/C002_perturbed__research_agent_v2_search__RUN_20260601_142014_02_openclaw_deepseekv4pro_researchagentv2search.md,extracted_from_claim_evidence_table
C002,perturbed,perturbed,research_agent_v2_search,RUN_20260601_142014_02_openclaw_deepseekv4pro_researchagentv2search,RUN_20260601_142014_02_openclaw_deepseekv4pro_researchagentv2search_CL007,Fallback recommendation,The reduced-form total-effect comparison is the only internally valid analysis available under the packet's constraints.,Stage 4 critique verdicts (3 of 4 candidates `not_defensible`; Candidate 1 `defensible_with_caveats`); Stage 3 candidate notes.,High (consistent with all packet evidence and retrieval findings),"A new candidate is proposed and survives packet-grounded scrutiny, demonstrating credible decomposition without additional data or design changes.",The reduced-form total-effect comparison is the only internally valid analysis available under the packet's constraints.,Claim-Evidence Table,outputs/raw_agent_logs/main/C002_perturbed__research_agent_v2_search__RUN_20260601_142014_02_openclaw_deepseekv4pro_researchagentv2search.md,extracted_from_claim_evidence_table
C004,perturbed,perturbed,research_agent_v2_search,RUN_20260601_143245_03_openclaw_deepseekv4pro_researchagentv2search,RUN_20260601_143245_03_openclaw_deepseekv4pro_researchagentv2search_CL001,Descriptive association,"Paid-search availability is associated with [positive/negative/null] partial correlation with downstream sales after conditioning on market FE, time FE, lagged sales, and market characteristics.",Panel regression estimates from the primary specification (Section 12.1); stability checks across alternative specifications (Section 13.4); leave-one-market-out analysis (Section 13.3).,"High (within-sample). The estimated sign and magnitude are direct outputs of the regression specification, subject to standard estimation uncertainty.",The association is not stable across alternative functional forms or influential-market exclusions.,"C1: Paid-search availability is associated with [positive/negative/null] partial correlation with downstream sales after conditioning on market FE, time FE, lagged sales, and market characteristics.",Claim-Evidence Table,outputs/raw_agent_logs/main/C004_perturbed__research_agent_v2_search__RUN_20260601_143245_03_openclaw_deepseekv4pro_researchagentv2search.md,extracted_from_claim_evidence_table
C004,perturbed,perturbed,research_agent_v2_search,RUN_20260601_143245_03_openclaw_deepseekv4pro_researchagentv2search,RUN_20260601_143245_03_openclaw_deepseekv4pro_researchagentv2search_CL002,Descriptive pattern,Markets where managers reduced paid search had systematically different pre-change sales trajectories compared to markets where paid search was maintained.,Raw sales trajectory plots aligned around paid-search change timing (Section 13.1); pre-change period regression coefficients from event-study specification (Section 12.3).,High (if visible in the data). A clear trend divergence is directly observable.,"Pre-change trajectories are visually indistinguishable between treatment-status groups (does not validate causal inference, but would be a descriptive fact about the sample).",C2: Markets where managers reduced paid search had systematically different pre-change sales trajectories compared to markets where paid search was maintained.,Claim-Evidence Table,outputs/raw_agent_logs/main/C004_perturbed__research_agent_v2_search__RUN_20260601_143245_03_openclaw_deepseekv4pro_researchagentv2search.md,extracted_from_claim_evidence_table
C004,perturbed,perturbed,research_agent_v2_search,RUN_20260601_143245_03_openclaw_deepseekv4pro_researchagentv2search,RUN_20260601_143245_03_openclaw_deepseekv4pro_researchagentv2search_CL003,Descriptive association with double-confounding caveat,The partial association between paid-search availability and sales differs in magnitude (and possibly sign) between less-active and already-active user segments.,Segment-level regression estimates (Section 12.2); segment composition statistics by treatment-status group (Section 14).,Moderate. Segment-level estimates are noisier due to smaller outcome volumes and are doubly confounded.,Segment composition differences across treatment-status groups account for the entire difference in segment-level associations.,C3: The partial association between paid-search availability and sales differs in magnitude (and possibly sign) between less-active and already-active user segments.,Claim-Evidence Table,outputs/raw_agent_logs/main/C004_perturbed__research_agent_v2_search__RUN_20260601_143245_03_openclaw_deepseekv4pro_researchagentv2search.md,extracted_from_claim_evidence_table
C004,perturbed,perturbed,research_agent_v2_search,RUN_20260601_143245_03_openclaw_deepseekv4pro_researchagentv2search,RUN_20260601_143245_03_openclaw_deepseekv4pro_researchagentv2search_CL004,Sensitivity diagnostic,The observed partial correlation is fragile to unobserved confounding of plausible magnitude.,Oster bounds (Section 13.2); comparison of coefficient stability across specifications with progressively richer controls.,"Moderate. The Oster δ parameter is estimated from observed coefficient and R² movements, which are data-driven.",The partial correlation is stable across all control specifications (δ is large) — this would suggest robustness to observables but still not validate causal interpretation given the packet-documented unobserved selection mechanism.,C4: The observed partial correlation is fragile to unobserved confounding of plausible magnitude.,Claim-Evidence Table,outputs/raw_agent_logs/main/C004_perturbed__research_agent_v2_search__RUN_20260601_143245_03_openclaw_deepseekv4pro_researchagentv2search.md,extracted_from_claim_evidence_table
C004,perturbed,perturbed,research_agent_v2_search,RUN_20260601_143245_03_openclaw_deepseekv4pro_researchagentv2search,RUN_20260601_143245_03_openclaw_deepseekv4pro_researchagentv2search_CL005,Methodological conclusion,"No credible causal effect of paid-search availability on downstream sales can be identified from the available data, because manager discretion introduces selection on forward-looking, unobserved demand expectations that is fatal to all standard identification strategies.","Packet description of selection mechanism (""operational judgments, expected demand, or budget considerations""); Ghanem et al. (arXiv:2203.09001) on selection and parallel trends; Huntington-Klein & Savje (arXiv:2207.13178) on outcome-driven treatments; Gordon et al. (arXiv:2201.07055) on non-experimental method failure in advertising; Stage 4 critique; Stage 3 candidate evaluation fragility assessments.",High. This conclusion follows from the logical structure of the perturbation and is validated by the retrieval literature.,Additional data revealing that manager decisions were based entirely on observed covariates or an exogenous rule not described in the packet. (This would contradict the perturbed condition by definition.),"C5: No credible causal effect of paid-search availability on downstream sales can be identified from the available data, because manager discretion introduces selection on forward-looking, unobserved demand expectations that is fatal to all standard identification strategies.",Claim-Evidence Table,outputs/raw_agent_logs/main/C004_perturbed__research_agent_v2_search__RUN_20260601_143245_03_openclaw_deepseekv4pro_researchagentv2search.md,extracted_from_claim_evidence_table
C004,perturbed,perturbed,research_agent_v2_search,RUN_20260601_143245_03_openclaw_deepseekv4pro_researchagentv2search,RUN_20260601_143245_03_openclaw_deepseekv4pro_researchagentv2search_CL006,Methodological recommendation,The strongest defensible empirical approach under the perturbed condition is a descriptive panel analysis with explicit disclaimers of causal interpretation.,"Stage 3 candidate evaluation; Stage 4 independent critique (verdict: all causal candidates ""not_defensible,"" descriptive candidate ""defensible_with_caveats""); retrieval design fallback findings; packet Known Constraints requiring claim downgrade when causal identification is not justified.",High. This follows from the logical elimination of all causal alternatives under the perturbation.,Discovery of a valid instrument or quasi-experimental variation source within the packet's data structure that is independent of manager expectations. (No such source is described in the packet.),C6: The strongest defensible empirical approach under the perturbed condition is a descriptive panel analysis with explicit disclaimers of causal interpretation.,Claim-Evidence Table,outputs/raw_agent_logs/main/C004_perturbed__research_agent_v2_search__RUN_20260601_143245_03_openclaw_deepseekv4pro_researchagentv2search.md,extracted_from_claim_evidence_table
C005,perturbed,perturbed,research_agent_v2_search,RUN_20260601_145350_04_openclaw_deepseekv4pro_researchagentv2search,RUN_20260601_145350_04_openclaw_deepseekv4pro_researchagentv2search_CL001,Causal (ITT),Campaign assignment has a causal effect on downstream conversions equal to the ITT.,"Randomized holdout assignment (Stage 2 of data structure), observed outcomes for all users. Balance tests on pre-campaign covariates.",High,Significant imbalance on pre-campaign covariates or a nonzero placebo ITT on pre-period outcomes would indicate randomization failure. Substantial differential outcome missingness by treatment status would indicate measurement-based bias.,Campaign assignment has a causal effect on downstream conversions equal to the ITT.,Claim-Evidence Table,outputs/raw_agent_logs/main/C005_perturbed__research_agent_v2_search__RUN_20260601_145350_04_openclaw_deepseekv4pro_researchagentv2search.md,extracted_from_claim_evidence_table
C005,perturbed,perturbed,research_agent_v2_search,RUN_20260601_145350_04_openclaw_deepseekv4pro_researchagentv2search,RUN_20260601_145350_04_openclaw_deepseekv4pro_researchagentv2search_CL002,Logical necessity,The causal effect of actual ad exposure on downstream conversions is not identified under the perturbed condition.,"Perturbed condition (no opportunity-side logs for untreated users). Packet's Research Background describing ""auctions, targeting rules, pacing, and optimization"" as delivery mechanisms. Stage 4 critique confirming Wald-IV and Ghost-Ads as `not_defensible`.",Very high,This is a logical claim about identifiability given data constraints. It would be falsified if the platform could provide opportunity-side data for untreated users (which is the single highest-value additional data request).,The causal effect of actual ad exposure on downstream conversions is not identified under the perturbed condition.,Claim-Evidence Table,outputs/raw_agent_logs/main/C005_perturbed__research_agent_v2_search__RUN_20260601_145350_04_openclaw_deepseekv4pro_researchagentv2search.md,extracted_from_claim_evidence_table
C005,perturbed,perturbed,research_agent_v2_search,RUN_20260601_145350_04_openclaw_deepseekv4pro_researchagentv2search,RUN_20260601_145350_04_openclaw_deepseekv4pro_researchagentv2search_CL003,Descriptive decomposition,The ITT is attenuated relative to the treatment-on-treated effect by the compliance rate.,"Data Card: ""assignment or eligibility does not guarantee actual exposure."" Treated-arm compliance rate estimate \(\hat{p}_D\). Standard noncompliance decomposition: ITT = \(\pi_c\) × LATE.",High for the existence of attenuation; unknown for the magnitude.,"If \(\hat{p}_D = 1\) (all treated users receive ≥1 impression), then attenuation is zero within the treated arm — but the population compliance rate would still be unknown because the control-arm opportunity denominator is unobserved.",The ITT is attenuated relative to the treatment-on-treated effect by the compliance rate.,Claim-Evidence Table,outputs/raw_agent_logs/main/C005_perturbed__research_agent_v2_search__RUN_20260601_145350_04_openclaw_deepseekv4pro_researchagentv2search.md,extracted_from_claim_evidence_table
C005,perturbed,perturbed,research_agent_v2_search,RUN_20260601_145350_04_openclaw_deepseekv4pro_researchagentv2search,RUN_20260601_145350_04_openclaw_deepseekv4pro_researchagentv2search_CL004,Descriptive / external validity,Naive comparisons of exposed vs. unexposed users within the treated group overstate ad effects.,"Packet's Stage 3: ""Conditional on eligibility, the platform determines whether the focal ad is actually served"" — selection, not randomization. External evidence (arXiv:2112.15155, arXiv:1912.09012) showing 600% vs. 110% lift discrepancies. Stage 4 critique confirming Descriptive Association as `not_defensible`.",High for direction; moderate for magnitude in this specific campaign,"If the platform's delivery rule were revealed to be effectively random within eligible users (contradicted by the packet's description of ""auctions, targeting rules, pacing, and optimization""), the selection-into-exposure bias would be zero.",Naive comparisons of exposed vs. unexposed users within the treated group overstate ad effects.,Claim-Evidence Table,outputs/raw_agent_logs/main/C005_perturbed__research_agent_v2_search__RUN_20260601_145350_04_openclaw_deepseekv4pro_researchagentv2search.md,extracted_from_claim_evidence_table
C005,perturbed,perturbed,research_agent_v2_search,RUN_20260601_145350_04_openclaw_deepseekv4pro_researchagentv2search,RUN_20260601_145350_04_openclaw_deepseekv4pro_researchagentv2search_CL005,Predictive / external validity,PIE-calibrated predictions improve budget allocation relative to naive observational methods.,External evidence (arXiv:2304.06828) showing 48-68% of RCT error for PIE vs. 491% for propensity-score methods.,Moderate,"If the ITT is not statistically distinguishable from zero, PIE has no training signal. If the relationship between proxy metrics and incrementality changes between calibration and application periods (distributional shift), PIE predictions degrade.",PIE-calibrated predictions improve budget allocation relative to naive observational methods.,Claim-Evidence Table,outputs/raw_agent_logs/main/C005_perturbed__research_agent_v2_search__RUN_20260601_145350_04_openclaw_deepseekv4pro_researchagentv2search.md,extracted_from_claim_evidence_table
C005,perturbed,perturbed,research_agent_v2_search,RUN_20260601_145350_04_openclaw_deepseekv4pro_researchagentv2search,RUN_20260601_145350_04_openclaw_deepseekv4pro_researchagentv2search_CL006,Partial identification / bounds,"The ITT bounds the TOT between \(\widehat{\text{ITT}}\) and \(\widehat{\text{ITT}} / (\hat{p}_{D,Z=1} \cdot P(Z=1))\).","Treated-arm compliance rate \(\hat{p}_{D,Z=1}\). Extreme-case assumptions: minimum compliance (all controls would have been opportunity-eligible → \(\pi_c = \hat{p}_{D,Z=1} \cdot P(Z=1)\)) and maximum compliance (no controls would have been opportunity-eligible → \(\pi_c = 1\) for treated, zero for controls, but this case is degenerate for the Wald estimator).",Low (bounds are wide),The bounds are inherently assumption-driven. Tighter bounds would require additional data on control-arm opportunity eligibility (the critical additional-data request).,"The ITT bounds the TOT between \(\widehat{\text{ITT}}\) and \(\widehat{\text{ITT}} / (\hat{p}_{D,Z=1} \cdot P(Z=1))\).",Claim-Evidence Table,outputs/raw_agent_logs/main/C005_perturbed__research_agent_v2_search__RUN_20260601_145350_04_openclaw_deepseekv4pro_researchagentv2search.md,extracted_from_claim_evidence_table
C005,perturbed,perturbed,research_agent_v2_search,RUN_20260601_145350_04_openclaw_deepseekv4pro_researchagentv2search,RUN_20260601_145350_04_openclaw_deepseekv4pro_researchagentv2search_CL007,Methodological,"The perturbed condition is a binding constraint, not a minor data limitation.",Stage 2 retrieval's seven method-fragility findings all converge on this conclusion. Stage 4 critique finds two of three exposure-level candidates `not_defensible` and the third `defensible_with_caveats`. The packet's Research Background describes selective delivery mechanisms incompatible with the full-eligibility assumption.,Very high,"If a valid identification strategy for the exposure effect that does not require opportunity-side data for controls were demonstrated — but no such strategy exists in the literature reviewed, and the critique confirms the identification failure is structural, not a gap in the literature.","The perturbed condition is a binding constraint, not a minor data limitation.",Claim-Evidence Table,outputs/raw_agent_logs/main/C005_perturbed__research_agent_v2_search__RUN_20260601_145350_04_openclaw_deepseekv4pro_researchagentv2search.md,extracted_from_claim_evidence_table
C008,perturbed,perturbed,research_agent_v2_search,RUN_20260601_150718_05_openclaw_deepseekv4pro_researchagentv2search,RUN_20260601_150718_05_openclaw_deepseekv4pro_researchagentv2search_CL001,**Descriptive**,C1. Demand-share shifted across product categories during the period when all-in pricing was introduced in the focal store,Pre-post demand-share computation from transaction records; R3 pseudo-intervention comparison; R4 time-series plots,**Moderate** (subject to compliance sensitivity; no external benchmark),"The demand-share shift pattern is not robust to alternative pre-post window definitions, or the pseudo-intervention in the pre-period produces similar shifts, or the pattern reverses under alternative compliance-classification rules",C1. Demand-share shifted across product categories during the period when all-in pricing was introduced in the focal store,Claim-Evidence Table,outputs/raw_agent_logs/main/C008_perturbed__research_agent_v2_search__RUN_20260601_150718_05_openclaw_deepseekv4pro_researchagentv2search.md,extracted_from_claim_evidence_table
C008,perturbed,perturbed,research_agent_v2_search,RUN_20260601_150718_05_openclaw_deepseekv4pro_researchagentv2search,RUN_20260601_150718_05_openclaw_deepseekv4pro_researchagentv2search_CL002,**Descriptive**,C2. Category X gained demand-share and Category Y lost demand-share coincident with the intervention period,Demand-share decomposition by category; compliance sensitivity checks (R1),**Low-Moderate** (depends on compliance classification accuracy),Alternative compliance-classification rules assign the gain/loss to different categories; the shift is within the range of normal pre-period volatility,C2. Category X gained demand-share and Category Y lost demand-share coincident with the intervention period,Claim-Evidence Table,outputs/raw_agent_logs/main/C008_perturbed__research_agent_v2_search__RUN_20260601_150718_05_openclaw_deepseekv4pro_researchagentv2search.md,extracted_from_claim_evidence_table
C008,perturbed,perturbed,research_agent_v2_search,RUN_20260601_150718_05_openclaw_deepseekv4pro_researchagentv2search,RUN_20260601_150718_05_openclaw_deepseekv4pro_researchagentv2search_CL003,**Descriptive**,C3. The demand reallocation pattern is concentrated in (or spread across) a small number of product categories,Leave-one-category-out stability (R5); reallocation matrix,**Moderate**,The leave-one-out analysis shows the pattern is driven by a single category with anomalous data,C3. The demand reallocation pattern is concentrated in (or spread across) a small number of product categories,Claim-Evidence Table,outputs/raw_agent_logs/main/C008_perturbed__research_agent_v2_search__RUN_20260601_150718_05_openclaw_deepseekv4pro_researchagentv2search.md,extracted_from_claim_evidence_table
C008,perturbed,perturbed,research_agent_v2_search,RUN_20260601_150718_05_openclaw_deepseekv4pro_researchagentv2search,RUN_20260601_150718_05_openclaw_deepseekv4pro_researchagentv2search_CL004,**Descriptive**,C4. The observed demand-share shifts are larger (or not larger) than normal period-to-period fluctuation in the focal store,Pre-period volatility benchmark (Section 12); percentile ranks for each category,**Low-Moderate** (single-store volatility is an imperfect benchmark),Similar or larger shifts occur in randomly selected pre-period windows,C4. The observed demand-share shifts are larger (or not larger) than normal period-to-period fluctuation in the focal store,Claim-Evidence Table,outputs/raw_agent_logs/main/C008_perturbed__research_agent_v2_search__RUN_20260601_150718_05_openclaw_deepseekv4pro_researchagentv2search.md,extracted_from_claim_evidence_table
C008,perturbed,perturbed,research_agent_v2_search,RUN_20260601_150718_05_openclaw_deepseekv4pro_researchagentv2search,RUN_20260601_150718_05_openclaw_deepseekv4pro_researchagentv2search_CL005,**Descriptive**,C5. Untreated categories adjacent to treated displays show larger demand-share changes than distant untreated categories,Shelf-layout data (D6) stratified by proximity; demand-share shifts by proximity group,**Low** (requires shelf-layout data not confirmed in packet; confounded with product-category characteristics),No shelf-layout data available; or the pattern is not robust to controlling for category characteristics,C5. Untreated categories adjacent to treated displays show larger demand-share changes than distant untreated categories,Claim-Evidence Table,outputs/raw_agent_logs/main/C008_perturbed__research_agent_v2_search__RUN_20260601_150718_05_openclaw_deepseekv4pro_researchagentv2search.md,extracted_from_claim_evidence_table
C008,perturbed,perturbed,research_agent_v2_search,RUN_20260601_150718_05_openclaw_deepseekv4pro_researchagentv2search,RUN_20260601_150718_05_openclaw_deepseekv4pro_researchagentv2search_CL006,**Descriptive**,C6. The demand reallocation pattern differs across high-price vs. low-price categories,Heterogeneity analysis by price level (H1),**Low-Moderate** (observational; confounded with other category characteristics),The pattern is homogeneous across price levels; or controlling for category characteristics eliminates the difference,C6. The demand reallocation pattern differs across high-price vs. low-price categories,Claim-Evidence Table,outputs/raw_agent_logs/main/C008_perturbed__research_agent_v2_search__RUN_20260601_150718_05_openclaw_deepseekv4pro_researchagentv2search.md,extracted_from_claim_evidence_table
C008,perturbed,perturbed,research_agent_v2_search,RUN_20260601_150718_05_openclaw_deepseekv4pro_researchagentv2search,RUN_20260601_150718_05_openclaw_deepseekv4pro_researchagentv2search_CL007,**Causal**,C7. The observed demand shifts are causally attributable to the display change,**None available**,**Not defensible**,**Claim is not made.** The perturbation removes all identifying variation needed for causal claims. No within-store evidence can support this claim.,C7. The observed demand shifts are causally attributable to the display change,Claim-Evidence Table,outputs/raw_agent_logs/main/C008_perturbed__research_agent_v2_search__RUN_20260601_150718_05_openclaw_deepseekv4pro_researchagentv2search.md,extracted_from_claim_evidence_table
C008,perturbed,perturbed,research_agent_v2_search,RUN_20260601_150718_05_openclaw_deepseekv4pro_researchagentv2search,RUN_20260601_150718_05_openclaw_deepseekv4pro_researchagentv2search_CL008,**Causal-mechanism**,C8. The observed demand shifts operate through a salience channel specifically,**None available**,**Not defensible**,"**Claim is not made.** Salience, effective price, attention, and substitution channels are observationally equivalent in single-store data.",C8. The observed demand shifts operate through a salience channel specifically,Claim-Evidence Table,outputs/raw_agent_logs/main/C008_perturbed__research_agent_v2_search__RUN_20260601_150718_05_openclaw_deepseekv4pro_researchagentv2search.md,extracted_from_claim_evidence_table
C008,perturbed,perturbed,research_agent_v2_search,RUN_20260601_150718_05_openclaw_deepseekv4pro_researchagentv2search,RUN_20260601_150718_05_openclaw_deepseekv4pro_researchagentv2search_CL009,**Normative/welfare**,C9. Making add-on charges visible improves consumer welfare or reduces dark-pattern harms,**None available**,**Not defensible**,"**Claim is not made.** Welfare assessment requires causal evidence on consumer decision quality, which the single-store descriptive analysis cannot provide.",C9. Making add-on charges visible improves consumer welfare or reduces dark-pattern harms,Claim-Evidence Table,outputs/raw_agent_logs/main/C008_perturbed__research_agent_v2_search__RUN_20260601_150718_05_openclaw_deepseekv4pro_researchagentv2search.md,extracted_from_claim_evidence_table
C008,perturbed,perturbed,research_agent_v2_search,RUN_20260601_150718_05_openclaw_deepseekv4pro_researchagentv2search,RUN_20260601_150718_05_openclaw_deepseekv4pro_researchagentv2search_CL010,**Methodological**,"C10. Bounding, synthetic control, or partial identification methods recover valid causal estimates from the available data","Stage 4 critique + retrieval evidence (2402.14538, 2004.12489, 2605.15119, 2601.15764, 2108.02196)",N/A (negative claim — methods are not_defensible),N/A — this is a methodological assessment confirmed by external evidence. It would be falsified if valid untreated comparison stores were restored to the design.,"C10. Bounding, synthetic control, or partial identification methods recover valid causal estimates from the available data",Claim-Evidence Table,outputs/raw_agent_logs/main/C008_perturbed__research_agent_v2_search__RUN_20260601_150718_05_openclaw_deepseekv4pro_researchagentv2search.md,extracted_from_claim_evidence_table
C010,perturbed,perturbed,research_agent_v2_search,RUN_20260601_152208_06_openclaw_deepseekv4pro_researchagentv2search,RUN_20260601_152208_06_openclaw_deepseekv4pro_researchagentv2search_CL001,Causal (ITT of bundled treatment),Assignment to an announced offer schedule causally affects actual seasonal input adoption,Randomization of schedule assignment; ITT estimate \(\hat{\beta}_k\) with randomization-based inference,**Moderate** — conditional on SUTVA,Balance tests showing systematic covariate imbalance across arms; spatial correlation in outcomes indicating SUTVA violation,Assignment to an announced offer schedule causally affects actual seasonal input adoption,Claim-Evidence Table,outputs/raw_agent_logs/main/C010_perturbed__research_agent_v2_search__RUN_20260601_152208_06_openclaw_deepseekv4pro_researchagentv2search.md,extracted_from_claim_evidence_table
C010,perturbed,perturbed,research_agent_v2_search,RUN_20260601_152208_06_openclaw_deepseekv4pro_researchagentv2search,RUN_20260601_152208_06_openclaw_deepseekv4pro_researchagentv2search_CL002,Causal (comparative ITT),The effect of announced schedule on adoption differs across schedule arms (menu matters),Omnibus \(F\)-test of \(\beta_1 = \dots = \beta_K = 0\); pairwise comparisons \(\beta_k - \beta_j\),**Moderate** — conditional on SUTVA and multiple-comparison adjustment,Failure to reject the omnibus null; pairwise comparisons not robust to multiple-testing correction,The effect of announced schedule on adoption differs across schedule arms (menu matters),Claim-Evidence Table,outputs/raw_agent_logs/main/C010_perturbed__research_agent_v2_search__RUN_20260601_152208_06_openclaw_deepseekv4pro_researchagentv2search.md,extracted_from_claim_evidence_table
C010,perturbed,perturbed,research_agent_v2_search,RUN_20260601_152208_06_openclaw_deepseekv4pro_researchagentv2search,RUN_20260601_152208_06_openclaw_deepseekv4pro_researchagentv2search_CL003,Descriptive,Producers exhibit systematic gaps between stated intentions and actual adoption,Within-subject \(\Delta_i = Y_i^{\text{stated}} - Y_i^{\text{actual}}\); test \(\bar{\Delta}_k = 0\) within each arm,"**Low** — contaminated by demand effects, post-treatment measurement, and unobserved shocks",Null within-arm gaps; gap magnitude correlated with reported shocks rather than schedule characteristics,Producers exhibit systematic gaps between stated intentions and actual adoption,Claim-Evidence Table,outputs/raw_agent_logs/main/C010_perturbed__research_agent_v2_search__RUN_20260601_152208_06_openclaw_deepseekv4pro_researchagentv2search.md,extracted_from_claim_evidence_table
C010,perturbed,perturbed,research_agent_v2_search,RUN_20260601_152208_06_openclaw_deepseekv4pro_researchagentv2search,RUN_20260601_152208_06_openclaw_deepseekv4pro_researchagentv2search_CL004,Descriptive (associational),The intention-action gap varies by announced schedule characteristics,Comparison of \(\bar{\Delta}_k\) across arms \(k\),**Low** — circularity problem; intentions are post-treatment,Null cross-arm gap differences; gap differences disappear when controlling for compliance rates,The intention-action gap varies by announced schedule characteristics,Claim-Evidence Table,outputs/raw_agent_logs/main/C010_perturbed__research_agent_v2_search__RUN_20260601_152208_06_openclaw_deepseekv4pro_researchagentv2search.md,extracted_from_claim_evidence_table
C010,perturbed,perturbed,research_agent_v2_search,RUN_20260601_152208_06_openclaw_deepseekv4pro_researchagentv2search,RUN_20260601_152208_06_openclaw_deepseekv4pro_researchagentv2search_CL005,Interpretive pattern,The observed adoption pattern is consistent with a procrastination-based mechanism,Qualitative comparison of gap patterns with predictions of time-inconsistency models,**Very low** — Breig (2019) non-identification result applies; multiple alternative explanations,"Any alternative mechanism (rational planning, shock response, demand effects) fits the data equally well",The observed adoption pattern is consistent with a procrastination-based mechanism,Claim-Evidence Table,outputs/raw_agent_logs/main/C010_perturbed__research_agent_v2_search__RUN_20260601_152208_06_openclaw_deepseekv4pro_researchagentv2search.md,extracted_from_claim_evidence_table
C010,perturbed,perturbed,research_agent_v2_search,RUN_20260601_152208_06_openclaw_deepseekv4pro_researchagentv2search,RUN_20260601_152208_06_openclaw_deepseekv4pro_researchagentv2search_CL006,**Not claimable**,"The timing of the purchase window, separate from its announcement, affects adoption",No within-design evidence available,**N/A** — unidentified under perturbation,N/A — the design cannot test this claim,"The timing of the purchase window, separate from its announcement, affects adoption",Claim-Evidence Table,outputs/raw_agent_logs/main/C010_perturbed__research_agent_v2_search__RUN_20260601_152208_06_openclaw_deepseekv4pro_researchagentv2search.md,extracted_from_claim_evidence_table
C010,perturbed,perturbed,research_agent_v2_search,RUN_20260601_152208_06_openclaw_deepseekv4pro_researchagentv2search,RUN_20260601_152208_06_openclaw_deepseekv4pro_researchagentv2search_CL007,**Not claimable**,Present-bias or time-inconsistent preferences are present among producers,No continuation values observed; Breig (2019) non-identification result,**N/A** — unidentified without continuation values,N/A — the data cannot distinguish present-bias from time-consistent optimization,Present-bias or time-inconsistent preferences are present among producers,Claim-Evidence Table,outputs/raw_agent_logs/main/C010_perturbed__research_agent_v2_search__RUN_20260601_152208_06_openclaw_deepseekv4pro_researchagentv2search.md,extracted_from_claim_evidence_table
C010,perturbed,perturbed,research_agent_v2_search,RUN_20260601_152208_06_openclaw_deepseekv4pro_researchagentv2search,RUN_20260601_152208_06_openclaw_deepseekv4pro_researchagentv2search_CL008,**Not claimable**,Spillover via information sharing does not bias the ITT,"No network, spatial, or belief data available",**N/A** — untestable with current data,N/A — the design cannot assess spillover magnitude or direction,Spillover via information sharing does not bias the ITT,Claim-Evidence Table,outputs/raw_agent_logs/main/C010_perturbed__research_agent_v2_search__RUN_20260601_152208_06_openclaw_deepseekv4pro_researchagentv2search.md,extracted_from_claim_evidence_table
C010,perturbed,perturbed,research_agent_v2_search,RUN_20260601_152208_06_openclaw_deepseekv4pro_researchagentv2search,RUN_20260601_152208_06_openclaw_deepseekv4pro_researchagentv2search_CL009,**Not claimable**,The ITT of announced schedule generalizes to unannounced timing regimes,No unannounced-timing arm exists,**N/A** — all estimates are conditional on early announcement,N/A — external validity to unannounced settings is unknown,The ITT of announced schedule generalizes to unannounced timing regimes,Claim-Evidence Table,outputs/raw_agent_logs/main/C010_perturbed__research_agent_v2_search__RUN_20260601_152208_06_openclaw_deepseekv4pro_researchagentv2search.md,extracted_from_claim_evidence_table
C014,perturbed,perturbed,research_agent_v2_search,RUN_20260601_153503_07_openclaw_deepseekv4pro_researchagentv2search,RUN_20260601_153503_07_openclaw_deepseekv4pro_researchagentv2search_CL001,Design assumption (testable),Random assignment to monitoring interventions generates ex ante comparable groups of projects for the purpose of estimating effects on administrative reporting outcomes.,"Packet: ""Researcher- or government-controlled assignment of monitoring interventions across eligible projects or communities."" Baseline balance can be tested on project type, size, planned budget, region, timing.",High (if balance tests pass); Low (if they fail),"Significant imbalance on baseline covariates that is not correctable by covariate adjustment, or evidence of non-random assignment implementation.",Random assignment to monitoring interventions generates ex ante comparable groups of projects for the purpose of estimating effects on administrative reporting outcomes.,Claim-Evidence Table,outputs/raw_agent_logs/main/C014_perturbed__research_agent_v2_search__RUN_20260601_153503_07_openclaw_deepseekv4pro_researchagentv2search.md,extracted_from_claim_evidence_table
C014,perturbed,perturbed,research_agent_v2_search,RUN_20260601_153503_07_openclaw_deepseekv4pro_researchagentv2search,RUN_20260601_153503_07_openclaw_deepseekv4pro_researchagentv2search_CL002,Causal (reporting outcome only),Monitoring assignment changes officially reported project expenditures relative to the control condition.,Packet: administrative expenditure data as primary outcome; random assignment. Estimated as \(\hat{\beta}_F\) and \(\hat{\beta}_C\) from ITT regression.,Moderate (internal validity qualified by SUTVA and completeness assumptions),(a) SUTVA violation documented through spatial/network spillover analysis; (b) differential administrative record completeness across arms; (c) no significant difference and tight confidence intervals (genuine null for reporting).,Monitoring assignment changes officially reported project expenditures relative to the control condition.,Claim-Evidence Table,outputs/raw_agent_logs/main/C014_perturbed__research_agent_v2_search__RUN_20260601_153503_07_openclaw_deepseekv4pro_researchagentv2search.md,extracted_from_claim_evidence_table
C014,perturbed,perturbed,research_agent_v2_search,RUN_20260601_153503_07_openclaw_deepseekv4pro_researchagentv2search,RUN_20260601_153503_07_openclaw_deepseekv4pro_researchagentv2search_CL003,Descriptive comparison (reporting patterns only),Formal oversight and community monitoring produce different patterns of administrative reporting outcomes.,Packet: two monitoring types; multiple secondary outcome margins. Estimated as \(\hat{\beta}_F - \hat{\beta}_C\) and through comparison of outcome composition across arms.,"Low (confounded by record-generation differences, intensity differences, and mechanism ambiguity)","Systematic differences in administrative record volumes that track treatment-arm identity rather than project characteristics, indicating record-generation artifacts rather than reporting responses.",Formal oversight and community monitoring produce different patterns of administrative reporting outcomes.,Claim-Evidence Table,outputs/raw_agent_logs/main/C014_perturbed__research_agent_v2_search__RUN_20260601_153503_07_openclaw_deepseekv4pro_researchagentv2search.md,extracted_from_claim_evidence_table
C014,perturbed,perturbed,research_agent_v2_search,RUN_20260601_153503_07_openclaw_deepseekv4pro_researchagentv2search,RUN_20260601_153503_07_openclaw_deepseekv4pro_researchagentv2search_CL004,Interpretive bound (non-identification result),"Reporting changes following monitoring introduction are consistent with one or more of: reduced corruption, improved reporting honesty, strategic displacement, or legitimate scope changes — with no way to distinguish among them.","Packet: perturbation removes independent measurement. Retrieval: Campbell review (Molina et al., 2016), NBER template (Muralidharan et al., 2016), arXiv papers (2108.08944, 2512.09652). Stage 4 critic: all four fallback candidates fail to resolve observational equivalence.","High (this is a logical consequence of the data structure, not an empirical claim)",Availability of independent physical or survey-based outcome measurement that validates one mechanism against the others — which would remove the perturbation.,"Reporting changes following monitoring introduction are consistent with one or more of: reduced corruption, improved reporting honesty, strategic displacement, or legitimate scope changes — with no way to distinguish among them.",Claim-Evidence Table,outputs/raw_agent_logs/main/C014_perturbed__research_agent_v2_search__RUN_20260601_153503_07_openclaw_deepseekv4pro_researchagentv2search.md,extracted_from_claim_evidence_table
C014,perturbed,perturbed,research_agent_v2_search,RUN_20260601_153503_07_openclaw_deepseekv4pro_researchagentv2search,RUN_20260601_153503_07_openclaw_deepseekv4pro_researchagentv2search_CL005,Methodological constraint (negative claim),The design cannot support any claim about true corruption or leakage reduction.,Retrieval design-fallback findings; Stage 4 critic verdicts of `not_defensible` for Candidates 2–5; structural unidentifiability of corruption parameter when only treatment-endogenous administrative outcomes are observed.,Very High (this is a logical and methodological necessity given the perturbed condition),"Demonstration that a constructed administrative-records proxy validates against independent corruption measures in a comparable setting without the perturbation — which would establish that such proxies can be validated, but would not by itself validate them in *this* setting under *this* perturbation.",The design cannot support any claim about true corruption or leakage reduction.,Claim-Evidence Table,outputs/raw_agent_logs/main/C014_perturbed__research_agent_v2_search__RUN_20260601_153503_07_openclaw_deepseekv4pro_researchagentv2search.md,extracted_from_claim_evidence_table
C014,perturbed,perturbed,research_agent_v2_search,RUN_20260601_153503_07_openclaw_deepseekv4pro_researchagentv2search,RUN_20260601_153503_07_openclaw_deepseekv4pro_researchagentv2search_CL006,Descriptive (diagnostic only),"Within-project administrative record discrepancies (if multiple records exist), benchmark deviations, and reporting-change timing can characterize the nature of reporting responses but cannot identify corruption effects.",Retrieval: arXiv 2512.09652 (discrepancy analysis flags irregularity but requires independent validation); NBER w22803 (benchmark deviation corroborated by surveys); Stage 4 critic verdicts on Candidates 3–5.,Moderate (for characterizing reporting patterns); Very Low (for corruption attribution),"If diagnostic patterns are flat and uninformative across all supplementary analyses — i.e., monitoring produces no detectable signature in any administrative outcome margin — then the supplementary diagnostics add no interpretive value.","Within-project administrative record discrepancies (if multiple records exist), benchmark deviations, and reporting-change timing can characterize the nature of reporting responses but cannot identify corruption effects.",Claim-Evidence Table,outputs/raw_agent_logs/main/C014_perturbed__research_agent_v2_search__RUN_20260601_153503_07_openclaw_deepseekv4pro_researchagentv2search.md,extracted_from_claim_evidence_table
C016,perturbed,perturbed,research_agent_v2_search,RUN_20260601_154952_08_openclaw_deepseekv4pro_researchagentv2search,RUN_20260601_154952_08_openclaw_deepseekv4pro_researchagentv2search_CL001,Causal (on reported behavior),"Targeted-information assignment has a causal effect on self-reported behavioral patterns (activity, partner characteristics, protection behavior).","Packet: school-level variation in information content, individual-level survey follow-up, baseline covariates for adjustment. Retrieval: Rosenman et al. (2021) confirms this estimand is well-defined as the ITT on self-reports — distinct from the behavioral ITT.","Moderate (conditional on adequacy of school-level conditioning; threatened by unobserved reporting-norm confounds, spillover, differential attrition)",(a) Baseline covariate balance tests reveal systematic imbalance between targeted and generic-only schools on observables not captured by available covariates. (b) Differential attrition analysis shows survey non-response is correlated with treatment arm in ways that covariate adjustment cannot address. (c) Wild cluster bootstrap reveals that cluster-robust inference is unreliable given the number of schools.,"Targeted-information assignment has a causal effect on self-reported behavioral patterns (activity, partner characteristics, protection behavior).",Claim-Evidence Table,outputs/raw_agent_logs/main/C016_perturbed__research_agent_v2_search__RUN_20260601_154952_08_openclaw_deepseekv4pro_researchagentv2search.md,extracted_from_claim_evidence_table
C016,perturbed,perturbed,research_agent_v2_search,RUN_20260601_154952_08_openclaw_deepseekv4pro_researchagentv2search,RUN_20260601_154952_08_openclaw_deepseekv4pro_researchagentv2search_CL002,Identification-bound (negative claim),The true behavioral effect of targeted information cannot be credibly distinguished from differential reporting using the available data.,"Packet: perturbation removes objective outcome. Retrieval: Rosenman et al. (2021) bias theorem — bias = −(Ū+Ō)τ_sp − Cov(U,τ) − Cov(O,τ) — proves that without objective validation data, the bias is unidentified. Ackerman et al. (2019) proves external validation data are not transportable.",High,"Objective validation data within the study (biomarkers, administrative records) would allow estimation of reporting-class parameters and partial identification of the bias, falsifying the claim that the behavioral effect cannot be distinguished.",The true behavioral effect of targeted information cannot be credibly distinguished from differential reporting using the available data.,Claim-Evidence Table,outputs/raw_agent_logs/main/C016_perturbed__research_agent_v2_search__RUN_20260601_154952_08_openclaw_deepseekv4pro_researchagentv2search.md,extracted_from_claim_evidence_table
C016,perturbed,perturbed,research_agent_v2_search,RUN_20260601_154952_08_openclaw_deepseekv4pro_researchagentv2search,RUN_20260601_154952_08_openclaw_deepseekv4pro_researchagentv2search_CL003,Descriptive with sensitivity bounds,"Under plausible differential-reporting parameters (Γ ≤ 1.5, π_U ≤ 0.20), the Rosenman-Γ sensitivity bounds on the true behavioral effect [include / exclude] zero.","Packet: self-reported binary outcomes. Retrieval: Rosenman et al. (2021) sensitivity framework, power benchmarks.","Low to Moderate (dependent on sample size, which the packet does not disclose)","(a) The packet's sample is too small for the bounds to be informative (bounds include both large positive and large negative effects for all plausible Γ values). (b) Spillover and non-compliance create additional dimensions of uncertainty beyond what the one-dimensional Γ parameter captures, widening true bounds beyond the reported ones. (c) An internal validation subsample reveals that the true (π_U, π_O, Γ) values are outside the considered range.","Under plausible differential-reporting parameters (Γ ≤ 1.5, π_U ≤ 0.20), the Rosenman-Γ sensitivity bounds on the true behavioral effect [include / exclude] zero.",Claim-Evidence Table,outputs/raw_agent_logs/main/C016_perturbed__research_agent_v2_search__RUN_20260601_154952_08_openclaw_deepseekv4pro_researchagentv2search.md,extracted_from_claim_evidence_table
C016,perturbed,perturbed,research_agent_v2_search,RUN_20260601_154952_08_openclaw_deepseekv4pro_researchagentv2search,RUN_20260601_154952_08_openclaw_deepseekv4pro_researchagentv2search_CL004,Descriptive (diagnostic),Cross-item consistency checks can diagnose gross data-quality problems in the self-report data but cannot validate self-reports as accurate measures of behavior.,"Packet: three outcome families (activity, partner characteristics, protection). Retrieval: packet-relevant takeaways recommend within-survey consistency analysis as a diagnostic. Stage 4 critique: confirms this is a diagnostic, not a strategy; cannot distinguish differential reporting from heterogeneous treatment effects.",Low (as a strategy); Moderate (as a supplementary diagnostic),"(a) Cross-arm differences in item-correlation structure are shown, through external behavioral data, to reflect genuine treatment-effect heterogeneity rather than differential reporting. (b) The survey items lack sufficient logical-consistency structure to construct meaningful tests.",Cross-item consistency checks can diagnose gross data-quality problems in the self-report data but cannot validate self-reports as accurate measures of behavior.,Claim-Evidence Table,outputs/raw_agent_logs/main/C016_perturbed__research_agent_v2_search__RUN_20260601_154952_08_openclaw_deepseekv4pro_researchagentv2search.md,extracted_from_claim_evidence_table
C016,perturbed,perturbed,research_agent_v2_search,RUN_20260601_154952_08_openclaw_deepseekv4pro_researchagentv2search,RUN_20260601_154952_08_openclaw_deepseekv4pro_researchagentv2search_CL005,Identification-bound (negative claim),"School-level reporting norms may confound the self-report ITT, and this confound cannot be separated from the treatment effect in a school-level assignment design.",Packet: assignment at school or classroom-wide level. Retrieval: design-fallback findings note that school-level reporting norms are perfectly collinear with treatment assignment. Stage 4 critique: confirms this as a packet-structural threat.,High,"Within-school random assignment to information conditions (e.g., classroom-level randomization) would break the collinearity, allowing school fixed effects to absorb reporting-norm confounds.","School-level reporting norms may confound the self-report ITT, and this confound cannot be separated from the treatment effect in a school-level assignment design.",Claim-Evidence Table,outputs/raw_agent_logs/main/C016_perturbed__research_agent_v2_search__RUN_20260601_154952_08_openclaw_deepseekv4pro_researchagentv2search.md,extracted_from_claim_evidence_table
C016,perturbed,perturbed,research_agent_v2_search,RUN_20260601_154952_08_openclaw_deepseekv4pro_researchagentv2search,RUN_20260601_154952_08_openclaw_deepseekv4pro_researchagentv2search_CL006,Identification-bound (negative claim),Spillover through cross-school information exchange and partner-market interference biases the ITT estimate.,Packet: explicit flag that students exchange information across cohorts/schools and partner markets create interference. Retrieval: Eckles et al. (2014) shows network interference biases estimates in cluster-randomized designs.,High,Network data collection showing no cross-school ties and no overlap in partner pools between treatment arms would falsify the claim of meaningful spillover.,Spillover through cross-school information exchange and partner-market interference biases the ITT estimate.,Claim-Evidence Table,outputs/raw_agent_logs/main/C016_perturbed__research_agent_v2_search__RUN_20260601_154952_08_openclaw_deepseekv4pro_researchagentv2search.md,extracted_from_claim_evidence_table
C016,perturbed,perturbed,research_agent_v2_search,RUN_20260601_154952_08_openclaw_deepseekv4pro_researchagentv2search,RUN_20260601_154952_08_openclaw_deepseekv4pro_researchagentv2search_CL007,Identification-bound (negative claim),Non-compliance (varying exposure through attendance/participation) creates selection into treatment intensity that may correlate with both behavior and reporting propensity.,Packet: data card notes exposure varies with attendance or participation.,Moderate,Individual-level attendance data showing near-universal participation (compliance rates > 95%) would reduce the practical relevance of non-compliance as a threat.,Non-compliance (varying exposure through attendance/participation) creates selection into treatment intensity that may correlate with both behavior and reporting propensity.,Claim-Evidence Table,outputs/raw_agent_logs/main/C016_perturbed__research_agent_v2_search__RUN_20260601_154952_08_openclaw_deepseekv4pro_researchagentv2search.md,extracted_from_claim_evidence_table
C016,perturbed,perturbed,research_agent_v2_search,RUN_20260601_154952_08_openclaw_deepseekv4pro_researchagentv2search,RUN_20260601_154952_08_openclaw_deepseekv4pro_researchagentv2search_CL008,Descriptive (meta-evidentiary),The OpenAlex seed results are off-target for this packet's methodological question.,"OpenAlex seed: top results cover transgender care guidelines, qualitative methods, tobacco treatment, misinformation, and parental involvement — none address causal identification with self-reported sensitive behavioral outcomes. Retrieval: packet-relevant takeaways confirm this assessment.",High,Discovery of a relevant OpenAlex result missed by the search that directly addresses causal identification with self-reported sexual behavior outcomes in school-based interventions.,The OpenAlex seed results are off-target for this packet's methodological question.,Claim-Evidence Table,outputs/raw_agent_logs/main/C016_perturbed__research_agent_v2_search__RUN_20260601_154952_08_openclaw_deepseekv4pro_researchagentv2search.md,extracted_from_claim_evidence_table
C016,perturbed,perturbed,research_agent_v2_search,RUN_20260601_154952_08_openclaw_deepseekv4pro_researchagentv2search,RUN_20260601_154952_08_openclaw_deepseekv4pro_researchagentv2search_CL009,Descriptive with sensitivity bounds,"The strongest defensible overall conclusion is a descriptive comparison of self-reported behavioral patterns across information conditions, with sensitivity bounds quantifying what cannot be concluded about actual behavior.","Packet: perturbation, required output rules (downgrade instruction). Retrieval: Rosenman et al. (2021) framework. Stage 3 candidates: recommended primary is ITT + sensitivity bounds. Stage 4 critique: Candidate 2 (descriptive with sensitivity bounds) is defensible; Candidate 1 (ITT on self-reports) is defensible_with_caveats only for reported behavior.",High (as the correct epistemic stance given the data),"The packet's sample size and number of schools are large enough to produce sensitivity bounds that exclude zero for all plausible (π_U, π_O, Γ) combinations, providing circumstantial evidence strong enough to support a behavioral interpretation — though still not proof, absent objective validation data.","The strongest defensible overall conclusion is a descriptive comparison of self-reported behavioral patterns across information conditions, with sensitivity bounds quantifying what cannot be concluded about actual behavior.",Claim-Evidence Table,outputs/raw_agent_logs/main/C016_perturbed__research_agent_v2_search__RUN_20260601_154952_08_openclaw_deepseekv4pro_researchagentv2search.md,extracted_from_claim_evidence_table
C019,perturbed,perturbed,research_agent_v2_search,RUN_20260601_160120_09_openclaw_deepseekv4pro_researchagentv2search,RUN_20260601_160120_09_openclaw_deepseekv4pro_researchagentv2search_CL001,Descriptive association,"Longer in-store routes are positively associated with higher total checkout spending, conditional on available demographics and store familiarity.",Packet-provided route-length measures and checkout spending; regression of spending on route length with demographic/familiarity controls.,High (the association can be estimated from the packet data; direction and magnitude are empirical questions),A precisely estimated zero or negative partial correlation between route length and spending after adjusting for observables.,"Longer in-store routes are positively associated with higher total checkout spending, conditional on available demographics and store familiarity.",Claim-Evidence Table,outputs/raw_agent_logs/main/C019_perturbed__research_agent_v2_search__RUN_20260601_160120_09_openclaw_deepseekv4pro_researchagentv2search.md,extracted_from_claim_evidence_table
C019,perturbed,perturbed,research_agent_v2_search,RUN_20260601_160120_09_openclaw_deepseekv4pro_researchagentv2search,RUN_20260601_160120_09_openclaw_deepseekv4pro_researchagentv2search_CL002,Logical/definitional,"Without pre-trip basket data, ""unplanned spending"" cannot be measured at the individual level; total spending conflates planned and unplanned purchases.","Perturbed packet condition (removal of pre-trip basket); retrieval evidence from Bell, Corsten & Knox (2010) documenting that the standard methodology for measuring unplanned buying requires entry/exit interviews or pre-trip basket elicitation.","Very high (definitional: ""unplanned"" requires a ""planned"" benchmark to deviate from)",Existence of a validated method to separate planned from unplanned purchases using only checkout data — no such method is known to the literature.,"Without pre-trip basket data, ""unplanned spending"" cannot be measured at the individual level; total spending conflates planned and unplanned purchases.",Claim-Evidence Table,outputs/raw_agent_logs/main/C019_perturbed__research_agent_v2_search__RUN_20260601_160120_09_openclaw_deepseekv4pro_researchagentv2search.md,extracted_from_claim_evidence_table
C019,perturbed,perturbed,research_agent_v2_search,RUN_20260601_160120_09_openclaw_deepseekv4pro_researchagentv2search,RUN_20260601_160120_09_openclaw_deepseekv4pro_researchagentv2search_CL003,Causal identification limitation,The observed route–spending association cannot be interpreted as a causal effect of route length on spending because route length is endogenously chosen.,"Packet framing (""route length is a choice-driven exposure""); Brathwaite & Walker (1706.07502) on the gap between predictive route models and causal inference; packet-specified data structure with no exogenous route-length variation.",Very high (no credible source of exogenous variation in route length exists in the packet data),Discovery or demonstration of a valid source of exogenous route-length variation within the packet-as-is data — no such variation is apparent.,The observed route–spending association cannot be interpreted as a causal effect of route length on spending because route length is endogenously chosen.,Claim-Evidence Table,outputs/raw_agent_logs/main/C019_perturbed__research_agent_v2_search__RUN_20260601_160120_09_openclaw_deepseekv4pro_researchagentv2search.md,extracted_from_claim_evidence_table
C019,perturbed,perturbed,research_agent_v2_search,RUN_20260601_160120_09_openclaw_deepseekv4pro_researchagentv2search,RUN_20260601_160120_09_openclaw_deepseekv4pro_researchagentv2search_CL004,Diagnostic prediction,"Nonparametric bounds on the causal effect of route length are expected to span zero (include both positive and negative values) under the packet's available covariate set, meaning the data cannot distinguish between positive, zero, and negative causal effects.","Packet's covariate set (demographics, familiarity) which are at best weakly correlated with the key confounder (purchase intentions); Swanson et al. (1503.01598) framework confirming that with an endogenous continuous exposure and unmeasured confounder of unknown strength, the identified set can span zero and the sign of any naive estimate.","Moderate (bounds are computed, not estimated, but the prediction that they will be wide rests on the covariate–confounder correlation being weak)","Bounds that exclude zero under defensible assumptions — which would require either (a) observables to explain a large fraction of route-length variation (unlikely with demographics alone), or (b) strong, independently justified restrictions on confounding magnitude.","Nonparametric bounds on the causal effect of route length are expected to span zero (include both positive and negative values) under the packet's available covariate set, meaning the data cannot distinguish between positive, zero, and negative causal effects.",Claim-Evidence Table,outputs/raw_agent_logs/main/C019_perturbed__research_agent_v2_search__RUN_20260601_160120_09_openclaw_deepseekv4pro_researchagentv2search.md,extracted_from_claim_evidence_table
C019,perturbed,perturbed,research_agent_v2_search,RUN_20260601_160120_09_openclaw_deepseekv4pro_researchagentv2search,RUN_20260601_160120_09_openclaw_deepseekv4pro_researchagentv2search_CL005,Design feasibility assessment,The prompt-exposure quasi-experimental analysis is not defensible under the packet constraints because it requires quasi-random prompt assignment that the packet does not confirm.,"Packet hedging language (prompts ""may be observed,"" retailer ""may know which prompts were displayed""); absence of any confirmed randomization mechanism; Stage 4 critique verdict of `not_defensible`.",Very high (the packet does not describe any mechanism that would generate conditional independence between prompt exposure and shopper intentions),"Packet revision confirming that prompt timing, placement, or content varies in a way that is conditionally independent of shopper characteristics and intentions.",The prompt-exposure quasi-experimental analysis is not defensible under the packet constraints because it requires quasi-random prompt assignment that the packet does not confirm.,Claim-Evidence Table,outputs/raw_agent_logs/main/C019_perturbed__research_agent_v2_search__RUN_20260601_160120_09_openclaw_deepseekv4pro_researchagentv2search.md,extracted_from_claim_evidence_table
C019,perturbed,perturbed,research_agent_v2_search,RUN_20260601_160120_09_openclaw_deepseekv4pro_researchagentv2search,RUN_20260601_160120_09_openclaw_deepseekv4pro_researchagentv2search_CL006,Descriptive classification,"Shopper trajectories can be clustered into behavioral segments that differ in spending profiles, category mix, and prompt-exposure patterns.","Packet-provided trajectory data and checkout outcomes; trajectory clustering methodology validated in retail analytics (2407.11081, 1008.2556).",Moderate (clusters will emerge; their stability and interpretability depend on data quality and the clustering solution),"Cluster instability under bootstrap resampling, or segment-level spending differences that are small in magnitude and not practically meaningful.","Shopper trajectories can be clustered into behavioral segments that differ in spending profiles, category mix, and prompt-exposure patterns.",Claim-Evidence Table,outputs/raw_agent_logs/main/C019_perturbed__research_agent_v2_search__RUN_20260601_160120_09_openclaw_deepseekv4pro_researchagentv2search.md,extracted_from_claim_evidence_table
C019,perturbed,perturbed,research_agent_v2_search,RUN_20260601_160120_09_openclaw_deepseekv4pro_researchagentv2search,RUN_20260601_160120_09_openclaw_deepseekv4pro_researchagentv2search_CL007,Interpretive constraint,"Segment-level spending differences do not imply that shifting shoppers across segments (e.g., making efficient routers walk longer routes) would increase spending.",Logical implication of the endogeneity argument: segment membership and spending are jointly determined by unobserved trip mission; retrieval finding that route variation is largely routine-driven (1008.2556); Stage 4 critique caveat on segment interpretation ambiguity.,Very high (this is a logical implication of the descriptive nature of the segmentation),Within-shopper experimental or quasi-experimental evidence that exogenously changing a shopper's trajectory pattern changes their spending — which would require one of the Tier 2 additional data sources.,"Segment-level spending differences do not imply that shifting shoppers across segments (e.g., making efficient routers walk longer routes) would increase spending.",Claim-Evidence Table,outputs/raw_agent_logs/main/C019_perturbed__research_agent_v2_search__RUN_20260601_160120_09_openclaw_deepseekv4pro_researchagentv2search.md,extracted_from_claim_evidence_table
C019,perturbed,perturbed,research_agent_v2_search,RUN_20260601_160120_09_openclaw_deepseekv4pro_researchagentv2search,RUN_20260601_160120_09_openclaw_deepseekv4pro_researchagentv2search_CL008,Design requirement,"To recover a credible causal estimate of route length on unplanned spending, the researcher needs at minimum: (a) reinstatement of pre-trip basket data AND (b) an exogenous source of route-length variation (experiment, natural experiment, or valid IV).",Retrieval findings documenting that the unplanned-buying literature requires pre-trip measurement (Bell et al. 2010) and that causal route models require explicit identification strategies (Brathwaite & Walker 2017); packet's perturbed condition and data structure.,"Very high (both conditions are logically necessary: you cannot measure unplanned spending without a plan, and you cannot identify a causal effect without exogenous variation)","A credible methodology that either (a) measures unplanned spending from checkout alone without pre-trip data, or (b) point-identifies a causal effect from purely observational cross-sectional data with an endogenous continuous treatment and an unmeasured confounder — neither is established in the methodological literature.","To recover a credible causal estimate of route length on unplanned spending, the researcher needs at minimum: (a) reinstatement of pre-trip basket data AND (b) an exogenous source of route-length variation (experiment, natural experiment, or valid IV).",Claim-Evidence Table,outputs/raw_agent_logs/main/C019_perturbed__research_agent_v2_search__RUN_20260601_160120_09_openclaw_deepseekv4pro_researchagentv2search.md,extracted_from_claim_evidence_table
C020,perturbed,perturbed,research_agent_v2_search,RUN_20260601_161412_10_openclaw_deepseekv4pro_researchagentv2search,RUN_20260601_161412_10_openclaw_deepseekv4pro_researchagentv2search_CL001,Causal (compound treatment),The compound treatment bundle [salient ending + promotion] increases demand relative to [non-salient ending + no promotion],Within-item across-wave variation in treatment status under TWFE; Goodman-Bacon decomposition; heterogeneity-robust estimators,Moderate,Pre-trend violations in event-study falsification; null result in randomization inference; sensitivity to single-wave omission,The compound treatment bundle [salient ending + promotion] increases demand relative to [non-salient ending + no promotion],Claim-Evidence Table,outputs/raw_agent_logs/main/C020_perturbed__research_agent_v2_search__RUN_20260601_161412_10_openclaw_deepseekv4pro_researchagentv2search.md,extracted_from_claim_evidence_table
C020,perturbed,perturbed,research_agent_v2_search,RUN_20260601_161412_10_openclaw_deepseekv4pro_researchagentv2search,RUN_20260601_161412_10_openclaw_deepseekv4pro_researchagentv2search_CL002,Causal (format-specific),The terminal-digit format per se causally increases demand,No evidence available — the format is perfectly collinear with promotion in the bundled data,Not supportable,N/A — claim cannot be tested with existing data,The terminal-digit format per se causally increases demand,Claim-Evidence Table,outputs/raw_agent_logs/main/C020_perturbed__research_agent_v2_search__RUN_20260601_161412_10_openclaw_deepseekv4pro_researchagentv2search.md,extracted_from_claim_evidence_table
C020,perturbed,perturbed,research_agent_v2_search,RUN_20260601_161412_10_openclaw_deepseekv4pro_researchagentv2search,RUN_20260601_161412_10_openclaw_deepseekv4pro_researchagentv2search_CL003,Mechanism attribution,"The demand effect reflects the format itself, not bargain signaling",No evidence available — format and promotion channels are observationally equivalent under bundling,Not supportable,N/A — claim cannot be tested with existing data,"The demand effect reflects the format itself, not bargain signaling",Claim-Evidence Table,outputs/raw_agent_logs/main/C020_perturbed__research_agent_v2_search__RUN_20260601_161412_10_openclaw_deepseekv4pro_researchagentv2search.md,extracted_from_claim_evidence_table
C020,perturbed,perturbed,research_agent_v2_search,RUN_20260601_161412_10_openclaw_deepseekv4pro_researchagentv2search,RUN_20260601_161412_10_openclaw_deepseekv4pro_researchagentv2search_CL004,Descriptive heterogeneity,The compound treatment effect varies with item familiarity,Within-item interaction of $T_{it} \\times F_{it}$; item-history indicators available in packet,Low–Moderate,Zero or unstable familiarity gradient; item-aging confounds producing spurious gradient,The compound treatment effect varies with item familiarity,Claim-Evidence Table,outputs/raw_agent_logs/main/C020_perturbed__research_agent_v2_search__RUN_20260601_161412_10_openclaw_deepseekv4pro_researchagentv2search.md,extracted_from_claim_evidence_table
C020,perturbed,perturbed,research_agent_v2_search,RUN_20260601_161412_10_openclaw_deepseekv4pro_researchagentv2search,RUN_20260601_161412_10_openclaw_deepseekv4pro_researchagentv2search_CL005,Mechanism attribution,The familiarity gradient reflects habituation to the terminal-digit format,No evidence available — promotion-skepticism channel produces identical predictions,Not supportable,N/A — observationally equivalent to alternative mechanisms,The familiarity gradient reflects habituation to the terminal-digit format,Claim-Evidence Table,outputs/raw_agent_logs/main/C020_perturbed__research_agent_v2_search__RUN_20260601_161412_10_openclaw_deepseekv4pro_researchagentv2search.md,extracted_from_claim_evidence_table
C020,perturbed,perturbed,research_agent_v2_search,RUN_20260601_161412_10_openclaw_deepseekv4pro_researchagentv2search,RUN_20260601_161412_10_openclaw_deepseekv4pro_researchagentv2search_CL006,Design proposal,The 2×2 factorial design can recover format-specific causal identification,Anderson & Simester (2003) demonstration of independent price-ending variation; logical structure of crossed design,High (conditional on implementation feasibility),Off-diagonal cells are unimplementable due to business constraints; negative interaction offsetting main effects,The 2×2 factorial design can recover format-specific causal identification,Claim-Evidence Table,outputs/raw_agent_logs/main/C020_perturbed__research_agent_v2_search__RUN_20260601_161412_10_openclaw_deepseekv4pro_researchagentv2search.md,extracted_from_claim_evidence_table
C020,perturbed,perturbed,research_agent_v2_search,RUN_20260601_161412_10_openclaw_deepseekv4pro_researchagentv2search,RUN_20260601_161412_10_openclaw_deepseekv4pro_researchagentv2search_CL007,Mechanism attribution,Cross-category promotional intensity gradients can separate format from promotion channels,No packet-local evidence for cross-category variation; structural non-diagnosticity under bundling,Not supportable (verdict: not_defensible),N/A — candidate structurally incapable of mechanism separation,Cross-category promotional intensity gradients can separate format from promotion channels,Claim-Evidence Table,outputs/raw_agent_logs/main/C020_perturbed__research_agent_v2_search__RUN_20260601_161412_10_openclaw_deepseekv4pro_researchagentv2search.md,extracted_from_claim_evidence_table
C020,perturbed,perturbed,research_agent_v2_search,RUN_20260601_161412_10_openclaw_deepseekv4pro_researchagentv2search,RUN_20260601_161412_10_openclaw_deepseekv4pro_researchagentv2search_CL008,Correlational bound,Partial-identification bounds provide informative constraints on the format effect,"Defensible bounds are [0, τ_compound], spanning the full plausible range",Not informative (verdict: not_defensible),Tighter bounds would require untestable assumptions about the interaction sign,Partial-identification bounds provide informative constraints on the format effect,Claim-Evidence Table,outputs/raw_agent_logs/main/C020_perturbed__research_agent_v2_search__RUN_20260601_161412_10_openclaw_deepseekv4pro_researchagentv2search.md,extracted_from_claim_evidence_table
C001,perturbed,perturbed,research_agent_v3_planner_debate,RUN_20260601_235821_01_openclaw_deepseekv4pro_researchagentv3plannerdebate,RUN_20260601_235821_01_openclaw_deepseekv4pro_researchagentv3plannerdebate_CL001,Methodological,Point identification of the causal effect of pre-contact notice on giving is not possible from packet data,"Packet data structure (endogenous Stage 2 choice, no researcher-assigned variation, no institutional knowledge supporting instrument validity); Stage 4 critique verdicts (IV and diff-in-discontinuity: `not_defensible`); retrieval findings (DLM 2012 identification strategy requires random assignment; Imbens 2014 on instrument validity requiring institutional knowledge)",High,The claim is about absence of identification conditions. It would be falsified if the packet were shown to contain a valid instrument or source of exogenous variation not identified in the provided variable groups — but the Stage 4 critique and retrieval both confirm no such variation is described,Point identification of the causal effect of pre-contact notice on giving is not possible from packet data,Claim-Evidence Table,outputs/raw_agent_logs/main/C001_perturbed__research_agent_v3_planner_debate__RUN_20260601_235821_01_openclaw_deepseekv4pro_researchagentv3plannerdebate.md,extracted_from_claim_evidence_table
C001,perturbed,perturbed,research_agent_v3_planner_debate,RUN_20260601_235821_01_openclaw_deepseekv4pro_researchagentv3plannerdebate,RUN_20260601_235821_01_openclaw_deepseekv4pro_researchagentv3plannerdebate_CL002,Methodological,Manski no-assumption bounds on the treatment effect of notice on giving are always valid,"Manski (1990, AER) logical derivation; retrieval evidence item",Very high (analytic),A logical error in the derivation or a finding that the outcome support is not correctly specified. The bounds are definitionally valid given the logical support of the outcome variable,Manski no-assumption bounds on the treatment effect of notice on giving are always valid,Claim-Evidence Table,outputs/raw_agent_logs/main/C001_perturbed__research_agent_v3_planner_debate__RUN_20260601_235821_01_openclaw_deepseekv4pro_researchagentv3plannerdebate.md,extracted_from_claim_evidence_table
C001,perturbed,perturbed,research_agent_v3_planner_debate,RUN_20260601_235821_01_openclaw_deepseekv4pro_researchagentv3plannerdebate,RUN_20260601_235821_01_openclaw_deepseekv4pro_researchagentv3plannerdebate_CL003,Methodological,"Lee trimming bounds are valid only under monotonicity, which is untestable from packet data and plausibly violated",Packet Stage 2 (purely endogenous choice); retrieval findings (arXiv:2311.00439 on monotonicity fragility; method_fragility_findings on latent-type heterogeneity); Stage 4 critique Threat A; Stage 3b acceptance of FP1,High for untestability claim; moderate for plausible-violation claim,Monotonicity would be supported if an independent instrument for notice receipt showed a consistent sign of the notice→contact relationship across observable subgroups — but no such instrument exists in packet data,"Lee trimming bounds are valid only under monotonicity, which is untestable from packet data and plausibly violated",Claim-Evidence Table,outputs/raw_agent_logs/main/C001_perturbed__research_agent_v3_planner_debate__RUN_20260601_235821_01_openclaw_deepseekv4pro_researchagentv3plannerdebate.md,extracted_from_claim_evidence_table
C001,perturbed,perturbed,research_agent_v3_planner_debate,RUN_20260601_235821_01_openclaw_deepseekv4pro_researchagentv3plannerdebate,RUN_20260601_235821_01_openclaw_deepseekv4pro_researchagentv3plannerdebate_CL004,Methodological / empirical prediction,"The available observables (route, building, timing, solicitor) are too coarse to produce informative Oster bounds","Packet variable groups (coarse administrative identifiers, no household demographics); retrieval design_fallback_findings; Stage 4 critique Threat A; Stage 3b acceptance of FP3","Moderate-high (strong prior from packet, but cannot be empirically verified without fitting the models)","If R-squared from observables in the selection and outcome equations is unexpectedly high, Oster bounds could be tighter than anticipated. Report R-squared from both equations to test this","The available observables (route, building, timing, solicitor) are too coarse to produce informative Oster bounds",Claim-Evidence Table,outputs/raw_agent_logs/main/C001_perturbed__research_agent_v3_planner_debate__RUN_20260601_235821_01_openclaw_deepseekv4pro_researchagentv3plannerdebate.md,extracted_from_claim_evidence_table
C001,perturbed,perturbed,research_agent_v3_planner_debate,RUN_20260601_235821_01_openclaw_deepseekv4pro_researchagentv3plannerdebate,RUN_20260601_235821_01_openclaw_deepseekv4pro_researchagentv3plannerdebate_CL005,Methodological,Route/timing/solicitor variation does not provide a valid instrument for contact or notice receipt,"Packet lists these as ""Baseline Controls And Design Variables"" with no assignment description; packet spillover note on solicitor adaptation; retrieval findings (Imbens 2014 on IV requiring institutional knowledge; method_fragility_findings); Stage 4 critique verdict (`not_defensible`); Stage 3b acceptance of FP2","High for ""cannot defend from packet""; moderate for ""no valid instrument exists in the true DGP""","If institutional knowledge outside the packet (e.g., route assignment was randomized for administrative reasons independent of household characteristics) were supplied, the IV candidate could be revisited — but this requires packet-absent information",Route/timing/solicitor variation does not provide a valid instrument for contact or notice receipt,Claim-Evidence Table,outputs/raw_agent_logs/main/C001_perturbed__research_agent_v3_planner_debate__RUN_20260601_235821_01_openclaw_deepseekv4pro_researchagentv3plannerdebate.md,extracted_from_claim_evidence_table
C001,perturbed,perturbed,research_agent_v3_planner_debate,RUN_20260601_235821_01_openclaw_deepseekv4pro_researchagentv3plannerdebate,RUN_20260601_235821_01_openclaw_deepseekv4pro_researchagentv3plannerdebate_CL006,Methodological,Neighbor communication and solicitor adaptation create SUTVA violations that bias comparisons between pre-contact conditions,"Packet spillower clause (""Neighbors may communicate about the fundraiser; solicitor behavior may change across routes or conditions""); retrieval findings (arXiv:2012.13710 on interference; method_fragility_findings)",High for presence of interference; low for its magnitude (unbounded without network data),"If communication networks are sparse (neighbors don't discuss the fundraiser) and solicitors follow rigid scripts, interference is negligible. The packet provides no evidence either way",Neighbor communication and solicitor adaptation create SUTVA violations that bias comparisons between pre-contact conditions,Claim-Evidence Table,outputs/raw_agent_logs/main/C001_perturbed__research_agent_v3_planner_debate__RUN_20260601_235821_01_openclaw_deepseekv4pro_researchagentv3plannerdebate.md,extracted_from_claim_evidence_table
C001,perturbed,perturbed,research_agent_v3_planner_debate,RUN_20260601_235821_01_openclaw_deepseekv4pro_researchagentv3plannerdebate,RUN_20260601_235821_01_openclaw_deepseekv4pro_researchagentv3plannerdebate_CL007,Methodological / design,The descriptive decomposition (associational patterns by pre-contact choice) is the credible empirical fallback when all bound layers are uninformative,"Packet's explicit requirement to downgrade claims (""If strong causal identification is no longer justified, the answer must explicitly downgrade the claim""); Stage 4 critique verdict (`defensible`); Stage 4b final critique (lingering structural issue confirming practical deliverable); retrieval design_fallback_findings",High,"This is a design recommendation, not an empirical claim. It would be superseded if any bound layer produced a substantively informative interval — but the retrieval, critique, and packet facts all suggest this is unlikely",The descriptive decomposition (associational patterns by pre-contact choice) is the credible empirical fallback when all bound layers are uninformative,Claim-Evidence Table,outputs/raw_agent_logs/main/C001_perturbed__research_agent_v3_planner_debate__RUN_20260601_235821_01_openclaw_deepseekv4pro_researchagentv3plannerdebate.md,extracted_from_claim_evidence_table
C001,perturbed,perturbed,research_agent_v3_planner_debate,RUN_20260601_235821_01_openclaw_deepseekv4pro_researchagentv3plannerdebate,RUN_20260601_235821_01_openclaw_deepseekv4pro_researchagentv3plannerdebate_CL008,Interpretive,Any observed difference in giving between opt-in and opt-out households is consistent with both selection (baseline altruism differences) and causal effects of notice (social pressure),"Packet Stage 2 (endogenous choice); DLM (2012) theoretical framework; retrieval findings (packet_relevant_takeaways noting patterns are ""correlations, not causal estimates""); Stage 0 planner linchpin threats",Very high (logical),This claim is about the logical underdetermination of causal interpretation from associational data with endogenous selection. It would be falsified only if a valid source of exogenous variation were identified and exploited,Any observed difference in giving between opt-in and opt-out households is consistent with both selection (baseline altruism differences) and causal effects of notice (social pressure),Claim-Evidence Table,outputs/raw_agent_logs/main/C001_perturbed__research_agent_v3_planner_debate__RUN_20260601_235821_01_openclaw_deepseekv4pro_researchagentv3plannerdebate.md,extracted_from_claim_evidence_table
C001,perturbed,perturbed,research_agent_v3_planner_debate,RUN_20260601_235821_01_openclaw_deepseekv4pro_researchagentv3plannerdebate,RUN_20260601_235821_01_openclaw_deepseekv4pro_researchagentv3plannerdebate_CL009,Methodological / design assessment,The primary research question (separating altruism from social pressure) is not answered by the design as constrained by the packet,"Packet perturbations condition (removal of researcher-assigned pre-contact treatment); Stage 4 critique overall assessment; Stage 4b lingering structural issue; retrieval packet_relevant_takeaways (""the same decomposition of altruism versus social pressure cannot be credibly achieved"" without random assignment)",High,"Would be falsified if the Manski bounds were unexpectedly narrow (e.g., if contact rates are near 100% in both conditions, making the selection problem trivial). Report contact rates to verify",The primary research question (separating altruism from social pressure) is not answered by the design as constrained by the packet,Claim-Evidence Table,outputs/raw_agent_logs/main/C001_perturbed__research_agent_v3_planner_debate__RUN_20260601_235821_01_openclaw_deepseekv4pro_researchagentv3plannerdebate.md,extracted_from_claim_evidence_table
C002,perturbed,perturbed,research_agent_v3_planner_debate,RUN_20260602_001301_02_openclaw_deepseekv4pro_researchagentv3plannerdebate,RUN_20260602_001301_02_openclaw_deepseekv4pro_researchagentv3plannerdebate_CL001,Causal (narrow estimand),Initial offer terms causally affect take-up probability,ITT estimate under conditional independence of initial offer assignment; pre-offer risk measures and credit history as conditioning variables; balance tests on pre-offer observables,Moderate,(a) Balance tests reveal systematic imbalance in pre-offer observables across initial-offer groups conditional on assignment observables. (b) Placebo tests show initial offers predict pre-offer outcomes. (c) SUTVA diagnostics reveal substantial spillover in take-up decisions.,C1: Initial offer terms causally affect take-up probability,Claim-Evidence Table,outputs/raw_agent_logs/main/C002_perturbed__research_agent_v3_planner_debate__RUN_20260602_001301_02_openclaw_deepseekv4pro_researchagentv3plannerdebate.md,extracted_from_claim_evidence_table
C002,perturbed,perturbed,research_agent_v3_planner_debate,RUN_20260602_001301_02_openclaw_deepseekv4pro_researchagentv3plannerdebate,RUN_20260602_001301_02_openclaw_deepseekv4pro_researchagentv3plannerdebate_CL002,Interpretive (what the ITT means),"Under the perturbation, the ITT of initial offers on take-up is a compound of selection on initial terms and selection on expected final terms, not a pure selection-only effect","Perturbed Condition: borrowers are informed before application that final terms may differ and are shown how later terms can be determined; Planner threat check 1; Retrieval finding that forward-looking agents violate parallel trends (Marx, Tamer & Tang 2022)",High,"If borrowers do not believe or do not understand the disclosure (contradicts packet), or if the mapping from initial offers to final terms is identity (no possible difference), the compound interpretation would not hold.","C2: Under the perturbation, the ITT of initial offers on take-up is a compound of selection on initial terms and selection on expected final terms, not a pure selection-only effect",Claim-Evidence Table,outputs/raw_agent_logs/main/C002_perturbed__research_agent_v3_planner_debate__RUN_20260602_001301_02_openclaw_deepseekv4pro_researchagentv3plannerdebate.md,extracted_from_claim_evidence_table
C002,perturbed,perturbed,research_agent_v3_planner_debate,RUN_20260602_001301_02_openclaw_deepseekv4pro_researchagentv3plannerdebate,RUN_20260602_001301_02_openclaw_deepseekv4pro_researchagentv3plannerdebate_CL003,Negative (what cannot be done),No credible causal design separates borrower selection from post-borrowing incentives under the perturbation,All five planner fallback triggers tripped; Perturbed Condition structurally links selection and incentive stages; exclusion restriction destroyed; no pre-anticipation belief data; bounds structurally uninformative,High,Discovery of a source of plausibly exogenous post-acceptance contract-term variation that is independent of borrower expectations about final terms. The packet does not describe such variation.,C3: No credible causal design separates borrower selection from post-borrowing incentives under the perturbation,Claim-Evidence Table,outputs/raw_agent_logs/main/C002_perturbed__research_agent_v3_planner_debate__RUN_20260602_001301_02_openclaw_deepseekv4pro_researchagentv3plannerdebate.md,extracted_from_claim_evidence_table
C002,perturbed,perturbed,research_agent_v3_planner_debate,RUN_20260602_001301_02_openclaw_deepseekv4pro_researchagentv3plannerdebate,RUN_20260602_001301_02_openclaw_deepseekv4pro_researchagentv3plannerdebate_CL004,Descriptive (non-causal),The parametric decomposition allocates the repayment gap into composition and residual components differently under different parametric assumptions,Specification curve across (distributional assumption × expectation-formation assumption) showing the range of composition shares,High (that the range exists); Low (about any specific allocation),"If all reasonable parametric specifications produce the same allocation (narrow range), the decomposition would be robust to parametric choices. This is unlikely given the absence of an exclusion restriction.",C4: The parametric decomposition allocates the repayment gap into composition and residual components differently under different parametric assumptions,Claim-Evidence Table,outputs/raw_agent_logs/main/C002_perturbed__research_agent_v3_planner_debate__RUN_20260602_001301_02_openclaw_deepseekv4pro_researchagentv3plannerdebate.md,extracted_from_claim_evidence_table
C002,perturbed,perturbed,research_agent_v3_planner_debate,RUN_20260602_001301_02_openclaw_deepseekv4pro_researchagentv3plannerdebate,RUN_20260602_001301_02_openclaw_deepseekv4pro_researchagentv3plannerdebate_CL005,Negative (what cannot be done),Partial identification bounds on the selection share cannot distinguish selection-dominated from incentive-dominated explanations,Absence of residual variation in contract terms; undefined always-observed subpopulation (non-applicant repayment unobserved); violated monotonicity (multidimensional heterogeneity from heterogeneous beliefs),High,"(a) Non-zero, plausibly exogenous residual variation in final contract terms exists AND (b) non-applicant repayment outcomes become observable AND (c) the selection process can be shown to be monotone in a scalar unobservable. None of these conditions hold in the current packet.",C5: Partial identification bounds on the selection share cannot distinguish selection-dominated from incentive-dominated explanations,Claim-Evidence Table,outputs/raw_agent_logs/main/C002_perturbed__research_agent_v3_planner_debate__RUN_20260602_001301_02_openclaw_deepseekv4pro_researchagentv3plannerdebate.md,extracted_from_claim_evidence_table
C002,perturbed,perturbed,research_agent_v3_planner_debate,RUN_20260602_001301_02_openclaw_deepseekv4pro_researchagentv3plannerdebate,RUN_20260602_001301_02_openclaw_deepseekv4pro_researchagentv3plannerdebate_CL006,Diagnostic (cautionary),Information spillover in offer sharing may violate SUTVA for individual-level take-up estimates,"Data card: ""Borrowers may share offer information""; Planner threat check 5; Retrieval: He, Han & Tang (2022) on unknown interference structure",Moderate (that spillover may exist); Low (about its magnitude),"(a) Empirical evidence that borrowers do not share offer information in this setting, OR (b) network data showing that take-up decisions are uncorrelated with peers' offers.",C7: Information spillover in offer sharing may violate SUTVA for individual-level take-up estimates,Claim-Evidence Table,outputs/raw_agent_logs/main/C002_perturbed__research_agent_v3_planner_debate__RUN_20260602_001301_02_openclaw_deepseekv4pro_researchagentv3plannerdebate.md,extracted_from_claim_evidence_table
C002,perturbed,perturbed,research_agent_v3_planner_debate,RUN_20260602_001301_02_openclaw_deepseekv4pro_researchagentv3plannerdebate,RUN_20260602_001301_02_openclaw_deepseekv4pro_researchagentv3plannerdebate_CL007,Structural (about nature of perturbation),The perturbation structurally rather than marginally undermines causal identification,Comparison of base-design identification logic (pre-borrowing variation instruments selection) with perturbed-design logic (pre-borrowing variation contaminated by expected final terms); all five planner fallback triggers tripped,High,"If the anticipation channel could be shown not to operate — e.g., if borrowers demonstrably ignore the disclosure — but the packet's Perturbed Condition states borrowers are informed AND shown how terms are determined.",C8: The perturbation structurally rather than marginally undermines causal identification,Claim-Evidence Table,outputs/raw_agent_logs/main/C002_perturbed__research_agent_v3_planner_debate__RUN_20260602_001301_02_openclaw_deepseekv4pro_researchagentv3plannerdebate.md,extracted_from_claim_evidence_table
C004,perturbed,perturbed,research_agent_v3_planner_debate,RUN_20260602_002747_03_openclaw_deepseekv4pro_researchagentv3plannerdebate,RUN_20260602_002747_03_openclaw_deepseekv4pro_researchagentv3plannerdebate_CL001,Factual (packet-stated),"C1. Paid-search availability is endogenously assigned: campaign managers choose which markets to reduce or suspend based on operational judgments, expected demand, or budget considerations","Packet Data Card: ""Campaign managers choose where to reduce or suspend paid-search availability based on operational or demand considerations rather than using a pre-committed experimental rule."" Packet Perturbed Condition: ""Paid-search availability is no longer varied according to a clearly exogenous or pre-committed experimental rule.""",High,N/A — this is the design condition specified by the packet. It would be falsified only if the packet's description of the assignment mechanism is incorrect.,"C1. Paid-search availability is endogenously assigned: campaign managers choose which markets to reduce or suspend based on operational judgments, expected demand, or budget considerations",Claim-Evidence Table,outputs/raw_agent_logs/main/C004_perturbed__research_agent_v3_planner_debate__RUN_20260602_002747_03_openclaw_deepseekv4pro_researchagentv3plannerdebate.md,extracted_from_claim_evidence_table
C004,perturbed,perturbed,research_agent_v3_planner_debate,RUN_20260602_002747_03_openclaw_deepseekv4pro_researchagentv3plannerdebate,RUN_20260602_002747_03_openclaw_deepseekv4pro_researchagentv3plannerdebate_CL002,Synthesis of design constraints and methodological literature,C2. Credible causal identification is not possible under manager-chosen assignment with the described data,"Packet assignment mechanism (C1) + retrieval evidence on parallel trends failure under dynamic choice (arXiv:2207.06564) + retrieval evidence on pre-trend test underpowering (arXiv:2310.15796) + Roth et al. synthesis requiring design-based justification (arXiv:2201.01194) + packet's Known Constraints directive to ""explicitly downgrade the claim"" if ""strong causal identification is no longer justified""",High,"Would be falsified if: (a) manager decisions follow an institutional rule or formula that creates as-good-as-random variation conditional on observables (not described in packet), or (b) platform-side auction/budget data reveals a valid instrument for paid-search availability (not available per packet).",C2. Credible causal identification is not possible under manager-chosen assignment with the described data,Claim-Evidence Table,outputs/raw_agent_logs/main/C004_perturbed__research_agent_v3_planner_debate__RUN_20260602_002747_03_openclaw_deepseekv4pro_researchagentv3plannerdebate.md,extracted_from_claim_evidence_table
C004,perturbed,perturbed,research_agent_v3_planner_debate,RUN_20260602_002747_03_openclaw_deepseekv4pro_researchagentv3plannerdebate,RUN_20260602_002747_03_openclaw_deepseekv4pro_researchagentv3plannerdebate_CL003,Methodological recommendation,"C3. The strongest defensible analysis is a descriptive panel FE regression with Oster-bounds sensitivity, with all claims explicitly associational","Stage 0 planner's final_decision_rule cascade placing descriptive FE at step (3) + Stage 3 candidate analysis + Stage 4/4b critic verdicts confirming all causal candidates are `not_defensible` + retrieval evidence on sensitivity methods (arXiv:2510.09109, arXiv:2003.01747)",High,"Would be deprecated if: (a) data described in Section 18 becomes available and enables a valid causal design, or (b) the panel FE specification is shown to be misspecified (e.g., non-linear confounding structure not captured by linear FE).","C3. The strongest defensible analysis is a descriptive panel FE regression with Oster-bounds sensitivity, with all claims explicitly associational",Claim-Evidence Table,outputs/raw_agent_logs/main/C004_perturbed__research_agent_v3_planner_debate__RUN_20260602_002747_03_openclaw_deepseekv4pro_researchagentv3plannerdebate.md,extracted_from_claim_evidence_table
C004,perturbed,perturbed,research_agent_v3_planner_debate,RUN_20260602_002747_03_openclaw_deepseekv4pro_researchagentv3plannerdebate,RUN_20260602_002747_03_openclaw_deepseekv4pro_researchagentv3plannerdebate_CL004,Methodological classification,"C4. The three causal candidates (Staggered DiD, Synthetic Control, Event Study) are useful as diagnostic appendices but cannot support causal claims","Stage 4/4b critique verdicts + Stage 3b debate acceptance + retrieval evidence on DiD (arXiv:2201.01194), SC (arXiv:2311.13575), and event-study (arXiv:2207.06564) identification conditions",High,Would be reclassified as identification strategies if a design-based argument for conditional parallel trends or selection on observables can be established (not supported by current packet).,"C4. The three causal candidates (Staggered DiD, Synthetic Control, Event Study) are useful as diagnostic appendices but cannot support causal claims",Claim-Evidence Table,outputs/raw_agent_logs/main/C004_perturbed__research_agent_v3_planner_debate__RUN_20260602_002747_03_openclaw_deepseekv4pro_researchagentv3plannerdebate.md,extracted_from_claim_evidence_table
C004,perturbed,perturbed,research_agent_v3_planner_debate,RUN_20260602_002747_03_openclaw_deepseekv4pro_researchagentv3plannerdebate,RUN_20260602_002747_03_openclaw_deepseekv4pro_researchagentv3plannerdebate_CL005,Conditional prediction about analysis results,C5. Any observed association between paid-search availability and sales is sensitive to unobserved confounding from manager demand expectations,"Packet assignment mechanism (C1) + Oster/Cinelli-Hazlett sensitivity framework + the fact that ""expected demand"" is a forward-looking assessment not fully encoded in pre-period observables",Moderate,"Would be falsified if Oster \(\delta^*\) is very large (e.g., > 5), indicating that implausibly strong unobserved confounding would be needed to eliminate the association. Even then, would not establish causality — only that the association is robust to moderate unobserved confounding.",C5. Any observed association between paid-search availability and sales is sensitive to unobserved confounding from manager demand expectations,Claim-Evidence Table,outputs/raw_agent_logs/main/C004_perturbed__research_agent_v3_planner_debate__RUN_20260602_002747_03_openclaw_deepseekv4pro_researchagentv3plannerdebate.md,extracted_from_claim_evidence_table
C004,perturbed,perturbed,research_agent_v3_planner_debate,RUN_20260602_002747_03_openclaw_deepseekv4pro_researchagentv3plannerdebate,RUN_20260602_002747_03_openclaw_deepseekv4pro_researchagentv3plannerdebate_CL006,Logical implication of design,C6. User-segment heterogeneity estimates confound treatment effect heterogeneity with endogenous compositional change,Packet's description of user segments defined by pre-period familiarity/activity + the mechanism that paid-search availability changes affect which users appear in each segment + retrieval reinforcement (arXiv:2004.09702 context),High,"Would be falsified if: (a) segment composition is demonstrably stable across treatment conditions, or (b) an exogenous source of variation in paid-search availability enables causal estimation of segment-specific effects (neither condition is supported by current packet).",C6. User-segment heterogeneity estimates confound treatment effect heterogeneity with endogenous compositional change,Claim-Evidence Table,outputs/raw_agent_logs/main/C004_perturbed__research_agent_v3_planner_debate__RUN_20260602_002747_03_openclaw_deepseekv4pro_researchagentv3plannerdebate.md,extracted_from_claim_evidence_table
C004,perturbed,perturbed,research_agent_v3_planner_debate,RUN_20260602_002747_03_openclaw_deepseekv4pro_researchagentv3plannerdebate,RUN_20260602_002747_03_openclaw_deepseekv4pro_researchagentv3plannerdebate_CL007,Structural interpretation,"C7. Paid-organic substitution attenuates the ITT on total sales toward zero, regardless of whether paid search has a true causal effect on marginal users","Packet's acknowledgment that ""Users differ in prior familiarity and can still reach the firm through unpaid or direct channels"" + retrieval evidence from shutoff experiments (arXiv:2504.16151) + retrieval on paid-organic complementarity/substitution (arXiv:1807.03292)",Moderate,Would be falsified if channel-specific data (not described in packet) shows negligible substitution from paid to organic channels — but such a finding would be inconsistent with the broader empirical literature.,"C7. Paid-organic substitution attenuates the ITT on total sales toward zero, regardless of whether paid search has a true causal effect on marginal users",Claim-Evidence Table,outputs/raw_agent_logs/main/C004_perturbed__research_agent_v3_planner_debate__RUN_20260602_002747_03_openclaw_deepseekv4pro_researchagentv3plannerdebate.md,extracted_from_claim_evidence_table
C004,perturbed,perturbed,research_agent_v3_planner_debate,RUN_20260602_002747_03_openclaw_deepseekv4pro_researchagentv3plannerdebate,RUN_20260602_002747_03_openclaw_deepseekv4pro_researchagentv3plannerdebate_CL008,Structural interpretation,"C8. Geographic and channel-level spillover biases between-market comparisons, with the sign and magnitude of bias depending on the spatial structure of substitution","Packet's acknowledgment of spillover: ""Users may substitute across unpaid search, direct navigation, neighboring markets, or other acquisition channels"" + retrieval framework for spatial spillover bias in DiD (arXiv:2105.03737)",Moderate,Would be falsified if cross-market user flows are negligible (requires data not described in packet to verify).,"C8. Geographic and channel-level spillover biases between-market comparisons, with the sign and magnitude of bias depending on the spatial structure of substitution",Claim-Evidence Table,outputs/raw_agent_logs/main/C004_perturbed__research_agent_v3_planner_debate__RUN_20260602_002747_03_openclaw_deepseekv4pro_researchagentv3plannerdebate.md,extracted_from_claim_evidence_table
C004,perturbed,perturbed,research_agent_v3_planner_debate,RUN_20260602_002747_03_openclaw_deepseekv4pro_researchagentv3plannerdebate,RUN_20260602_002747_03_openclaw_deepseekv4pro_researchagentv3plannerdebate_CL009,Logical implication of sensitivity analysis,C9. Sensitivity bounds that include zero effect imply the data cannot distinguish between a true causal relationship and pure selection bias,Oster/Cinelli-Hazlett methodology + packet's endogenous assignment mechanism,High,"N/A — this is a logical consequence of the sensitivity framework. If bounds include zero, the data do not rule out the null of no association after accounting for plausible unobserved confounding.",C9. Sensitivity bounds that include zero effect imply the data cannot distinguish between a true causal relationship and pure selection bias,Claim-Evidence Table,outputs/raw_agent_logs/main/C004_perturbed__research_agent_v3_planner_debate__RUN_20260602_002747_03_openclaw_deepseekv4pro_researchagentv3plannerdebate.md,extracted_from_claim_evidence_table
C004,perturbed,perturbed,research_agent_v3_planner_debate,RUN_20260602_002747_03_openclaw_deepseekv4pro_researchagentv3plannerdebate,RUN_20260602_002747_03_openclaw_deepseekv4pro_researchagentv3plannerdebate_CL010,Recommendation,"C10. Additional data (platform-side auction data, manager decision protocols, exogenous cost shocks, channel-specific traffic data) would be required to recover credible causal identification",Packet's data description (absence of these data) + retrieval on auction throttling as IV (arXiv:2112.15155) + institutional reasoning about what variation would identify causal effects under the perturbed assignment,High,Would be falsified if it is demonstrated that causal identification can be achieved with the described data alone — but the Stage 4/4b critique and retrieval evidence strongly suggest otherwise.,"C10. Additional data (platform-side auction data, manager decision protocols, exogenous cost shocks, channel-specific traffic data) would be required to recover credible causal identification",Claim-Evidence Table,outputs/raw_agent_logs/main/C004_perturbed__research_agent_v3_planner_debate__RUN_20260602_002747_03_openclaw_deepseekv4pro_researchagentv3plannerdebate.md,extracted_from_claim_evidence_table
C005,perturbed,perturbed,research_agent_v3_planner_debate,RUN_20260602_004221_04_openclaw_deepseekv4pro_researchagentv3plannerdebate,RUN_20260602_004221_04_openclaw_deepseekv4pro_researchagentv3plannerdebate_CL001,**Causal** (ITT of assignment),C1. Campaign assignment has a causal effect on downstream conversions of magnitude \(\hat{\text{ITT}}\) (or: no detectable effect).,"Randomized assignment data (Z fully observed), outcome data (Y fully observed for both arms), covariate balance verification (D1), contamination diagnostic (D2 passed), interference diagnostic (D3 passed)",**High** (conditional on diagnostics passing),(a) Covariate balance fails (SMD > 0.1 on any baseline variable); (b) contamination rate >2% among controls; (c) interference detected via geographic/temporal saturation analysis; (d) differential attrition detected between arms.,**C1.** Campaign assignment has a causal effect on downstream conversions of magnitude \(\hat{\text{ITT}}\) (or: no detectable effect).,Claim-Evidence Table,outputs/raw_agent_logs/main/C005_perturbed__research_agent_v3_planner_debate__RUN_20260602_004221_04_openclaw_deepseekv4pro_researchagentv3plannerdebate.md,extracted_from_claim_evidence_table
C005,perturbed,perturbed,research_agent_v3_planner_debate,RUN_20260602_004221_04_openclaw_deepseekv4pro_researchagentv3plannerdebate,RUN_20260602_004221_04_openclaw_deepseekv4pro_researchagentv3plannerdebate_CL002,**Descriptive**,"C2. Treated-arm compliance rate is \(\hat{\pi}_c\); exposed users differ from unexposed users on baseline characteristics X, Y, Z within the treated arm.","Treated-arm impression logs, baseline covariates from packet data card",**High**,Systematic measurement error in impression logging; baseline covariate data is missing or unreliable for the treated arm.,"**C2.** Treated-arm compliance rate is \(\hat{\pi}_c\); exposed users differ from unexposed users on baseline characteristics X, Y, Z within the treated arm.",Claim-Evidence Table,outputs/raw_agent_logs/main/C005_perturbed__research_agent_v3_planner_debate__RUN_20260602_004221_04_openclaw_deepseekv4pro_researchagentv3plannerdebate.md,extracted_from_claim_evidence_table
C005,perturbed,perturbed,research_agent_v3_planner_debate,RUN_20260602_004221_04_openclaw_deepseekv4pro_researchagentv3plannerdebate,RUN_20260602_004221_04_openclaw_deepseekv4pro_researchagentv3plannerdebate_CL003,**Descriptive** (no causal interpretation),C4. Platform delivery allocation is concentrated on users with high baseline engagement; the within-arm exposure-outcome gradient is positive and statistically significant.,"Treated-arm exposure counts, baseline covariates, conversion outcomes; Gordon, Moakler & Zettelmeyer (2022) for external validation of selection dominance",**High** — gradient positivity is guaranteed by platform optimization,Platform delivery algorithm changes to random allocation (unlikely); external data shows zero or negative association between exposure and outcomes in a comparable setting with randomized exposure.,**C4.** Platform delivery allocation is concentrated on users with high baseline engagement; the within-arm exposure-outcome gradient is positive and statistically significant.,Claim-Evidence Table,outputs/raw_agent_logs/main/C005_perturbed__research_agent_v3_planner_debate__RUN_20260602_004221_04_openclaw_deepseekv4pro_researchagentv3plannerdebate.md,extracted_from_claim_evidence_table
C005,perturbed,perturbed,research_agent_v3_planner_debate,RUN_20260602_004221_04_openclaw_deepseekv4pro_researchagentv3plannerdebate,RUN_20260602_004221_04_openclaw_deepseekv4pro_researchagentv3plannerdebate_CL004,**Meta-claim** (about identifiability),C5. The ATE of actual ad exposure on conversions cannot be point-identified from the available data; credible causal claims are limited to the effect of campaign assignment.,"Packet perturbed condition (no untreated-side opportunity logs); retrieval evidence from Gordon, Moakler & Zettelmeyer (2022), Kennedy & Small (2017), Gabriel et al. (2020), arXiv:2412.06628",**High** — methodology literature is unambiguous,A new identification result demonstrates that untreated-side exposure propensity can be point-identified from treated-arm data and baseline covariates alone under assumptions that are testable with this packet's data (no such result exists in the current literature).,**C5.** The ATE of actual ad exposure on conversions cannot be point-identified from the available data; credible causal claims are limited to the effect of campaign assignment.,Claim-Evidence Table,outputs/raw_agent_logs/main/C005_perturbed__research_agent_v3_planner_debate__RUN_20260602_004221_04_openclaw_deepseekv4pro_researchagentv3plannerdebate.md,extracted_from_claim_evidence_table
C005,perturbed,perturbed,research_agent_v3_planner_debate,RUN_20260602_004221_04_openclaw_deepseekv4pro_researchagentv3plannerdebate,RUN_20260602_004221_04_openclaw_deepseekv4pro_researchagentv3plannerdebate_CL005,**Interpretive** (about data pattern meaning),"C6. If the ITT is null but the within-arm exposure-outcome gradient is positive and significant, the contrast reflects platform selection confounding, not evidence that ""ads work when people see them.""","ITT estimate (C1); within-arm descriptive gradient (C4); Gordon, Moakler & Zettelmeyer (2022) demonstrating 3–10× overestimation by non-experimental methods; arXiv:2605.23706 demonstrating divergent delivery",**Medium-High** — supported by direct external empirical evidence,"A future experiment in the same platform with randomized exposure (e.g., ghost ads) shows that within-arm gradients accurately recover true ad effects, contradicting the external evidence from Gordon, Moakler & Zettelmeyer (2022).","**C6.** If the ITT is null but the within-arm exposure-outcome gradient is positive and significant, the contrast reflects platform selection confounding, not evidence that ""ads work when people see them.""",Claim-Evidence Table,outputs/raw_agent_logs/main/C005_perturbed__research_agent_v3_planner_debate__RUN_20260602_004221_04_openclaw_deepseekv4pro_researchagentv3plannerdebate.md,extracted_from_claim_evidence_table
C008,perturbed,perturbed,research_agent_v3_planner_debate,RUN_20260602_005745_05_openclaw_deepseekv4pro_researchagentv3plannerdebate,RUN_20260602_005745_05_openclaw_deepseekv4pro_researchagentv3plannerdebate_CL001,Methodological,C1. The within-store DiD with untreated product groups as controls does not point-identify the causal effect of visible pricing on demand,Packet data card (substitution and attention spillover flags); Mealli & Viviens (2025) characterization of DiD estimand under interference as (total effect on treated) − (indirect effect on control); Roemheld & Rao (2024) evidence of 50–100% interference bias in pricing experiments; Stage 4 critic verdict `not_defensible`,High,"DiD estimate would be near zero while independent evidence shows large salience effects — but this pattern is predicted by the interference result, not falsified by it",C1. The within-store DiD with untreated product groups as controls does not point-identify the causal effect of visible pricing on demand,Claim-Evidence Table,outputs/raw_agent_logs/main/C008_perturbed__research_agent_v3_planner_debate__RUN_20260602_005745_05_openclaw_deepseekv4pro_researchagentv3plannerdebate.md,extracted_from_claim_evidence_table
C008,perturbed,perturbed,research_agent_v3_planner_debate,RUN_20260602_005745_05_openclaw_deepseekv4pro_researchagentv3plannerdebate,RUN_20260602_005745_05_openclaw_deepseekv4pro_researchagentv3plannerdebate_CL002,Causal (partial identification),C2. The net treatment effect can be partially identified and bounded using within-store DiD moments under extreme-value assumptions about spillover,Mealli & Viviens (2025) partial identification conditions; Arkhangelsky et al. (2024) exposure contrast framework; packet's secondary outcomes providing empirical constraints on spillover channels; Stage 4 critic verdict `defensible_with_caveats`; Stage 4b final critique confirming debate resolution,Moderate — conditional on empirical bound informativeness,Bounds spanning from large negative to near-zero or positive values (empirically); pre-trend validation failure (event-study placebo test rejects parallel trends); anticipation effects detected in β_{-1},C2. The net treatment effect can be partially identified and bounded using within-store DiD moments under extreme-value assumptions about spillover,Claim-Evidence Table,outputs/raw_agent_logs/main/C008_perturbed__research_agent_v3_planner_debate__RUN_20260602_005745_05_openclaw_deepseekv4pro_researchagentv3plannerdebate.md,extracted_from_claim_evidence_table
C008,perturbed,perturbed,research_agent_v3_planner_debate,RUN_20260602_005745_05_openclaw_deepseekv4pro_researchagentv3plannerdebate,RUN_20260602_005745_05_openclaw_deepseekv4pro_researchagentv3plannerdebate_CL003,"Substantive (directional prediction, not estimate)",C3. The display change reduces demand for treated products (directional prediction),"Blake et al. (2018) StubHub experiment finding 1.5–2.5% demand reduction from fee disclosure; Dertwinkel et al. (2020) finding non-salient surcharges increase purchase initiation but not finalization; packet's background on add-on charge salience; Chetty, Looney & Kroft (2009) tax salience framework",Moderate-High,"The upper bound of the identified set is near zero or positive — i.e., even under the scenario most favorable to finding an effect, no demand reduction is detectable",C3. The display change reduces demand for treated products (directional prediction),Claim-Evidence Table,outputs/raw_agent_logs/main/C008_perturbed__research_agent_v3_planner_debate__RUN_20260602_005745_05_openclaw_deepseekv4pro_researchagentv3plannerdebate.md,extracted_from_claim_evidence_table
C008,perturbed,perturbed,research_agent_v3_planner_debate,RUN_20260602_005745_05_openclaw_deepseekv4pro_researchagentv3plannerdebate,RUN_20260602_005745_05_openclaw_deepseekv4pro_researchagentv3plannerdebate_CL004,Methodological,C4. Staggered rollout timing does not separately identify direct and spillover effects without distance/network variation,Staggered DiD with Network Spillovers framework (arXiv:2605.15119) requiring units at varying network distances; Stage 4 critic determination that Candidate 3's identification claim is structurally unsupported; Stage 3b debate agent accepting and withdrawing this claim; Stage 4b final critique confirming resolution,High,Would be falsified by a peer-reviewed demonstration that staggered timing alone can nonparametrically separate direct and spillover effects within a single physical location — but no such demonstration exists in the retrieved literature,C4. Staggered rollout timing does not separately identify direct and spillover effects without distance/network variation,Claim-Evidence Table,outputs/raw_agent_logs/main/C008_perturbed__research_agent_v3_planner_debate__RUN_20260602_005745_05_openclaw_deepseekv4pro_researchagentv3plannerdebate.md,extracted_from_claim_evidence_table
C008,perturbed,perturbed,research_agent_v3_planner_debate,RUN_20260602_005745_05_openclaw_deepseekv4pro_researchagentv3plannerdebate,RUN_20260602_005745_05_openclaw_deepseekv4pro_researchagentv3plannerdebate_CL005,Diagnostic,"C5. Event-study diagnostics can detect pre-trend divergence, anticipation effects, and dynamic pattern inconsistencies",Standard DiD diagnostic literature; planner threat checks #2 and #7; packet's panel structure supporting pre-post event-study specification; Stage 4b final critique confirming diagnostic value of staggered timing even without distance variation,High for detection; Low for attribution,Event-study coefficients in pre-periods all near zero while an external (untreated-store) benchmark shows divergent trends — impossible to test without untreated stores,"C5. Event-study diagnostics can detect pre-trend divergence, anticipation effects, and dynamic pattern inconsistencies",Claim-Evidence Table,outputs/raw_agent_logs/main/C008_perturbed__research_agent_v3_planner_debate__RUN_20260602_005745_05_openclaw_deepseekv4pro_researchagentv3plannerdebate.md,extracted_from_claim_evidence_table
C008,perturbed,perturbed,research_agent_v3_planner_debate,RUN_20260602_005745_05_openclaw_deepseekv4pro_researchagentv3plannerdebate,RUN_20260602_005745_05_openclaw_deepseekv4pro_researchagentv3plannerdebate_CL006,Design constraint,C6. The absence of untreated comparison stores fundamentally weakens all causal claims relative to the base (unperturbed) design,"Perturbed condition specification (""the data no longer include untreated comparison stores""); all three causal candidates depending on the perturbation in the Stage 4 critic cross-candidate assessment; retrieval finding that canonical salience literature (Chetty et al. 2009; Blake et al. 2018) uses cross-store or buyer-level randomization unavailable in this packet",High,Would be falsified by demonstrating that the within-store bounds are as informative and assumption-light as a cross-store DiD — but no methodological framework for this exists in the retrieved literature,C6. The absence of untreated comparison stores fundamentally weakens all causal claims relative to the base (unperturbed) design,Claim-Evidence Table,outputs/raw_agent_logs/main/C008_perturbed__research_agent_v3_planner_debate__RUN_20260602_005745_05_openclaw_deepseekv4pro_researchagentv3plannerdebate.md,extracted_from_claim_evidence_table
C008,perturbed,perturbed,research_agent_v3_planner_debate,RUN_20260602_005745_05_openclaw_deepseekv4pro_researchagentv3plannerdebate,RUN_20260602_005745_05_openclaw_deepseekv4pro_researchagentv3plannerdebate_CL007,Descriptive,C7. Descriptive pre-post comparison is the appropriate fallback when spillover severity prevents informative causal bounds,"Planner's final decision rule (downgrade when ""spillover is severe"" or pre-trends fail); Stage 4 critic verdict `defensible`; Stage 3b debate agent's empirical workflow conditionally elevating Candidate 4; Stage 4b final critique confirming resolution",High for appropriateness of fallback,"Bounds are demonstrably informative (narrow, exclude zero) and all diagnostics pass, yet the analyst still reports only descriptive results — would indicate failure to follow the prescribed workflow",C7. Descriptive pre-post comparison is the appropriate fallback when spillover severity prevents informative causal bounds,Claim-Evidence Table,outputs/raw_agent_logs/main/C008_perturbed__research_agent_v3_planner_debate__RUN_20260602_005745_05_openclaw_deepseekv4pro_researchagentv3plannerdebate.md,extracted_from_claim_evidence_table
C008,perturbed,perturbed,research_agent_v3_planner_debate,RUN_20260602_005745_05_openclaw_deepseekv4pro_researchagentv3plannerdebate,RUN_20260602_005745_05_openclaw_deepseekv4pro_researchagentv3plannerdebate_CL008,Limitation,C8. The salience channel is not separately identified from the price-information channel,Packet research objective distinguishing salience from price changes; Stage 4 critic Threat 3 on Candidate 2 noting the composite nature of the net effect; no retrieved paper solving the joint problem of within-store SUTVA violation AND salience-information separation simultaneously,High,"Would require experimental variation that varies salience independently of price information — not available in the packet's single-store, single-treatment-arm design",C8. The salience channel is not separately identified from the price-information channel,Claim-Evidence Table,outputs/raw_agent_logs/main/C008_perturbed__research_agent_v3_planner_debate__RUN_20260602_005745_05_openclaw_deepseekv4pro_researchagentv3plannerdebate.md,extracted_from_claim_evidence_table
C010,perturbed,perturbed,research_agent_v3_planner_debate,RUN_20260602_011309_06_openclaw_deepseekv4pro_researchagentv3plannerdebate,RUN_20260602_011309_06_openclaw_deepseekv4pro_researchagentv3plannerdebate_CL001,Causal (ITT of the joint timing + anticipation package),Assignment to an early-announced early-offer schedule causes a change in actual adoption relative to assignment to an early-announced later-offer schedule,Randomization-based ITT contrast between arms; baseline balance checks confirming successful randomization,"Moderate — conditional on diagnostics passing (no spillover, no differential attrition, no panel conditioning)",Detection of cross-arm spillover (spatial autocorrelation in adoption residuals); differential attrition uncorrectable by Lee bounds; panel-conditioning trend divergence across arms,C1: Assignment to an early-announced early-offer schedule causes a change in actual adoption relative to assignment to an early-announced later-offer schedule,Claim-Evidence Table,outputs/raw_agent_logs/main/C010_perturbed__research_agent_v3_planner_debate__RUN_20260602_011309_06_openclaw_deepseekv4pro_researchagentv3plannerdebate.md,extracted_from_claim_evidence_table
C010,perturbed,perturbed,research_agent_v3_planner_debate,RUN_20260602_011309_06_openclaw_deepseekv4pro_researchagentv3plannerdebate,RUN_20260602_011309_06_openclaw_deepseekv4pro_researchagentv3plannerdebate_CL002,Methodological constraint (not an empirical claim),"The ITT estimate captures the joint effect of offer timing and anticipation, not the pure timing effect alone",Perturbation condition (all arms announced early); retrieval evidence (Gong 2021 showing up to 30% overestimation; Wang et al. 2025 showing misleadingly signed estimates without anticipation adjustment),High — logically entailed by the design structure,"If an unannounced comparator arm were added and showed zero anticipation, the joint vs. pure distinction would collapse — but that arm does not exist in the packet","C2: The ITT estimate captures the joint effect of offer timing and anticipation, not the pure timing effect alone",Claim-Evidence Table,outputs/raw_agent_logs/main/C010_perturbed__research_agent_v3_planner_debate__RUN_20260602_011309_06_openclaw_deepseekv4pro_researchagentv3plannerdebate.md,extracted_from_claim_evidence_table
C010,perturbed,perturbed,research_agent_v3_planner_debate,RUN_20260602_011309_06_openclaw_deepseekv4pro_researchagentv3plannerdebate,RUN_20260602_011309_06_openclaw_deepseekv4pro_researchagentv3plannerdebate_CL003,Methodological constraint (identification failure),The pure timing effect cannot be point-identified from the available data,Absence of an unannounced or late-announced comparator arm; retrieval evidence (Gong 2021 partial identification framework requires untestable bounding assumptions; Martin & Roth 2025 require pre-treatment observations the packet does not guarantee),High — structurally determined,If the sensitivity grid showed that all plausible anticipator proportions yield bounds excluding zero *and* the proportion of anticipators could be empirically bounded — but no packet data can bound this proportion,C3: The pure timing effect cannot be point-identified from the available data,Claim-Evidence Table,outputs/raw_agent_logs/main/C010_perturbed__research_agent_v3_planner_debate__RUN_20260602_011309_06_openclaw_deepseekv4pro_researchagentv3plannerdebate.md,extracted_from_claim_evidence_table
C010,perturbed,perturbed,research_agent_v3_planner_debate,RUN_20260602_011309_06_openclaw_deepseekv4pro_researchagentv3plannerdebate,RUN_20260602_011309_06_openclaw_deepseekv4pro_researchagentv3plannerdebate_CL004,Descriptive heterogeneity,Adoption patterns differ across subgroups defined by prior adoption history (pre-treatment characteristic),Baseline controls (prior adoption history); ITT estimation stratified by prior adoption,Moderate — conditional on adequate subgroup sample sizes,Null interaction between prior adoption history and assigned arm,C4: Adoption patterns differ across subgroups defined by prior adoption history (pre-treatment characteristic),Claim-Evidence Table,outputs/raw_agent_logs/main/C010_perturbed__research_agent_v3_planner_debate__RUN_20260602_011309_06_openclaw_deepseekv4pro_researchagentv3plannerdebate.md,extracted_from_claim_evidence_table
C010,perturbed,perturbed,research_agent_v3_planner_debate,RUN_20260602_011309_06_openclaw_deepseekv4pro_researchagentv3plannerdebate,RUN_20260602_011309_06_openclaw_deepseekv4pro_researchagentv3plannerdebate_CL005,Descriptive association (not causal),Adoption patterns differ across subgroups defined by stated adoption intentions,"Stated intention to adopt (secondary outcome, measured post-announcement); ITT estimation stratified by stated intentions",Low — stated plans are post-treatment and the stratification dimension may reflect the treatment's effect on intentions,"Null association between stated intentions and adoption within each arm; if stated intentions do not predict adoption at all, the descriptive heterogeneity is uninformative",C5: Adoption patterns differ across subgroups defined by stated adoption intentions,Claim-Evidence Table,outputs/raw_agent_logs/main/C010_perturbed__research_agent_v3_planner_debate__RUN_20260602_011309_06_openclaw_deepseekv4pro_researchagentv3plannerdebate.md,extracted_from_claim_evidence_table
C010,perturbed,perturbed,research_agent_v3_planner_debate,RUN_20260602_011309_06_openclaw_deepseekv4pro_researchagentv3plannerdebate,RUN_20260602_011309_06_openclaw_deepseekv4pro_researchagentv3plannerdebate_CL006,No evidence — this claim cannot be made,The adoption pattern is consistent with procrastination/present bias,"None — the design provides no data to distinguish procrastination from rational delay, liquidity management, or anticipation",N/A — unsupported,N/A — the claim is not supported by any evidence in the packet and should not appear in the paper,C6: The adoption pattern is consistent with procrastination/present bias,Claim-Evidence Table,outputs/raw_agent_logs/main/C010_perturbed__research_agent_v3_planner_debate__RUN_20260602_011309_06_openclaw_deepseekv4pro_researchagentv3plannerdebate.md,extracted_from_claim_evidence_table
C010,perturbed,perturbed,research_agent_v3_planner_debate,RUN_20260602_011309_06_openclaw_deepseekv4pro_researchagentv3plannerdebate,RUN_20260602_011309_06_openclaw_deepseekv4pro_researchagentv3plannerdebate_CL007,Sensitivity analysis / extrapolation,The ITT estimate would be different under an unannounced-timing design,"Sensitivity grid (repurposed Candidate 2) showing how the ITT-implied pure timing effect varies with assumed anticipator proportions; retrieval evidence (Gong 2021, Wang et al. 2025)","Speculative — the sensitivity grid illustrates possibilities, not estimates","If external evidence (e.g., from a pilot with an unannounced arm) showed that the proportion of anticipators is near zero — but no such evidence exists in the packet",C7: The ITT estimate would be different under an unannounced-timing design,Claim-Evidence Table,outputs/raw_agent_logs/main/C010_perturbed__research_agent_v3_planner_debate__RUN_20260602_011309_06_openclaw_deepseekv4pro_researchagentv3plannerdebate.md,extracted_from_claim_evidence_table
C014,perturbed,perturbed,research_agent_v3_planner_debate,RUN_20260602_012934_07_openclaw_deepseekv4pro_researchagentv3plannerdebate,RUN_20260602_012934_07_openclaw_deepseekv4pro_researchagentv3plannerdebate_CL001,Causal (reporting behavior),Monitoring assignment causes changes in administrative reporting fidelity (planned-reported gap),"Packet data card (planned and reported expenditures observable, researcher-controlled assignment); randomization supports causal identification of assignment effects",High — conditional on randomization integrity and SUTVA for reporting outcomes,Evidence that assignment was not random (baseline imbalance on observables not resolved by controls); differential attrition from administrative records by treatment arm,C1: Monitoring assignment causes changes in administrative reporting fidelity (planned-reported gap),Claim-Evidence Table,outputs/raw_agent_logs/main/C014_perturbed__research_agent_v3_planner_debate__RUN_20260602_012934_07_openclaw_deepseekv4pro_researchagentv3plannerdebate.md,extracted_from_claim_evidence_table
C014,perturbed,perturbed,research_agent_v3_planner_debate,RUN_20260602_012934_07_openclaw_deepseekv4pro_researchagentv3plannerdebate,RUN_20260602_012934_07_openclaw_deepseekv4pro_researchagentv3plannerdebate_CL002,Causal (reporting behavior),Formal audit and community monitoring produce different patterns of reporting-fidelity changes,Packet treatment variables (formal audit vs. community monitoring listed as distinct treatment arms); cross-arm ITT comparison within the same randomization framework,Moderate — conditional on both arms having comparable compliance patterns,Failure to reject H₀: β₁ = β₂; evidence of differential non-compliance across modalities that cannot be bounded,C2: Formal audit and community monitoring produce different patterns of reporting-fidelity changes,Claim-Evidence Table,outputs/raw_agent_logs/main/C014_perturbed__research_agent_v3_planner_debate__RUN_20260602_012934_07_openclaw_deepseekv4pro_researchagentv3plannerdebate.md,extracted_from_claim_evidence_table
C014,perturbed,perturbed,research_agent_v3_planner_debate,RUN_20260602_012934_07_openclaw_deepseekv4pro_researchagentv3plannerdebate,RUN_20260602_012934_07_openclaw_deepseekv4pro_researchagentv3plannerdebate_CL003,Not claimable,Monitoring reduces true corruption or resource leakage,None available — the perturbed condition removes the independent benchmark needed to separate reporting compliance from corruption reduction,N/A,N/A — the claim cannot be made in the first place,C3: Monitoring reduces true corruption or resource leakage,Claim-Evidence Table,outputs/raw_agent_logs/main/C014_perturbed__research_agent_v3_planner_debate__RUN_20260602_012934_07_openclaw_deepseekv4pro_researchagentv3plannerdebate.md,extracted_from_claim_evidence_table
C014,perturbed,perturbed,research_agent_v3_planner_debate,RUN_20260602_012934_07_openclaw_deepseekv4pro_researchagentv3plannerdebate,RUN_20260602_012934_07_openclaw_deepseekv4pro_researchagentv3plannerdebate_CL004,Not claimable,One monitoring modality reduces corruption more than another,None available — cross-modality differences are observationally equivalent to differential reporting behavior,N/A,N/A — the claim cannot be made in the first place,C4: One monitoring modality reduces corruption more than another,Claim-Evidence Table,outputs/raw_agent_logs/main/C014_perturbed__research_agent_v3_planner_debate__RUN_20260602_012934_07_openclaw_deepseekv4pro_researchagentv3plannerdebate.md,extracted_from_claim_evidence_table
C014,perturbed,perturbed,research_agent_v3_planner_debate,RUN_20260602_012934_07_openclaw_deepseekv4pro_researchagentv3plannerdebate,RUN_20260602_012934_07_openclaw_deepseekv4pro_researchagentv3plannerdebate_CL005,Descriptive diagnostic,Reporting patterns in monitored arms show different Benford's Law conformity than control,Packet outcome data (reported expenditures); Benford's Law provides an external benchmark for expected digit distributions in naturally occurring financial data,Low — departures from Benford's Law can arise from legitimate accounting features,"Evidence that project sizes, standardized unit costs, or budget thresholds mechanically produce the observed digit distributions",C5: Reporting patterns in monitored arms show different Benford's Law conformity than control,Claim-Evidence Table,outputs/raw_agent_logs/main/C014_perturbed__research_agent_v3_planner_debate__RUN_20260602_012934_07_openclaw_deepseekv4pro_researchagentv3plannerdebate.md,extracted_from_claim_evidence_table
C014,perturbed,perturbed,research_agent_v3_planner_debate,RUN_20260602_012934_07_openclaw_deepseekv4pro_researchagentv3plannerdebate,RUN_20260602_012934_07_openclaw_deepseekv4pro_researchagentv3plannerdebate_CL006,Descriptive,Procurement process documentation differs across monitoring arms,Packet background (procurement is part of implementation); administrative records include procurement documentation,Low — procurement records are subject to same endogenous manipulation as expenditure records,Evidence that procurement documentation is recorded under different institutional conditions than expenditure records (no such evidence exists in packet),C6: Procurement process documentation differs across monitoring arms,Claim-Evidence Table,outputs/raw_agent_logs/main/C014_perturbed__research_agent_v3_planner_debate__RUN_20260602_012934_07_openclaw_deepseekv4pro_researchagentv3plannerdebate.md,extracted_from_claim_evidence_table
C014,perturbed,perturbed,research_agent_v3_planner_debate,RUN_20260602_012934_07_openclaw_deepseekv4pro_researchagentv3plannerdebate,RUN_20260602_012934_07_openclaw_deepseekv4pro_researchagentv3plannerdebate_CL007,Conditional descriptive,Within-project reporting changes (pre- vs. post-monitoring) differ across arms,"Packet data structure (staged timing; repeated reports ""may exist""); within-project first-difference removes time-invariant project heterogeneity","Conditional on ""may exist"" resolving positively",Repeated reports do not exist; pre-monitoring reports already contaminated by anticipation; within-project changes are zero or noise,C7: Within-project reporting changes (pre- vs. post-monitoring) differ across arms,Claim-Evidence Table,outputs/raw_agent_logs/main/C014_perturbed__research_agent_v3_planner_debate__RUN_20260602_012934_07_openclaw_deepseekv4pro_researchagentv3plannerdebate.md,extracted_from_claim_evidence_table
C014,perturbed,perturbed,research_agent_v3_planner_debate,RUN_20260602_012934_07_openclaw_deepseekv4pro_researchagentv3plannerdebate,RUN_20260602_012934_07_openclaw_deepseekv4pro_researchagentv3plannerdebate_CL008,Methodological (negative claim),The planned-reported gap cannot be signed as a corruption measure without independent measurement,Retrieval evidence (Olken 2007: causal identification of corruption depends on independent benchmark; IZA DP 11426: endogenous misreporting can reverse treatment effect signs; Fazekas-Ferrali 2023: all administrative-data-only corruption proxies face validity limitations),"High — the claim is that the parameter is not identified, which follows from the data structure",An external validation study using independent physical measurement that recovers true corruption levels and shows the planned-reported gap is a monotonic transformation of true corruption across treatment arms (this would require the very independent measurement the perturbed condition removes),C8: The planned-reported gap cannot be signed as a corruption measure without independent measurement,Claim-Evidence Table,outputs/raw_agent_logs/main/C014_perturbed__research_agent_v3_planner_debate__RUN_20260602_012934_07_openclaw_deepseekv4pro_researchagentv3plannerdebate.md,extracted_from_claim_evidence_table
C016,perturbed,perturbed,research_agent_v3_planner_debate,RUN_20260602_014054_08_openclaw_deepseekv4pro_researchagentv3plannerdebate,RUN_20260602_014054_08_openclaw_deepseekv4pro_researchagentv3plannerdebate_CL001,Causal,Targeted risk information causes changes in adolescent true behavior,Not supported by available data,N/A (claim not made),N/A (claim not made; would require an objective outcome to test),C001: Targeted risk information causes changes in adolescent true behavior,Claim-Evidence Table,outputs/raw_agent_logs/main/C016_perturbed__research_agent_v3_planner_debate__RUN_20260602_014054_08_openclaw_deepseekv4pro_researchagentv3plannerdebate.md,extracted_from_claim_evidence_table
C016,perturbed,perturbed,research_agent_v3_planner_debate,RUN_20260602_014054_08_openclaw_deepseekv4pro_researchagentv3plannerdebate,RUN_20260602_014054_08_openclaw_deepseekv4pro_researchagentv3plannerdebate_CL002,Methodological assessment,"Naive ITT, CACE/LATE, or DiD can credibly identify the causal effect of targeted information on true behavior using only self-reported outcomes","Stage 4 critic marks all three as `not_defensible`; Stage 3b accepts and withdraws all three; Stage 4b confirms resolution; retrieval literature (Rosenman et al., 2021) formalizes the reporting-class confound",High,A packet-provided feature allowing independent validation of the measurement function across arms would need to exist — the packet contains no such feature,"C002: Naive ITT, CACE/LATE, or DiD can credibly identify the causal effect of targeted information on true behavior using only self-reported outcomes",Claim-Evidence Table,outputs/raw_agent_logs/main/C016_perturbed__research_agent_v3_planner_debate__RUN_20260602_014054_08_openclaw_deepseekv4pro_researchagentv3plannerdebate.md,extracted_from_claim_evidence_table
C016,perturbed,perturbed,research_agent_v3_planner_debate,RUN_20260602_014054_08_openclaw_deepseekv4pro_researchagentv3plannerdebate,RUN_20260602_014054_08_openclaw_deepseekv4pro_researchagentv3plannerdebate_CL003,Descriptive (self-reports only),The observed difference in self-reported survey responses between targeted-information and generic-message schools is \( \hat{\delta} \) (estimated value),Primary descriptive analysis of survey data; packet Data Card confirms both treatment assignment and self-reported outcomes are observed,"Depends on sample size, response rates, and cluster count — to be determined from actual data",(a) Differential non-response by arm is so severe that respondents are not comparable; (b) Survey administration differs systematically by arm; (c) Data quality issues prevent reliable estimation,C003: The observed difference in self-reported survey responses between targeted-information and generic-message schools is \( \hat{\delta} \) (estimated value),Claim-Evidence Table,outputs/raw_agent_logs/main/C016_perturbed__research_agent_v3_planner_debate__RUN_20260602_014054_08_openclaw_deepseekv4pro_researchagentv3plannerdebate.md,extracted_from_claim_evidence_table
C016,perturbed,perturbed,research_agent_v3_planner_debate,RUN_20260602_014054_08_openclaw_deepseekv4pro_researchagentv3plannerdebate,RUN_20260602_014054_08_openclaw_deepseekv4pro_researchagentv3plannerdebate_CL004,Sensitivity bound (conditional on external evidence),"Under the assumption that differential reporting bias does not exceed \( B_{\max} \), the true behavior-change effect on the risk-ratio scale is at least \( RR_{\text{obs}} / B_{\max} \)",VanderWeele & Li (2019) sensitivity framework; external evidence on reporting bias magnitude in similar populations,Low to moderate (depends on transportability of external benchmarks),"(a) External evidence on reporting bias does not transport to this population (Ackerman et al., 2019); (b) Differential reporting bias exceeds the assumed maximum \( B_{\max} \); (c) The direction of reporting bias cannot be signed, making \( B_{\max} \) asymmetric and the bound invalid","C004: Under the assumption that differential reporting bias does not exceed \( B_{\max} \), the true behavior-change effect on the risk-ratio scale is at least \( RR_{\text{obs}} / B_{\max} \)",Claim-Evidence Table,outputs/raw_agent_logs/main/C016_perturbed__research_agent_v3_planner_debate__RUN_20260602_014054_08_openclaw_deepseekv4pro_researchagentv3plannerdebate.md,extracted_from_claim_evidence_table
C016,perturbed,perturbed,research_agent_v3_planner_debate,RUN_20260602_014054_08_openclaw_deepseekv4pro_researchagentv3plannerdebate,RUN_20260602_014054_08_openclaw_deepseekv4pro_researchagentv3plannerdebate_CL005,Partial identification,"The identified set for the ATE includes zero under unsigned, unbounded differential reporting error",Richardson et al. (2015) nonparametric bounds; packet provides no objective outcome to anchor error structure,High,Would be falsified if an objective outcome or internal validation study becomes available and demonstrates measurement invariance across arms,"C005: The identified set for the ATE includes zero under unsigned, unbounded differential reporting error",Claim-Evidence Table,outputs/raw_agent_logs/main/C016_perturbed__research_agent_v3_planner_debate__RUN_20260602_014054_08_openclaw_deepseekv4pro_researchagentv3plannerdebate.md,extracted_from_claim_evidence_table
C016,perturbed,perturbed,research_agent_v3_planner_debate,RUN_20260602_014054_08_openclaw_deepseekv4pro_researchagentv3plannerdebate,RUN_20260602_014054_08_openclaw_deepseekv4pro_researchagentv3plannerdebate_CL006,Threat acknowledgment,"SUTVA violations (information spillover, partner-market interference) and differential non-response are present and affect even the descriptive comparison",Packet Data Card explicitly flags both threats; planner Threat Checks 2 and 4; no network/response-rate data provided,High that threats exist; unknown magnitude of effect,"Would be falsified if network data show zero cross-school interaction, partner markets are fully segregated by school, and response rates are identical across arms — data the packet does not provide","C006: SUTVA violations (information spillover, partner-market interference) and differential non-response are present and affect even the descriptive comparison",Claim-Evidence Table,outputs/raw_agent_logs/main/C016_perturbed__research_agent_v3_planner_debate__RUN_20260602_014054_08_openclaw_deepseekv4pro_researchagentv3plannerdebate.md,extracted_from_claim_evidence_table
C016,perturbed,perturbed,research_agent_v3_planner_debate,RUN_20260602_014054_08_openclaw_deepseekv4pro_researchagentv3plannerdebate,RUN_20260602_014054_08_openclaw_deepseekv4pro_researchagentv3plannerdebate_CL007,Methodological limitation,"The study cannot determine whether observed self-report differences are driven by behavior change, reporting change, or selection","Packet contains only self-reported outcomes; retrieval (Rosenman et al., 2021; VanderWeele & Li, 2019) formalizes the non-separability",High,"Would be falsified by the addition of an objective outcome, internal validation subsample, or randomized survey-mode experiment permitting independent identification of the reporting function","C007: The study cannot determine whether observed self-report differences are driven by behavior change, reporting change, or selection",Claim-Evidence Table,outputs/raw_agent_logs/main/C016_perturbed__research_agent_v3_planner_debate__RUN_20260602_014054_08_openclaw_deepseekv4pro_researchagentv3plannerdebate.md,extracted_from_claim_evidence_table
C016,perturbed,perturbed,research_agent_v3_planner_debate,RUN_20260602_014054_08_openclaw_deepseekv4pro_researchagentv3plannerdebate,RUN_20260602_014054_08_openclaw_deepseekv4pro_researchagentv3plannerdebate_CL008,Design requirement,"To restore causal interpretation, the design needs at minimum an objective outcome, internal validation study, or randomized survey-mode experiment","Retrieval evidence (Ackerman et al., 2019, on non-transportability of external validation; Rosenman et al., 2021, on requirements for separating response and reporting classes)",High,Would be falsified if a new identification approach is developed that can separate behavior-change from reporting-change channels without any objective measurement — no such method exists in the current literature,"C008: To restore causal interpretation, the design needs at minimum an objective outcome, internal validation study, or randomized survey-mode experiment",Claim-Evidence Table,outputs/raw_agent_logs/main/C016_perturbed__research_agent_v3_planner_debate__RUN_20260602_014054_08_openclaw_deepseekv4pro_researchagentv3plannerdebate.md,extracted_from_claim_evidence_table
C016,perturbed,perturbed,research_agent_v3_planner_debate,RUN_20260602_014054_08_openclaw_deepseekv4pro_researchagentv3plannerdebate,RUN_20260602_014054_08_openclaw_deepseekv4pro_researchagentv3plannerdebate_CL009,Methodological assessment,"The packet's perturbation — removal of the objective outcome — is structurally fatal to causal identification, and this conclusion does not depend on sample size, estimator choice, or inference method","Systematic candidate evaluation (ITT, CACE/LATE, DiD all fail); Stage 4 critic confirms; Stage 3b accepts; external methodological literature validates",Very high,Would require demonstrating that differential measurement error is zero or can be corrected without objective data — the retrieval literature demonstrates this is not possible,"C009: The packet's perturbation — removal of the objective outcome — is structurally fatal to causal identification, and this conclusion does not depend on sample size, estimator choice, or inference method",Claim-Evidence Table,outputs/raw_agent_logs/main/C016_perturbed__research_agent_v3_planner_debate__RUN_20260602_014054_08_openclaw_deepseekv4pro_researchagentv3plannerdebate.md,extracted_from_claim_evidence_table
C016,perturbed,perturbed,research_agent_v3_planner_debate,RUN_20260602_014054_08_openclaw_deepseekv4pro_researchagentv3plannerdebate,RUN_20260602_014054_08_openclaw_deepseekv4pro_researchagentv3plannerdebate_CL010,Contribution framing,The study's contribution is documenting self-reported response patterns with transparent uncertainty quantification and specifying what additional data would restore stronger interpretation,Packet Specific Question 2; packet Known Constraints instruction to downgrade; Stage 0 planner final decision rule,High,"Would be falsified if self-reports contain no usable information whatsoever (e.g., extreme non-response, survey administration failure) — the descriptive contribution would then be limited to documenting data quality problems",C010: The study's contribution is documenting self-reported response patterns with transparent uncertainty quantification and specifying what additional data would restore stronger interpretation,Claim-Evidence Table,outputs/raw_agent_logs/main/C016_perturbed__research_agent_v3_planner_debate__RUN_20260602_014054_08_openclaw_deepseekv4pro_researchagentv3plannerdebate.md,extracted_from_claim_evidence_table
C019,perturbed,perturbed,research_agent_v3_planner_debate,RUN_20260602_015603_09_openclaw_deepseekv4pro_researchagentv3plannerdebate,RUN_20260602_015603_09_openclaw_deepseekv4pro_researchagentv3plannerdebate_CL001,Definitional,Unplanned spending is unobservable without pre-trip planned basket data,"Packet perturbed condition (""no reliable pre-trip record of the shopper's planned basket or intended mission""); Stage 2 retrieval (Hui et al. 2013 canonical framework requires pre-trip survey data); Stage 0 threat check 1",High,"A validated method for decomposing checkout spending into planned and unplanned components from single-trip data alone, demonstrated to be free of circularity, would overturn this claim. No such method is known to the retrieval or packet evidence.",Unplanned spending is unobservable without pre-trip planned basket data,Claim-Evidence Table,outputs/raw_agent_logs/main/C019_perturbed__research_agent_v3_planner_debate__RUN_20260602_015603_09_openclaw_deepseekv4pro_researchagentv3plannerdebate.md,extracted_from_claim_evidence_table
C019,perturbed,perturbed,research_agent_v3_planner_debate,RUN_20260602_015603_09_openclaw_deepseekv4pro_researchagentv3plannerdebate,RUN_20260602_015603_09_openclaw_deepseekv4pro_researchagentv3plannerdebate_CL002,Descriptive,"The conditional association between route length and total spending is positive, controlling for demographics and store familiarity","Packet data elements (route length, checkout spending, demographics); economic logic (larger missions → longer paths → more spending); Stage 2 retrieval (Hui et al. 2009 TSP-deviation framework documents positive correlation)",High (direction); Low (magnitude),A negative or precisely zero conditional association in the packet's data would falsify the claim.,"The conditional association between route length and total spending is positive, controlling for demographics and store familiarity",Claim-Evidence Table,outputs/raw_agent_logs/main/C019_perturbed__research_agent_v3_planner_debate__RUN_20260602_015603_09_openclaw_deepseekv4pro_researchagentv3plannerdebate.md,extracted_from_claim_evidence_table
C019,perturbed,perturbed,research_agent_v3_planner_debate,RUN_20260602_015603_09_openclaw_deepseekv4pro_researchagentv3plannerdebate,RUN_20260602_015603_09_openclaw_deepseekv4pro_researchagentv3plannerdebate_CL003,Descriptive with strong caveats,"The OLS coefficient on route length in a spending regression is an upper bound on the true causal effect of route length on total spending, under maintained measurement-quality assumptions",Packet data (no pre-trip mission data → simultaneity bias upward); Stage 0 planner (bias-direction characterization); economic theory (three channels all non-negative); Stage 3b debate qualification (conditional on measurement precision),Low-to-moderate (contingent on tracking-technology precision),"(a) Low-precision tracking technology producing attenuation bias that dominates simultaneity bias, making net bias direction ambiguous; (b) a negative true causal effect of route length on spending (unlikely but logically possible if longer routes produce fatigue or time pressure that reduces spending); (c) a negative correlation between intended mission size and route length (implausible but logically possible if large-mission shoppers are highly efficient).","The OLS coefficient on route length in a spending regression is an upper bound on the true causal effect of route length on total spending, under maintained measurement-quality assumptions",Claim-Evidence Table,outputs/raw_agent_logs/main/C019_perturbed__research_agent_v3_planner_debate__RUN_20260602_015603_09_openclaw_deepseekv4pro_researchagentv3plannerdebate.md,extracted_from_claim_evidence_table
C019,perturbed,perturbed,research_agent_v3_planner_debate,RUN_20260602_015603_09_openclaw_deepseekv4pro_researchagentv3plannerdebate,RUN_20260602_015603_09_openclaw_deepseekv4pro_researchagentv3plannerdebate_CL004,Descriptive,"The route-length/spending correlation can be decomposed into TSP-path, order-deviation, and travel-deviation components that reveal whether the correlation is driven by browsing or planning","Packet data (observed routes, checkout records with purchased categories, store layout); Hui, Fader, and Bradlow (2009) decomposition framework; Stage 2 retrieval (confirms descriptive utility of decomposition even absent causal interpretation)",High (decomposition is mechanical); Low (behavioral interpretation of components),The behavioral interpretation would be falsified if travel deviation is not associated with higher spending (suggesting the decomposition captures noise rather than browsing) or if shopper heterogeneity in path-planning strategy dominates the deviation components.,"The route-length/spending correlation can be decomposed into TSP-path, order-deviation, and travel-deviation components that reveal whether the correlation is driven by browsing or planning",Claim-Evidence Table,outputs/raw_agent_logs/main/C019_perturbed__research_agent_v3_planner_debate__RUN_20260602_015603_09_openclaw_deepseekv4pro_researchagentv3plannerdebate.md,extracted_from_claim_evidence_table
C019,perturbed,perturbed,research_agent_v3_planner_debate,RUN_20260602_015603_09_openclaw_deepseekv4pro_researchagentv3plannerdebate,RUN_20260602_015603_09_openclaw_deepseekv4pro_researchagentv3plannerdebate_CL005,Methodological,No prompt-based instrument satisfies the exclusion restriction in this retail context,"Stage 2 retrieval (prompts affect spending through visual salience, price salience, reminders, category priming — not exclusively through route length); causal mediation literature (arXiv:2112.13898 — single instrument insufficient with endogenous mediator); Stage 4 critic verdict (`not_defensible` for Prompt-IV candidate)",High,"Randomized assignment of prompts with content stripped of price/visual salience components (pure directional cues), combined with evidence that prompt effects on spending are fully mediated by route-length changes, would falsify this claim. Such evidence is absent from the packet.",No prompt-based instrument satisfies the exclusion restriction in this retail context,Claim-Evidence Table,outputs/raw_agent_logs/main/C019_perturbed__research_agent_v3_planner_debate__RUN_20260602_015603_09_openclaw_deepseekv4pro_researchagentv3plannerdebate.md,extracted_from_claim_evidence_table
C019,perturbed,perturbed,research_agent_v3_planner_debate,RUN_20260602_015603_09_openclaw_deepseekv4pro_researchagentv3plannerdebate,RUN_20260602_015603_09_openclaw_deepseekv4pro_researchagentv3plannerdebate_CL006,Methodological,The perturbation (removing pre-trip planned basket) is fatal to causal identification of the effect of route length on unplanned spending,Packet perturbed condition; Stage 4 critic (all three causal candidates `not_defensible`); Stage 4b final critique (confirms); Stage 3b debate response (accepts outcome re-framing to total spending); Stage 2 retrieval (confirms unplanned spending definition depends on pre-trip data),High,"Recovery of pre-trip planned basket data, or a validated method for identifying unplanned spending from checkout data alone that avoids circularity, would restore the possibility of causal identification. Neither is available under the packet's constraints.",The perturbation (removing pre-trip planned basket) is fatal to causal identification of the effect of route length on unplanned spending,Claim-Evidence Table,outputs/raw_agent_logs/main/C019_perturbed__research_agent_v3_planner_debate__RUN_20260602_015603_09_openclaw_deepseekv4pro_researchagentv3plannerdebate.md,extracted_from_claim_evidence_table
C019,perturbed,perturbed,research_agent_v3_planner_debate,RUN_20260602_015603_09_openclaw_deepseekv4pro_researchagentv3plannerdebate,RUN_20260602_015603_09_openclaw_deepseekv4pro_researchagentv3plannerdebate_CL007,Methodological,The bundled descriptive design provides operationally useful information to the retailer despite lacking causal interpretation,Packet research background (retailer wants to know about route length/spending relationship and whether promotions are useful); Stage 0 final decision rule; Stage 3b debate (bundling accepted); Stage 4b final critique (all focus points resolved),Moderate,"The retailer requiring causal evidence for a specific intervention decision (layout redesign, prompt investment) would find the descriptive design inadequate; the design's operational utility is contingent on the retailer accepting associational evidence as input to exploratory decision-making.",The bundled descriptive design provides operationally useful information to the retailer despite lacking causal interpretation,Claim-Evidence Table,outputs/raw_agent_logs/main/C019_perturbed__research_agent_v3_planner_debate__RUN_20260602_015603_09_openclaw_deepseekv4pro_researchagentv3plannerdebate.md,extracted_from_claim_evidence_table
C020,perturbed,perturbed,research_agent_v3_planner_debate,RUN_20260602_021154_10_openclaw_deepseekv4pro_researchagentv3plannerdebate,RUN_20260602_021154_10_openclaw_deepseekv4pro_researchagentv3plannerdebate_CL001,Identification result (not an empirical claim),C1. The format-alone ATE is unidentified under the perturbed condition.,"(a) Packet perturbed condition: format and promotion are perfectly collinear by design. (b) Stage 2 retrieval (Egami & Imai 2019, arXiv:1905.07596; Yao & Hwang 2017, arXiv:1703.02113): effect aliasing in factorial designs with missing treatment combinations precludes estimation of main effects. (c) Stage 2 retrieval (Schindler 2006): 9-endings inherently signal bargain information, making the confound structural, not merely a data limitation. (d) Stage 0 planner threat check #1: ""Verify that terminal-digit format and promotional framing are perfectly collinear in the data."" (e) Stage 4 critique and Stage 4b final critique confirm this is resolved.",Very high — the claim follows from deterministic features of the design and established results in factorial-design causal inference,"A demonstration that the perturbation description is incorrect and that the packet data actually contains independent variation between format and promotion, OR a demonstration that the effect-aliasing literature contains a result showing main effects are identifiable from a design with missing treatment combinations without additional assumptions (no such result is known)",**C1.** The format-alone ATE is unidentified under the perturbed condition.,Claim-Evidence Table,outputs/raw_agent_logs/main/C020_perturbed__research_agent_v3_planner_debate__RUN_20260602_021154_10_openclaw_deepseekv4pro_researchagentv3plannerdebate.md,extracted_from_claim_evidence_table
C020,perturbed,perturbed,research_agent_v3_planner_debate,RUN_20260602_021154_10_openclaw_deepseekv4pro_researchagentv3plannerdebate,RUN_20260602_021154_10_openclaw_deepseekv4pro_researchagentv3plannerdebate_CL002,Causal (ITT),"C2. The bundled ITT — the effect of the format-plus-promotion package on demand — is causally identified conditional on as-if-random assignment, no differential offer-context confounding, and no cross-item interference.","(a) Packet data card: comparable customer groups receive different versions. (b) Packet variable groups: baseline controls (past purchase behavior, demographics) are available for balance testing. (c) Packet offer-context indicators are measurable covariates. (d) Stage 0 planner: final decision rule designates the bundled ITT as the strongest defensible causal estimand. (e) Stage 3 candidate list: Bundled ITT is the recommended primary. (f) Stage 4 critique: verdict is `defensible_with_caveats`; all focus points resolved in Stage 4b.","Moderate — conditional on three verifiable conditions, one of which (no cross-item interference) is the least testable from packet-provided information",Baseline balance diagnostics show systematic imbalance on observables that covariate adjustment cannot resolve; OR offer-context indicators differ systematically between versions and adjustment does not narrow the estimate; OR cross-item interference is detected and inflates the ITT by substantively meaningful magnitudes,"**C2.** The bundled ITT — the effect of the format-plus-promotion package on demand — is causally identified conditional on as-if-random assignment, no differential offer-context confounding, and no cross-item interference.",Claim-Evidence Table,outputs/raw_agent_logs/main/C020_perturbed__research_agent_v3_planner_debate__RUN_20260602_021154_10_openclaw_deepseekv4pro_researchagentv3plannerdebate.md,extracted_from_claim_evidence_table
C020,perturbed,perturbed,research_agent_v3_planner_debate,RUN_20260602_021154_10_openclaw_deepseekv4pro_researchagentv3plannerdebate,RUN_20260602_021154_10_openclaw_deepseekv4pro_researchagentv3plannerdebate_CL003,Descriptive,"C3. The familiarity-stratified heterogeneity analysis can only provide descriptive patterns, not causal mechanism attribution.","(a) Packet data card: items recur across waves, making familiarity endogenous to prior-wave treatment exposure. (b) Stage 0 planner threat check #5: carryover effects violate SUTVA. (c) Stage 4 critique: carryover is a ""packet-grounded refutation,"" not merely a caveat. (d) Stage 3b debate response: fully accepts this threat; downgrades Candidates 2 and 3 to descriptive reporting only. (e) Stage 4b final critique: resolved. (f) Stage 2 retrieval (Schindler 2006): both format and promotion mechanisms can produce the same heterogeneity pattern.","High — the claim is about what cannot be concluded, which is easier to establish than a positive causal claim","A demonstration that carryover effects are zero in this specific setting (e.g., demand in wave 3 is uncorrelated with wave 1–2 treatment assignment after controlling for wave-3 treatment), AND a demonstration that format and promotion mechanisms produce distinguishable, non-overlapping heterogeneity signatures","**C3.** The familiarity-stratified heterogeneity analysis can only provide descriptive patterns, not causal mechanism attribution.",Claim-Evidence Table,outputs/raw_agent_logs/main/C020_perturbed__research_agent_v3_planner_debate__RUN_20260602_021154_10_openclaw_deepseekv4pro_researchagentv3plannerdebate.md,extracted_from_claim_evidence_table
C020,perturbed,perturbed,research_agent_v3_planner_debate,RUN_20260602_021154_10_openclaw_deepseekv4pro_researchagentv3plannerdebate,RUN_20260602_021154_10_openclaw_deepseekv4pro_researchagentv3plannerdebate_CL004,Methodological,"C4. The first-wave-only restriction eliminates carryover contamination, but at the cost of reduced statistical power.","(a) Packet data card: panel structure with repeated waves. (b) Stage 3b debate response: proposes first-wave-only restriction. (c) Stage 4b final critique: accepts this as a ""concrete packet-grounded restriction.""",High — the restriction eliminates the identified source of contamination by construction,"The first-wave-only sample is so small that estimates are too noisy to be informative, OR first-wave assignment differs systematically from later-wave assignment in ways that limit generalizability","**C4.** The first-wave-only restriction eliminates carryover contamination, but at the cost of reduced statistical power.",Claim-Evidence Table,outputs/raw_agent_logs/main/C020_perturbed__research_agent_v3_planner_debate__RUN_20260602_021154_10_openclaw_deepseekv4pro_researchagentv3plannerdebate.md,extracted_from_claim_evidence_table
C020,perturbed,perturbed,research_agent_v3_planner_debate,RUN_20260602_021154_10_openclaw_deepseekv4pro_researchagentv3plannerdebate,RUN_20260602_021154_10_openclaw_deepseekv4pro_researchagentv3plannerdebate_CL005,Identification result,"C5. The partial-identification bounds on the format-attributable share collapse to [0, 1] unless restrictions beyond packet data are imposed.","(a) Stage 3 candidate list: bounds require restricting the format effect for familiar items to an interval strictly narrower than [0, bundled_effect_familiar]. (b) Stage 4 critique: packet provides no empirical basis for non-trivial restrictions. (c) Stage 3b debate response: accepts that bounds are descriptive only. (d) The bounding formula itself: if τ_U = τ_F, then π_format ∈ [0, 1].",Very high — follows from the definition of the bounding interval,"Empirical estimates of τ_U and τ_F are sufficiently different that the lower bound excludes a meaningful portion of [0, 1]; the width of the interval would still be determined by the degree of heterogeneity","**C5.** The partial-identification bounds on the format-attributable share collapse to [0, 1] unless restrictions beyond packet data are imposed.",Claim-Evidence Table,outputs/raw_agent_logs/main/C020_perturbed__research_agent_v3_planner_debate__RUN_20260602_021154_10_openclaw_deepseekv4pro_researchagentv3plannerdebate.md,extracted_from_claim_evidence_table
C020,perturbed,perturbed,research_agent_v3_planner_debate,RUN_20260602_021154_10_openclaw_deepseekv4pro_researchagentv3plannerdebate,RUN_20260602_021154_10_openclaw_deepseekv4pro_researchagentv3plannerdebate_CL006,Interpretive,C6. The bundled ITT answers a more policy-relevant question than the format-alone ATE for a retailer that always deploys format and promotion together.,"(a) Packet perturbed condition: the retailer's actual practice bundles format with promotion. (b) Stage 3b debate response: ""the bundled effect — not the format-alone effect — is the honest and policy-relevant estimand."" (c) Stage 4b final critique: resolved. (d) Schindler (2006): 9-endings inherently signal bargains, so a format-alone estimand has no practical retail analogue.","Moderate — depends on accepting that the retailer's goal is to understand the effect of its actual practices, not to isolate a component that never operates independently","The retailer credibly demonstrates that it is considering decoupling format from promotion in future campaigns and needs the format-alone ATE to inform that decision; in that case, the bundled ITT is insufficient and the format-alone ATE is the policy-relevant parameter",**C6.** The bundled ITT answers a more policy-relevant question than the format-alone ATE for a retailer that always deploys format and promotion together.,Claim-Evidence Table,outputs/raw_agent_logs/main/C020_perturbed__research_agent_v3_planner_debate__RUN_20260602_021154_10_openclaw_deepseekv4pro_researchagentv3plannerdebate.md,extracted_from_claim_evidence_table
C020,perturbed,perturbed,research_agent_v3_planner_debate,RUN_20260602_021154_10_openclaw_deepseekv4pro_researchagentv3plannerdebate,RUN_20260602_021154_10_openclaw_deepseekv4pro_researchagentv3plannerdebate_CL007,Methodological,"C7. The demand difference between versions may reflect offer-context cues (color, placement, urgency language) as well as format and promotion, but offer-context indicators are measurable and can bound the confound.","(a) Packet data card: ""Other cues in the same version may alter interpretation of the focal price."" (b) Packet variable groups: offer-context indicators listed as baseline controls. (c) Stage 0 planner threat check #4: ""Assess whether other cues... differ systematically."" (d) Stage 3b debate response: partially accepts; proposes explicit diagnostic step. (e) Stage 4b final critique: resolved.",Moderate — observable context indicators can be tested; unobserved ones cannot,Offer-context indicators differ systematically between versions AND covariate adjustment meaningfully changes the ITT estimate AND residual unobserved context differences remain plausible,"**C7.** The demand difference between versions may reflect offer-context cues (color, placement, urgency language) as well as format and promotion, but offer-context indicators are measurable and can bound the confound.",Claim-Evidence Table,outputs/raw_agent_logs/main/C020_perturbed__research_agent_v3_planner_debate__RUN_20260602_021154_10_openclaw_deepseekv4pro_researchagentv3plannerdebate.md,extracted_from_claim_evidence_table
C020,perturbed,perturbed,research_agent_v3_planner_debate,RUN_20260602_021154_10_openclaw_deepseekv4pro_researchagentv3plannerdebate,RUN_20260602_021154_10_openclaw_deepseekv4pro_researchagentv3plannerdebate_CL008,External evidence (not a claim about the current study),C8. Cross-item substitution can inflate treatment effects by 77–100% in pricing experiments with article-level randomization.,"(a) Stage 2 retrieval (Holtz et al. 2024, arXiv:2402.14538): empirical evidence from pricing experiments.",High for the cited study; uncertain for applicability to the current study,"The current study's design (customer-group-level assignment, not article-level randomization within groups) structurally prevents the type of substitution studied in Holtz et al.; OR an interference diagnostic in the current study finds no evidence of cross-item substitution",**C8.** Cross-item substitution can inflate treatment effects by 77–100% in pricing experiments with article-level randomization.,Claim-Evidence Table,outputs/raw_agent_logs/main/C020_perturbed__research_agent_v3_planner_debate__RUN_20260602_021154_10_openclaw_deepseekv4pro_researchagentv3plannerdebate.md,extracted_from_claim_evidence_table
C002,no_solution,no_solution,benchmark_isolated,RUN_20260602_223410_01_openclaw_deepseekv4pro_isolated,RUN_20260602_223410_01_openclaw_deepseekv4pro_isolated_CL001,Descriptive,C1. Higher-priced loans are associated with worse repayment in the raw data.,Regression of default on offer/final price in the accepted-loan sample; expected sign negative and significant.,High,"If the raw association is near zero or positive, the lender's concern is empirically unmotivated (contrary to expectation given the risk-based pricing system).",C1. Higher-priced loans are associated with worse repayment in the raw data.,Claim-Evidence Table,outputs/raw_agent_logs/main/C002_no_solution_openclaw_RUN_20260602_223410_01_openclaw_deepseekv4pro_isolated.md,extracted_from_claim_evidence_table
C002,no_solution,no_solution,benchmark_isolated,RUN_20260602_223410_01_openclaw_deepseekv4pro_isolated,RUN_20260602_223410_01_openclaw_deepseekv4pro_isolated_CL002,Descriptive,C2. Observable risk characteristics explain a substantial portion of the raw price-default gradient.,Gelbach/Oaxaca-Blinder decomposition attributing the reduction in the price coefficient to covariate groups.,Moderate — depends on the richness and quality of the covariates.,"If observable risk explains nearly none of the gradient (τ̂_full ≈ τ̂_raw), either the covariates are weak or incentive effects/soft-information selection are large.",C2. Observable risk characteristics explain a substantial portion of the raw price-default gradient.,Claim-Evidence Table,outputs/raw_agent_logs/main/C002_no_solution_openclaw_RUN_20260602_223410_01_openclaw_deepseekv4pro_isolated.md,extracted_from_claim_evidence_table
C002,no_solution,no_solution,benchmark_isolated,RUN_20260602_223410_01_openclaw_deepseekv4pro_isolated,RUN_20260602_223410_01_openclaw_deepseekv4pro_isolated_CL003,Descriptive,C3. A residual price-default association remains after controlling for all observable risk characteristics.,Coefficient κ̂ from the residual-variation regression; significance tests.,Moderate — depends on covariate quality and functional form.,"If κ̂ ≈ 0 and precisely estimated, the data are consistent with full selection on observables (but unobserved selection cannot be ruled out).",C3. A residual price-default association remains after controlling for all observable risk characteristics.,Claim-Evidence Table,outputs/raw_agent_logs/main/C002_no_solution_openclaw_RUN_20260602_223410_01_openclaw_deepseekv4pro_isolated.md,extracted_from_claim_evidence_table
C002,no_solution,no_solution,benchmark_isolated,RUN_20260602_223410_01_openclaw_deepseekv4pro_isolated,RUN_20260602_223410_01_openclaw_deepseekv4pro_isolated_CL004,Descriptive,"C4. Take-up rates decline with offered price, and accepted borrowers at higher prices are riskier on observables.",Take-up probit; balance tables across price quantiles.,High,"If take-up does not vary with price or accepted borrowers at all price levels are observationally identical, selection into borrowing is not a first-order concern.","C4. Take-up rates decline with offered price, and accepted borrowers at higher prices are riskier on observables.",Claim-Evidence Table,outputs/raw_agent_logs/main/C002_no_solution_openclaw_RUN_20260602_223410_01_openclaw_deepseekv4pro_isolated.md,extracted_from_claim_evidence_table
C002,no_solution,no_solution,benchmark_isolated,RUN_20260602_223410_01_openclaw_deepseekv4pro_isolated,RUN_20260602_223410_01_openclaw_deepseekv4pro_isolated_CL005,Sensitivity check (not a test),C5. Oster bounds indicate selection on unobservables would need to be X times stronger than selection on observables to explain κ̂.,Oster (2019) sensitivity procedure applied to the controlled regression.,Low — the procedure requires assumptions about R²_max that are inherently speculative.,"The bounds are not falsifiable in a strict sense; they are tools for calibration, not hypothesis tests.",C5. Oster bounds indicate selection on unobservables would need to be X times stronger than selection on observables to explain κ̂.,Claim-Evidence Table,outputs/raw_agent_logs/main/C002_no_solution_openclaw_RUN_20260602_223410_01_openclaw_deepseekv4pro_isolated.md,extracted_from_claim_evidence_table
C002,no_solution,no_solution,benchmark_isolated,RUN_20260602_223410_01_openclaw_deepseekv4pro_isolated,RUN_20260602_223410_01_openclaw_deepseekv4pro_isolated_CL006,Logical necessity,C6. The residual price-default association is not a causal estimate of moral hazard or incentive effects.,Logical argument: endogenous pricing + unobserved risk confounding.,Very high,"N/A — this claim cannot be falsified by evidence because it is a statement about identification, not an empirical hypothesis. Any apparent ""causal"" estimate from this data would be methodologically invalid regardless of its magnitude or precision.",C6. The residual price-default association is not a causal estimate of moral hazard or incentive effects.,Claim-Evidence Table,outputs/raw_agent_logs/main/C002_no_solution_openclaw_RUN_20260602_223410_01_openclaw_deepseekv4pro_isolated.md,extracted_from_claim_evidence_table
C002,no_solution,no_solution,benchmark_isolated,RUN_20260602_223410_01_openclaw_deepseekv4pro_isolated,RUN_20260602_223410_01_openclaw_deepseekv4pro_isolated_CL007,Methodological prescription,C7. A randomized pricing experiment would be required to separately identify selection from incentive effects.,Standard program evaluation logic; the packet confirms no randomization or quasi-experiment exists.,Very high,"If a valid quasi-experiment (instrument, RD, natural experiment) could be constructed from the available data — but the packet confirms none exists.",C7. A randomized pricing experiment would be required to separately identify selection from incentive effects.,Claim-Evidence Table,outputs/raw_agent_logs/main/C002_no_solution_openclaw_RUN_20260602_223410_01_openclaw_deepseekv4pro_isolated.md,extracted_from_claim_evidence_table
C004,no_solution,no_solution,benchmark_isolated,RUN_20260602_223805_02_openclaw_deepseekv4pro_isolated,RUN_20260602_223805_02_openclaw_deepseekv4pro_isolated_CL001,Descriptive association,Paid-search spend is positively associated with downstream sales,Coefficients $\hat{\beta} > 0$ from panel regressions with market and time fixed effects,High (likely to find a positive raw association),$\hat{\beta} \leq 0$ in the main specification after basic controls,Paid-search spend is positively associated with downstream sales,Claim-Evidence Table,outputs/raw_agent_logs/main/C004_no_solution_openclaw_RUN_20260602_223805_02_openclaw_deepseekv4pro_isolated.md,extracted_from_claim_evidence_table
C004,no_solution,no_solution,benchmark_isolated,RUN_20260602_223805_02_openclaw_deepseekv4pro_isolated,RUN_20260602_223805_02_openclaw_deepseekv4pro_isolated_CL002,Descriptive partial association,The association persists after controlling for historical sales and market characteristics,"$\hat{\beta}$ remains positive when adding lagged sales, market size, seasonality, and trend controls",Moderate,"$\hat{\beta}$ drops to zero with rich controls, suggesting the raw association is fully explained by observables",The association persists after controlling for historical sales and market characteristics,Claim-Evidence Table,outputs/raw_agent_logs/main/C004_no_solution_openclaw_RUN_20260602_223805_02_openclaw_deepseekv4pro_isolated.md,extracted_from_claim_evidence_table
C004,no_solution,no_solution,benchmark_isolated,RUN_20260602_223805_02_openclaw_deepseekv4pro_isolated,RUN_20260602_223805_02_openclaw_deepseekv4pro_isolated_CL003,Diagnostic for reverse causality,Past sales predict current paid-search spend,$\hat{\alpha} > 0$ in the reverse specification (Section 12.3),Moderate-High,$\hat{\alpha} = 0$ would suggest no detectable reverse causality (unlikely given the institutional setting),Past sales predict current paid-search spend,Claim-Evidence Table,outputs/raw_agent_logs/main/C004_no_solution_openclaw_RUN_20260602_223805_02_openclaw_deepseekv4pro_isolated.md,extracted_from_claim_evidence_table
C004,no_solution,no_solution,benchmark_isolated,RUN_20260602_223805_02_openclaw_deepseekv4pro_isolated,RUN_20260602_223805_02_openclaw_deepseekv4pro_isolated_CL004,Falsification diagnostic,Future paid-search spend is associated with current sales,$\hat{\beta}_k > 0$ for lead terms ($k < 0$) in the lag-lead specification,Moderate-High,$\hat{\beta}_k = 0$ for all leads would be consistent with (but not proof of) no confounding from demand anticipation,Future paid-search spend is associated with current sales,Claim-Evidence Table,outputs/raw_agent_logs/main/C004_no_solution_openclaw_RUN_20260602_223805_02_openclaw_deepseekv4pro_isolated.md,extracted_from_claim_evidence_table
C004,no_solution,no_solution,benchmark_isolated,RUN_20260602_223805_02_openclaw_deepseekv4pro_isolated,RUN_20260602_223805_02_openclaw_deepseekv4pro_isolated_CL005,Descriptive heterogeneity,Associations are stronger for returning/high-frequency users than for new users,$\hat{\beta}_{\text{returning}} > \hat{\beta}_{\text{new}}$ in segment-level regressions,Low-Moderate,Reversal or equality of coefficients,Associations are stronger for returning/high-frequency users than for new users,Claim-Evidence Table,outputs/raw_agent_logs/main/C004_no_solution_openclaw_RUN_20260602_223805_02_openclaw_deepseekv4pro_isolated.md,extracted_from_claim_evidence_table
C004,no_solution,no_solution,benchmark_isolated,RUN_20260602_223805_02_openclaw_deepseekv4pro_isolated,RUN_20260602_223805_02_openclaw_deepseekv4pro_isolated_CL006,Quantitative robustness check,Unobserved confounding would need to be X times as large as observed controls to eliminate the association,Sensitivity analysis bounds (Oster/Cinelli-Hazlett method),Low (assumptions about relationship between observed and unobserved confounders are untestable),A very small required confounding ratio ($\delta$ close to 1) indicates high fragility,Unobserved confounding would need to be X times as large as observed controls to eliminate the association,Claim-Evidence Table,outputs/raw_agent_logs/main/C004_no_solution_openclaw_RUN_20260602_223805_02_openclaw_deepseekv4pro_isolated.md,extracted_from_claim_evidence_table
C004,no_solution,no_solution,benchmark_isolated,RUN_20260602_223805_02_openclaw_deepseekv4pro_isolated,RUN_20260602_223805_02_openclaw_deepseekv4pro_isolated_CL007,Causal claim,Paid-search spend causes incremental purchases,Not supported by any analysis possible with the available data,**Not supported**,N/A — this claim cannot be made with the available data and should not be advanced,Paid-search spend causes incremental purchases,Claim-Evidence Table,outputs/raw_agent_logs/main/C004_no_solution_openclaw_RUN_20260602_223805_02_openclaw_deepseekv4pro_isolated.md,extracted_from_claim_evidence_table
C008,no_solution,no_solution,benchmark_isolated,RUN_20260602_224224_03_openclaw_deepseekv4pro_isolated,RUN_20260602_224224_03_openclaw_deepseekv4pro_isolated_CL001,Descriptive association,"Visible all-in pricing is associated with [direction] quantity sold, conditional on store–category FE, week FE, and time-varying covariates.",Coefficient β₁ from Model 1; robust standard errors clustered by store.,Moderate (depends on stability across specifications),The association changes sign or becomes statistically insignificant under alternative fixed-effect structures or covariate sets.,"Visible all-in pricing is associated with [direction] quantity sold, conditional on store–category FE, week FE, and time-varying covariates.",Claim-Evidence Table,outputs/raw_agent_logs/main/C008_no_solution_openclaw_RUN_20260602_224224_03_openclaw_deepseekv4pro_isolated.md,extracted_from_claim_evidence_table
C008,no_solution,no_solution,benchmark_isolated,RUN_20260602_224224_03_openclaw_deepseekv4pro_isolated,RUN_20260602_224224_03_openclaw_deepseekv4pro_isolated_CL002,Descriptive heterogeneity,The magnitude of the association is larger (in absolute value) for categories with larger add-on charges.,Interaction between Visible and a measure of add-on magnitude in Model 1; heterogeneity analysis.,Low to moderate,The interaction coefficient is near zero or reverses sign; the finding is sensitive to how add-on magnitude is measured.,The magnitude of the association is larger (in absolute value) for categories with larger add-on charges.,Claim-Evidence Table,outputs/raw_agent_logs/main/C008_no_solution_openclaw_RUN_20260602_224224_03_openclaw_deepseekv4pro_isolated.md,extracted_from_claim_evidence_table
C008,no_solution,no_solution,benchmark_isolated,RUN_20260602_224224_03_openclaw_deepseekv4pro_isolated,RUN_20260602_224224_03_openclaw_deepseekv4pro_isolated_CL003,Descriptive diagnostic,Adopting units show different pre-adoption outcome trajectories than non-adopting units.,Pre-adoption δ_k coefficients (k < 0) from Model 2 event-study; F-test of joint significance.,Moderate to high (expected to hold),Pre-adoption coefficients are all close to zero and jointly insignificant.,Adopting units show different pre-adoption outcome trajectories than non-adopting units.,Claim-Evidence Table,outputs/raw_agent_logs/main/C008_no_solution_openclaw_RUN_20260602_224224_03_openclaw_deepseekv4pro_isolated.md,extracted_from_claim_evidence_table
C008,no_solution,no_solution,benchmark_isolated,RUN_20260602_224224_03_openclaw_deepseekv4pro_isolated,RUN_20260602_224224_03_openclaw_deepseekv4pro_isolated_CL004,Descriptive robustness,The association is not driven by a small number of outlier stores.,Leave-one-out store analysis; coefficient stability plot.,Moderate,Exclusion of one or two stores eliminates or strongly reverses the association.,The association is not driven by a small number of outlier stores.,Claim-Evidence Table,outputs/raw_agent_logs/main/C008_no_solution_openclaw_RUN_20260602_224224_03_openclaw_deepseekv4pro_isolated.md,extracted_from_claim_evidence_table
C008,no_solution,no_solution,benchmark_isolated,RUN_20260602_224224_03_openclaw_deepseekv4pro_isolated,RUN_20260602_224224_03_openclaw_deepseekv4pro_isolated_CL005,Logical/design claim,The association between visible pricing and quantity sold is not causal.,"Identification analysis: no randomization, no instrument, no discontinuity, endogenous adoption.",High,"The retailer provides evidence of an exogenous source of variation (RCT, IV, RDD) that was not in the original packet.",The association between visible pricing and quantity sold is not causal.,Claim-Evidence Table,outputs/raw_agent_logs/main/C008_no_solution_openclaw_RUN_20260602_224224_03_openclaw_deepseekv4pro_isolated.md,extracted_from_claim_evidence_table
C008,no_solution,no_solution,benchmark_isolated,RUN_20260602_224224_03_openclaw_deepseekv4pro_isolated,RUN_20260602_224224_03_openclaw_deepseekv4pro_isolated_CL006,Sensitivity analysis,Unobserved confounding could plausibly explain the full observed association.,Oster (2019) delta bounds; qualitative assessment of managerial decision process.,Moderate,Selection-on-observables tests suggest that unobservables would need to be implausibly large relative to observables to eliminate the association.,Unobserved confounding could plausibly explain the full observed association.,Claim-Evidence Table,outputs/raw_agent_logs/main/C008_no_solution_openclaw_RUN_20260602_224224_03_openclaw_deepseekv4pro_isolated.md,extracted_from_claim_evidence_table
C008,no_solution,no_solution,benchmark_isolated,RUN_20260602_224224_03_openclaw_deepseekv4pro_isolated,RUN_20260602_224224_03_openclaw_deepseekv4pro_isolated_CL007,Logical/design claim,"The data cannot distinguish between the salience, trust, and comparison mechanisms.",Observational equivalence of the three mechanisms in the reduced-form association; no mechanism-specific variation is available.,High,"Additional data (e.g., consumer surveys about perceived fairness, eye-tracking data on attention) become available.","The data cannot distinguish between the salience, trust, and comparison mechanisms.",Claim-Evidence Table,outputs/raw_agent_logs/main/C008_no_solution_openclaw_RUN_20260602_224224_03_openclaw_deepseekv4pro_isolated.md,extracted_from_claim_evidence_table
C010,no_solution,no_solution,benchmark_isolated,RUN_20260602_224608_04_openclaw_deepseekv4pro_isolated,RUN_20260602_224608_04_openclaw_deepseekv4pro_isolated_CL001,Descriptive association,"Earlier purchase timing is associated with higher probability of input adoption, conditional on observables",Coefficient on EarlyTiming in Model 1 (pooled regression with controls),Moderate (conditional on model specification and control set),Null or negative coefficient on EarlyTiming after controlling for observables,"Earlier purchase timing is associated with higher probability of input adoption, conditional on observables",Claim-Evidence Table,outputs/raw_agent_logs/main/C010_no_solution_openclaw_RUN_20260602_224608_04_openclaw_deepseekv4pro_isolated.md,extracted_from_claim_evidence_table
C010,no_solution,no_solution,benchmark_isolated,RUN_20260602_224608_04_openclaw_deepseekv4pro_isolated,RUN_20260602_224608_04_openclaw_deepseekv4pro_isolated_CL002,Descriptive association,"Lower local prices or promotions are associated with higher probability of adoption, conditional on observables",Coefficient on LowPrice in Model 1,Moderate,Null or negative coefficient on LowPrice after controlling for observables,"Lower local prices or promotions are associated with higher probability of adoption, conditional on observables",Claim-Evidence Table,outputs/raw_agent_logs/main/C010_no_solution_openclaw_RUN_20260602_224608_04_openclaw_deepseekv4pro_isolated.md,extracted_from_claim_evidence_table
C010,no_solution,no_solution,benchmark_isolated,RUN_20260602_224608_04_openclaw_deepseekv4pro_isolated,RUN_20260602_224608_04_openclaw_deepseekv4pro_isolated_CL003,Descriptive (decomposition),A substantial portion of the timing-adoption gradient is attributable to fixed producer characteristics,Comparison of β₁ between Model 1 (pooled) and Model 2 (FE); if β₁ shrinks substantially in Model 2,Moderate-High (a standard panel data result),"β₁ is stable or increases in the FE specification, suggesting within-producer timing variation (not fixed traits) drives the association",A substantial portion of the timing-adoption gradient is attributable to fixed producer characteristics,Claim-Evidence Table,outputs/raw_agent_logs/main/C010_no_solution_openclaw_RUN_20260602_224608_04_openclaw_deepseekv4pro_isolated.md,extracted_from_claim_evidence_table
C010,no_solution,no_solution,benchmark_isolated,RUN_20260602_224608_04_openclaw_deepseekv4pro_isolated,RUN_20260602_224608_04_openclaw_deepseekv4pro_isolated_CL004,Descriptive fact,Self-reported intention to adopt exceeds realized adoption,Descriptive statistics on Gap variable (Intend − Adopt),High (straightforward summary statistic),Gap ≤ 0 on average (intentions do not exceed adoption),Self-reported intention to adopt exceeds realized adoption,Claim-Evidence Table,outputs/raw_agent_logs/main/C010_no_solution_openclaw_RUN_20260602_224608_04_openclaw_deepseekv4pro_isolated.md,extracted_from_claim_evidence_table
C010,no_solution,no_solution,benchmark_isolated,RUN_20260602_224608_04_openclaw_deepseekv4pro_isolated,RUN_20260602_224608_04_openclaw_deepseekv4pro_isolated_CL005,Descriptive association,The intention-adoption gap is smaller when producers have earlier or cheaper access,Coefficient on EarlyTiming and LowPrice in regression of Gap on exposures (Model 3),Low-Moderate,Null or positive association (gap larger with earlier/cheaper access),The intention-adoption gap is smaller when producers have earlier or cheaper access,Claim-Evidence Table,outputs/raw_agent_logs/main/C010_no_solution_openclaw_RUN_20260602_224608_04_openclaw_deepseekv4pro_isolated.md,extracted_from_claim_evidence_table
C010,no_solution,no_solution,benchmark_isolated,RUN_20260602_224608_04_openclaw_deepseekv4pro_isolated,RUN_20260602_224608_04_openclaw_deepseekv4pro_isolated_CL006,Model-consistency check (not a test),Observed patterns are consistent with predictions of a present-bias model,Qualitative comparison of empirical gradients with directional predictions of a β-δ discounting model,Low (consistency does not confirm the model; many models make the same predictions),"Patterns that decisively contradict present-bias (e.g., adoption higher when access is later and more expensive)",Observed patterns are consistent with predictions of a present-bias model,Claim-Evidence Table,outputs/raw_agent_logs/main/C010_no_solution_openclaw_RUN_20260602_224608_04_openclaw_deepseekv4pro_isolated.md,extracted_from_claim_evidence_table
C010,no_solution,no_solution,benchmark_isolated,RUN_20260602_224608_04_openclaw_deepseekv4pro_isolated,RUN_20260602_224608_04_openclaw_deepseekv4pro_isolated_CL007,Predictive,"Producer characteristics (prior adoption, liquidity, demographics) predict adoption with useful accuracy",Out-of-sample predictive performance of Model 4 (LASSO/random forest),Moderate (depends on R²/AUC),Near-zero predictive accuracy beyond a naive baseline,"Producer characteristics (prior adoption, liquidity, demographics) predict adoption with useful accuracy",Claim-Evidence Table,outputs/raw_agent_logs/main/C010_no_solution_openclaw_RUN_20260602_224608_04_openclaw_deepseekv4pro_isolated.md,extracted_from_claim_evidence_table
C010,no_solution,no_solution,benchmark_isolated,RUN_20260602_224608_04_openclaw_deepseekv4pro_isolated,RUN_20260602_224608_04_openclaw_deepseekv4pro_isolated_CL008,Methodological assessment,Causal identification of present-bias is not possible with these data,"Logical analysis of the data structure: all variation is endogenous, no mechanism-separating data exist",**High** (follows directly from the packet's stated constraints),"This is a logical claim about what can be identified from the data described. It would be falsified if the packet had described a source of exogenous variation that it did not, but given the constraints as stated, it is true by construction.",Causal identification of present-bias is not possible with these data,Claim-Evidence Table,outputs/raw_agent_logs/main/C010_no_solution_openclaw_RUN_20260602_224608_04_openclaw_deepseekv4pro_isolated.md,extracted_from_claim_evidence_table
C014,no_solution,no_solution,benchmark_isolated,RUN_20260602_224948_05_openclaw_deepseekv4pro_isolated,RUN_20260602_224948_05_openclaw_deepseekv4pro_isolated_CL001,Descriptive,Monitored projects differ systematically from unmonitored projects on observable characteristics,Descriptive comparison of covariate means by monitoring status,High,If covariates are balanced across monitoring status without adjustment,Monitored projects differ systematically from unmonitored projects on observable characteristics,Claim-Evidence Table,outputs/raw_agent_logs/main/C014_no_solution_openclaw_RUN_20260602_224948_05_openclaw_deepseekv4pro_isolated.md,extracted_from_claim_evidence_table
C014,no_solution,no_solution,benchmark_isolated,RUN_20260602_224948_05_openclaw_deepseekv4pro_isolated,RUN_20260602_224948_05_openclaw_deepseekv4pro_isolated_CL002,Descriptive (conditional association),Monitoring status is associated with reported spending discrepancies after controlling for observables,Regression of outcomes on monitoring indicator with covariates,Moderate-to-high (statistical),If the coefficient on monitoring is near zero and precisely estimated across all specifications,Monitoring status is associated with reported spending discrepancies after controlling for observables,Claim-Evidence Table,outputs/raw_agent_logs/main/C014_no_solution_openclaw_RUN_20260602_224948_05_openclaw_deepseekv4pro_isolated.md,extracted_from_claim_evidence_table
C014,no_solution,no_solution,benchmark_isolated,RUN_20260602_224948_05_openclaw_deepseekv4pro_isolated,RUN_20260602_224948_05_openclaw_deepseekv4pro_isolated_CL003,Diagnostic,The monitoring-outcome association is sensitive to the inclusion of relevant covariates,Coefficient stability analysis across nested specifications,High,If the coefficient is stable across specifications with very different covariate sets,The monitoring-outcome association is sensitive to the inclusion of relevant covariates,Claim-Evidence Table,outputs/raw_agent_logs/main/C014_no_solution_openclaw_RUN_20260602_224948_05_openclaw_deepseekv4pro_isolated.md,extracted_from_claim_evidence_table
C014,no_solution,no_solution,benchmark_isolated,RUN_20260602_224948_05_openclaw_deepseekv4pro_isolated,RUN_20260602_224948_05_openclaw_deepseekv4pro_isolated_CL004,Descriptive,Reporting completeness differs by monitoring status,Comparison of reporting completeness indicators by monitoring status,High,If reporting completeness is identical across monitoring status,Reporting completeness differs by monitoring status,Claim-Evidence Table,outputs/raw_agent_logs/main/C014_no_solution_openclaw_RUN_20260602_224948_05_openclaw_deepseekv4pro_isolated.md,extracted_from_claim_evidence_table
C014,no_solution,no_solution,benchmark_isolated,RUN_20260602_224948_05_openclaw_deepseekv4pro_isolated,RUN_20260602_224948_05_openclaw_deepseekv4pro_isolated_CL005,Descriptive,Selection into monitoring is predictable from observable characteristics,Regression or classification model of monitoring assignment on observables,High,"If observables have no predictive power for monitoring assignment (would suggest quasi-random assignment, which is unlikely)",Selection into monitoring is predictable from observable characteristics,Claim-Evidence Table,outputs/raw_agent_logs/main/C014_no_solution_openclaw_RUN_20260602_224948_05_openclaw_deepseekv4pro_isolated.md,extracted_from_claim_evidence_table
C014,no_solution,no_solution,benchmark_isolated,RUN_20260602_224948_05_openclaw_deepseekv4pro_isolated,RUN_20260602_224948_05_openclaw_deepseekv4pro_isolated_CL006,Methodological,The observed association cannot be interpreted as a causal effect of monitoring on corruption,Logical argument from identification conditions; sensitivity analysis showing plausible confounding can explain observed associations,Very high,"If a source of exogenous variation in monitoring were discovered that satisfies exclusion, relevance, and independence conditions",The observed association cannot be interpreted as a causal effect of monitoring on corruption,Claim-Evidence Table,outputs/raw_agent_logs/main/C014_no_solution_openclaw_RUN_20260602_224948_05_openclaw_deepseekv4pro_isolated.md,extracted_from_claim_evidence_table
C014,no_solution,no_solution,benchmark_isolated,RUN_20260602_224948_05_openclaw_deepseekv4pro_isolated,RUN_20260602_224948_05_openclaw_deepseekv4pro_isolated_CL007,Sensitivity analysis,Unobserved confounding of magnitude X would be sufficient to explain the observed association,Oster (2019) or Rosenbaum bounds analysis,Conditional on model assumptions,If bounds show that implausibly large unobserved confounding would be needed (would strengthen the case for a causal interpretation but still not establish it without exogenous variation),Unobserved confounding of magnitude X would be sufficient to explain the observed association,Claim-Evidence Table,outputs/raw_agent_logs/main/C014_no_solution_openclaw_RUN_20260602_224948_05_openclaw_deepseekv4pro_isolated.md,extracted_from_claim_evidence_table
C014,no_solution,no_solution,benchmark_isolated,RUN_20260602_224948_05_openclaw_deepseekv4pro_isolated,RUN_20260602_224948_05_openclaw_deepseekv4pro_isolated_CL008,"Descriptive (weaker selection concern, but measurement remains contaminated)",Within-project outcome trajectories change after monitoring events,Project fixed effects regression exploiting within-project timing variation,Low-to-moderate,If no within-project change is observed; if timing of monitoring is itself endogenous to within-project developments,Within-project outcome trajectories change after monitoring events,Claim-Evidence Table,outputs/raw_agent_logs/main/C014_no_solution_openclaw_RUN_20260602_224948_05_openclaw_deepseekv4pro_isolated.md,extracted_from_claim_evidence_table
C019,no_solution,no_solution,benchmark_isolated,RUN_20260602_225251_06_openclaw_deepseekv4pro_isolated,RUN_20260602_225251_06_openclaw_deepseekv4pro_isolated_CL001,Descriptive,Route length is positively associated with unplanned spending in the raw data,Bivariate regression or correlation of \(Y\) on \(L\),High,A zero or negative bivariate correlation,**C1**: Route length is positively associated with unplanned spending in the raw data,Claim-Evidence Table,outputs/raw_agent_logs/main/C019_no_solution_openclaw_RUN_20260602_225251_06_openclaw_deepseekv4pro_isolated.md,extracted_from_claim_evidence_table
C019,no_solution,no_solution,benchmark_isolated,RUN_20260602_225251_06_openclaw_deepseekv4pro_isolated,RUN_20260602_225251_06_openclaw_deepseekv4pro_isolated_CL002,Descriptive,"The association persists after controlling for demographics, timing, and store familiarity",Multivariate regression \(\hat{\beta}_1 > 0\) in full-control specification,Moderate–High,\(\hat{\beta}_1 \leq 0\) and not statistically distinguishable from zero in the full-control specification,"**C2**: The association persists after controlling for demographics, timing, and store familiarity",Claim-Evidence Table,outputs/raw_agent_logs/main/C019_no_solution_openclaw_RUN_20260602_225251_06_openclaw_deepseekv4pro_isolated.md,extracted_from_claim_evidence_table
C019,no_solution,no_solution,benchmark_isolated,RUN_20260602_225251_06_openclaw_deepseekv4pro_isolated,RUN_20260602_225251_06_openclaw_deepseekv4pro_isolated_CL003,Diagnostic,An unobserved confounder would need to be at least as strong as the strongest observed covariate to eliminate the conditional association,Oster/Cinelli-Hazlett sensitivity bounds with \(\delta\) substantially greater than 1,Varies with data,\(\delta \leq 1\) (selection on unobservables would need to be only as strong as selection on observables to eliminate the result),**C4**: An unobserved confounder would need to be at least as strong as the strongest observed covariate to eliminate the conditional association,Claim-Evidence Table,outputs/raw_agent_logs/main/C019_no_solution_openclaw_RUN_20260602_225251_06_openclaw_deepseekv4pro_isolated.md,extracted_from_claim_evidence_table
C019,no_solution,no_solution,benchmark_isolated,RUN_20260602_225251_06_openclaw_deepseekv4pro_isolated,RUN_20260602_225251_06_openclaw_deepseekv4pro_isolated_CL004,Correlational pattern,The association is larger for unplanned than planned spending,Comparing \(\beta_1^{\text{unplanned}}\) vs. \(\beta_1^{\text{planned}}\) in otherwise identical specifications,Moderate,Similar or larger coefficient for planned spending,**C5**: The association is larger for unplanned than planned spending,Claim-Evidence Table,outputs/raw_agent_logs/main/C019_no_solution_openclaw_RUN_20260602_225251_06_openclaw_deepseekv4pro_isolated.md,extracted_from_claim_evidence_table
C019,no_solution,no_solution,benchmark_isolated,RUN_20260602_225251_06_openclaw_deepseekv4pro_isolated,RUN_20260602_225251_06_openclaw_deepseekv4pro_isolated_CL005,Specification check,Route length is unrelated to spending in categories the shopper did not visit,Zero partial association with unvisited-category spending,High,"Significant positive association (suggests route length proxies general spending propensity, not exposure)",**C6**: Route length is unrelated to spending in categories the shopper did not visit,Claim-Evidence Table,outputs/raw_agent_logs/main/C019_no_solution_openclaw_RUN_20260602_225251_06_openclaw_deepseekv4pro_isolated.md,extracted_from_claim_evidence_table
C019,no_solution,no_solution,benchmark_isolated,RUN_20260602_225251_06_openclaw_deepseekv4pro_isolated,RUN_20260602_225251_06_openclaw_deepseekv4pro_isolated_CL006,Descriptive,Long-route shoppers are demographically and behaviorally distinct from short-route shoppers,Quantile profile comparisons,High,"No observable differences across route-length quantiles (unlikely, but would suggest route length is as-good-as-random conditional on observables)",**C7**: Long-route shoppers are demographically and behaviorally distinct from short-route shoppers,Claim-Evidence Table,outputs/raw_agent_logs/main/C019_no_solution_openclaw_RUN_20260602_225251_06_openclaw_deepseekv4pro_isolated.md,extracted_from_claim_evidence_table
C019,no_solution,no_solution,benchmark_isolated,RUN_20260602_225251_06_openclaw_deepseekv4pro_isolated,RUN_20260602_225251_06_openclaw_deepseekv4pro_isolated_CL007,Causal,Route length has a causal effect on unplanned spending,Not available from current data,—,Not testable with current data; would require experimental or quasi-experimental evidence as described in Section 18,**C8**: Route length has a causal effect on unplanned spending,Claim-Evidence Table,outputs/raw_agent_logs/main/C019_no_solution_openclaw_RUN_20260602_225251_06_openclaw_deepseekv4pro_isolated.md,extracted_from_claim_evidence_table
