case_id,variant_id,level,agent_name,run_id,claim_id,claim_type,agent_claim,final_label,final_error_type,final_severity,adjudicator_id,adjudication_notes
C001,level2,level2,openclaw,RUN_20260527_210840_01_openclaw_deepseekv4pro_isolated,RUN_20260527_210840_01_openclaw_deepseekv4pro_isolated_CL001,Causal (ITT),Advance notice affects contact probability,supported,none,,codex_adjudication_pass,No disagreement; final label matches both first-pass and second-pass judgments.
C001,level2,level2,openclaw,RUN_20260527_210840_01_openclaw_deepseekv4pro_isolated,RUN_20260527_210840_01_openclaw_deepseekv4pro_isolated_CL002,Causal (ITT),Adding a low-cost opt-out reduces contact probability,partially_supported,Overclaim,major,codex_adjudication_pass,No disagreement; final label matches both first-pass and second-pass judgments.
C001,level2,level2,openclaw,RUN_20260527_210840_01_openclaw_deepseekv4pro_isolated,RUN_20260527_210840_01_openclaw_deepseekv4pro_isolated_CL003,Causal (ITT),Unconditional giving differs across solicitation-process conditions,supported,none,,codex_adjudication_pass,Unsampled claim; final label inherits first-pass annotation.
C001,level2,level2,openclaw,RUN_20260527_210840_01_openclaw_deepseekv4pro_isolated,RUN_20260527_210840_01_openclaw_deepseekv4pro_isolated_CL004,Descriptive decomposition,The total giving effect can be decomposed into contact-margin and conditional-giving components,supported,none,,codex_adjudication_pass,No disagreement; final label matches both first-pass and second-pass judgments.
C001,level2,level2,openclaw,RUN_20260527_210840_01_openclaw_deepseekv4pro_isolated,RUN_20260527_210840_01_openclaw_deepseekv4pro_isolated_CL005,Descriptive association; suggestive of mechanism,Small gifts are differentially sensitive to pressure,partially_supported,Overclaim,major,codex_adjudication_pass,Unsampled claim; final label inherits first-pass annotation.
C001,level2,level2,openclaw,RUN_20260527_210840_01_openclaw_deepseekv4pro_isolated,RUN_20260527_210840_01_openclaw_deepseekv4pro_isolated_CL006,Descriptive; consistent with mechanism but not a causal test,Genuine willingness accounts for giving that persists when avoidance is easy,partially_supported,Overclaim,major,codex_adjudication_pass,Unsampled claim; final label inherits first-pass annotation.
C001,level2,level2,openclaw,RUN_20260527_210840_01_openclaw_deepseekv4pro_isolated,RUN_20260527_210840_01_openclaw_deepseekv4pro_isolated_CL007,Descriptive behavioral measure,The opt-out mechanism reveals avoidance preference,partially_supported,Overclaim,major,codex_adjudication_pass,Unsampled claim; final label inherits first-pass annotation.
C001,level2,level2,openclaw,RUN_20260527_210840_01_openclaw_deepseekv4pro_isolated,RUN_20260527_210840_01_openclaw_deepseekv4pro_isolated_CL008,Robustness check,The results are not driven by solicitor-level confounds,supported,none,,codex_adjudication_pass,Unsampled claim; final label inherits first-pass annotation.
C001,level2,level2,openclaw,RUN_20260527_210840_01_openclaw_deepseekv4pro_isolated,RUN_20260527_210840_01_openclaw_deepseekv4pro_isolated_CL009,Robustness check,The findings are not artifacts of spatial spillover,supported,none,,codex_adjudication_pass,No disagreement; final label matches both first-pass and second-pass judgments.
C001,level3,level3,openclaw,RUN_20260527_211500_02_openclaw_deepseekv4pro_isolated,RUN_20260527_211500_02_openclaw_deepseekv4pro_isolated_CL001,Causal (point-identified under random assignment),Solicitation-process conditions causally affect contact probability,supported,none,,codex_adjudication_pass,Unsampled claim; final label inherits first-pass annotation.
C001,level3,level3,openclaw,RUN_20260527_211500_02_openclaw_deepseekv4pro_isolated,RUN_20260527_211500_02_openclaw_deepseekv4pro_isolated_CL002,Causal (point-identified under random assignment),Solicitation-process conditions causally affect unconditional giving,supported,none,,codex_adjudication_pass,Unsampled claim; final label inherits first-pass annotation.
C001,level3,level3,openclaw,RUN_20260527_211500_02_openclaw_deepseekv4pro_isolated,RUN_20260527_211500_02_openclaw_deepseekv4pro_isolated_CL003,Causal (ITT) for contact-rate differences; mechanism inference for sorting vs. scheduling,"Advance notice enables sorting/avoidance, not just scheduling",partially_supported,Overclaim,major,codex_adjudication_pass,Unsampled claim; final label inherits first-pass annotation.
C001,level3,level3,openclaw,RUN_20260527_211500_02_openclaw_deepseekv4pro_isolated,RUN_20260527_211500_02_openclaw_deepseekv4pro_isolated_CL004,Pattern-of-evidence (not point-identified),Some giving under standard solicitation is pressure-driven,partially_supported,Overclaim,major,codex_adjudication_pass,Unsampled claim; final label inherits first-pass annotation.
C001,level3,level3,openclaw,RUN_20260527_211500_02_openclaw_deepseekv4pro_isolated,RUN_20260527_211500_02_openclaw_deepseekv4pro_isolated_CL005,Correlational pattern,Contribution size is informative about pressure vs. genuine willingness,partially_supported,Overclaim,major,codex_adjudication_pass,Unsampled claim; final label inherits first-pass annotation.
C001,level3,level3,openclaw,RUN_20260527_211500_02_openclaw_deepseekv4pro_isolated,RUN_20260527_211500_02_openclaw_deepseekv4pro_isolated_CL006,Descriptive / diagnostic,Contact selection is non-ignorable,supported,none,,codex_adjudication_pass,Unsampled claim; final label inherits first-pass annotation.
C001,level3,level3,openclaw,RUN_20260527_211500_02_openclaw_deepseekv4pro_isolated,RUN_20260527_211500_02_openclaw_deepseekv4pro_isolated_CL007,Diagnostic (failure to reject null of no spillover),Spillover effects are absent or small,partially_supported,Overclaim,minor,codex_adjudication_pass,No disagreement; final label matches both first-pass and second-pass judgments.
C002,level2,level2,openclaw,RUN_20260527_215707_05_openclaw_deepseekv4pro_isolated,RUN_20260527_215707_05_openclaw_deepseekv4pro_isolated_CL001,Causal,Pre-borrowing offer terms causally affect the take-up decision.,supported,none,,codex_adjudication_pass,Unsampled claim; final label inherits first-pass annotation.
C002,level2,level2,openclaw,RUN_20260527_215707_05_openclaw_deepseekv4pro_isolated,RUN_20260527_215707_05_openclaw_deepseekv4pro_isolated_CL002,Causal (M1),Pre-borrowing offer terms causally shift the risk composition of accepted borrowers.,supported,none,,codex_adjudication_pass,Unsampled claim; final label inherits first-pass annotation.
C002,level2,level2,openclaw,RUN_20260527_215707_05_openclaw_deepseekv4pro_isolated,RUN_20260527_215707_05_openclaw_deepseekv4pro_isolated_CL003,Causal (M2),Post-borrowing terms causally affect repayment behavior.,supported,none,,codex_adjudication_pass,Unsampled claim; final label inherits first-pass annotation.
C002,level2,level2,openclaw,RUN_20260527_215707_05_openclaw_deepseekv4pro_isolated,RUN_20260527_215707_05_openclaw_deepseekv4pro_isolated_CL004,Causal (mechanism),Selection and incentive effects are additive (do not interact).,partially_supported,Overclaim,major,codex_adjudication_pass,Adopt the weaker label because the design motivates an interaction test but does not justify asserting additivity from the packet alone.
C002,level2,level2,openclaw,RUN_20260527_215707_05_openclaw_deepseekv4pro_isolated,RUN_20260527_215707_05_openclaw_deepseekv4pro_isolated_CL005,Causal (M4),Future-credit access incentives causally affect current repayment.,supported,none,,codex_adjudication_pass,Unsampled claim; final label inherits first-pass annotation.
C002,level2,level2,openclaw,RUN_20260527_215707_05_openclaw_deepseekv4pro_isolated,RUN_20260527_215707_05_openclaw_deepseekv4pro_isolated_CL006,Causal decomposition,The total repayment difference across Z_pre arms is decomposable into selection and incentive components.,supported,none,,codex_adjudication_pass,Unsampled claim; final label inherits first-pass annotation.
C002,level2,level2,openclaw,RUN_20260527_215707_05_openclaw_deepseekv4pro_isolated,RUN_20260527_215707_05_openclaw_deepseekv4pro_isolated_CL007,Descriptive pattern,Observably riskier borrowers are differentially selected into the accepted pool under less generous Z_pre.,supported,none,,codex_adjudication_pass,No disagreement; final label matches both first-pass and second-pass judgments.
C002,level2,level2,openclaw,RUN_20260527_215707_05_openclaw_deepseekv4pro_isolated,RUN_20260527_215707_05_openclaw_deepseekv4pro_isolated_CL008,Descriptive / diagnostic,The lender's internal risk score is a valid proxy for repayment propensity.,partially_supported,Overclaim,minor,codex_adjudication_pass,Unsampled claim; final label inherits first-pass annotation.
C002,level2,level2,openclaw,RUN_20260527_215707_05_openclaw_deepseekv4pro_isolated,RUN_20260527_215707_05_openclaw_deepseekv4pro_isolated_CL009,Diagnostic,Attrition from the repayment sample is unrelated to treatment assignment.,supported,none,,codex_adjudication_pass,Unsampled claim; final label inherits first-pass annotation.
C002,level2,level2,openclaw,RUN_20260527_215707_05_openclaw_deepseekv4pro_isolated,RUN_20260527_215707_05_openclaw_deepseekv4pro_isolated_CL010,Assumption (A4),Borrowers do not share assignment information with each other.,supported,none,,codex_adjudication_pass,Unsampled claim; final label inherits first-pass annotation.
C002,level3,level3,openclaw,RUN_20260527_222408_06_openclaw_deepseekv4pro_isolated,RUN_20260527_222408_06_openclaw_deepseekv4pro_isolated_CL001,Causal (ITT),Pre-borrowing offer terms causally affect take-up rates,supported,none,,codex_adjudication_pass,Unsampled claim; final label inherits first-pass annotation.
C002,level3,level3,openclaw,RUN_20260527_222408_06_openclaw_deepseekv4pro_isolated,RUN_20260527_222408_06_openclaw_deepseekv4pro_isolated_CL002,Causal (compositional),Pre-borrowing offer terms sort borrowers on observable risk characteristics,supported,none,,codex_adjudication_pass,No disagreement; final label matches both first-pass and second-pass judgments.
C002,level3,level3,openclaw,RUN_20260527_222408_06_openclaw_deepseekv4pro_isolated,RUN_20260527_222408_06_openclaw_deepseekv4pro_isolated_CL003,Causal (local treatment effect),Post-acceptance contract terms causally affect repayment among acceptors,supported,none,,codex_adjudication_pass,No disagreement; final label matches both first-pass and second-pass judgments.
C002,level3,level3,openclaw,RUN_20260527_222408_06_openclaw_deepseekv4pro_isolated,RUN_20260527_222408_06_openclaw_deepseekv4pro_isolated_CL004,Mechanism,Selection and incentive channels are empirically separable,supported,none,,codex_adjudication_pass,Unsampled claim; final label inherits first-pass annotation.
C002,level3,level3,openclaw,RUN_20260527_222408_06_openclaw_deepseekv4pro_isolated,RUN_20260527_222408_06_openclaw_deepseekv4pro_isolated_CL005,Causal (if \(F_i\) randomized),Future-credit incentives alter current repayment behavior independently of current burden,supported,none,,codex_adjudication_pass,Unsampled claim; final label inherits first-pass annotation.
C002,level3,level3,openclaw,RUN_20260527_222408_06_openclaw_deepseekv4pro_isolated,RUN_20260527_222408_06_openclaw_deepseekv4pro_isolated_CL006,Descriptive decomposition,The selection channel accounts for X% of the total repayment difference across offer arms,partially_supported,Overclaim,major,codex_adjudication_pass,Unsampled claim; final label inherits first-pass annotation.
C002,level3,level3,openclaw,RUN_20260527_222408_06_openclaw_deepseekv4pro_isolated,RUN_20260527_222408_06_openclaw_deepseekv4pro_isolated_CL007,Cannot be claimed,Results generalize to other borrower populations or market settings,supported,none,,codex_adjudication_pass,Unsampled claim; final label inherits first-pass annotation.
C002,perturbed,perturbed,openclaw,RUN_20260527_222901_07_openclaw_deepseekv4pro_isolated,RUN_20260527_222901_07_openclaw_deepseekv4pro_isolated_CL001,Causal,Initial offers affect take-up,supported,none,,codex_adjudication_pass,Unsampled claim; final label inherits first-pass annotation.
C002,perturbed,perturbed,openclaw,RUN_20260527_222901_07_openclaw_deepseekv4pro_isolated,RUN_20260527_222901_07_openclaw_deepseekv4pro_isolated_CL002,Causal for observables; descriptive for unobservables,The composition of borrowers differs by initial offer arm,supported,none,,codex_adjudication_pass,No disagreement; final label matches both first-pass and second-pass judgments.
C002,perturbed,perturbed,openclaw,RUN_20260527_222901_07_openclaw_deepseekv4pro_isolated,RUN_20260527_222901_07_openclaw_deepseekv4pro_isolated_CL003,Causal,Post-acceptance ε shock causally affects repayment,supported,none,,codex_adjudication_pass,Unsampled claim; final label inherits first-pass annotation.
C002,perturbed,perturbed,openclaw,RUN_20260527_222901_07_openclaw_deepseekv4pro_isolated,RUN_20260527_222901_07_openclaw_deepseekv4pro_isolated_CL004,Causal (if C3 holds),Incentive effect is non-zero,supported,none,,codex_adjudication_pass,Unsampled claim; final label inherits first-pass annotation.
C002,perturbed,perturbed,openclaw,RUN_20260527_222901_07_openclaw_deepseekv4pro_isolated,RUN_20260527_222901_07_openclaw_deepseekv4pro_isolated_CL005,Causal (if initial offer randomization and ε randomization both hold),Selection effect is non-zero,supported,none,,codex_adjudication_pass,Unsampled claim; final label inherits first-pass annotation.
C002,perturbed,perturbed,openclaw,RUN_20260527_222901_07_openclaw_deepseekv4pro_isolated,RUN_20260527_222901_07_openclaw_deepseekv4pro_isolated_CL006,Causal (if both randomizations hold),Selection and incentive channels are separable,contradicted,Contradiction,critical,codex_adjudication_pass,No disagreement; final label matches both first-pass and second-pass judgments.
C002,perturbed,perturbed,openclaw,RUN_20260527_222901_07_openclaw_deepseekv4pro_isolated,RUN_20260527_222901_07_openclaw_deepseekv4pro_isolated_CL007,Logical/analytical,The perturbation weakens identification relative to the base design,supported,none,,codex_adjudication_pass,Unsampled claim; final label inherits first-pass annotation.
C002,perturbed,perturbed,openclaw,RUN_20260527_222901_07_openclaw_deepseekv4pro_isolated,RUN_20260527_222901_07_openclaw_deepseekv4pro_isolated_CL008,Analytical,"Without post-acceptance randomization, point identification is not possible",supported,none,,codex_adjudication_pass,Unsampled claim; final label inherits first-pass annotation.
C004,level2,level2,openclaw,RUN_20260527_223351_08_openclaw_deepseekv4pro_isolated,RUN_20260527_223351_08_openclaw_deepseekv4pro_isolated_CL001,Causal (intent-to-treat),Paid-search availability causes an increase in total market-level purchases,supported,none,,codex_adjudication_pass,Unsampled claim; final label inherits first-pass annotation.
C004,level2,level2,openclaw,RUN_20260527_223351_08_openclaw_deepseekv4pro_isolated,RUN_20260527_223351_08_openclaw_deepseekv4pro_isolated_CL002,Causal (segment-specific ITT),Paid search creates demand among less active users,supported,none,,codex_adjudication_pass,Unsampled claim; final label inherits first-pass annotation.
C004,level2,level2,openclaw,RUN_20260527_223351_08_openclaw_deepseekv4pro_isolated,RUN_20260527_223351_08_openclaw_deepseekv4pro_isolated_CL003,Mechanism,Paid search primarily substitutes for other channels among active users,supported,none,,codex_adjudication_pass,Unsampled claim; final label inherits first-pass annotation.
C004,level2,level2,openclaw,RUN_20260527_223351_08_openclaw_deepseekv4pro_isolated,RUN_20260527_223351_08_openclaw_deepseekv4pro_isolated_CL004,Measurement,Attribution systems overstate campaign value,supported,none,,codex_adjudication_pass,No disagreement; final label matches both first-pass and second-pass judgments.
C004,level2,level2,openclaw,RUN_20260527_223351_08_openclaw_deepseekv4pro_isolated,RUN_20260527_223351_08_openclaw_deepseekv4pro_isolated_CL005,Descriptive/Heterogeneity,Average effect masks meaningful heterogeneity,supported,none,,codex_adjudication_pass,Unsampled claim; final label inherits first-pass annotation.
C004,level2,level2,openclaw,RUN_20260527_223351_08_openclaw_deepseekv4pro_isolated,RUN_20260527_223351_08_openclaw_deepseekv4pro_isolated_CL006,Diagnostic,Treated and untreated markets were on parallel pre-trends,supported,none,,codex_adjudication_pass,Unsampled claim; final label inherits first-pass annotation.
C004,level2,level2,openclaw,RUN_20260527_223351_08_openclaw_deepseekv4pro_isolated,RUN_20260527_223351_08_openclaw_deepseekv4pro_isolated_CL007,Robustness,The effect is not driven by a single market,supported,none,,codex_adjudication_pass,Unsampled claim; final label inherits first-pass annotation.
C004,level2,level2,openclaw,RUN_20260527_223351_08_openclaw_deepseekv4pro_isolated,RUN_20260527_223351_08_openclaw_deepseekv4pro_isolated_CL008,Descriptive dynamics,Treatment effects persist (or decay) over the campaign window,supported,none,,codex_adjudication_pass,Unsampled claim; final label inherits first-pass annotation.
C004,level3,level3,openclaw,RUN_20260527_223821_09_openclaw_deepseekv4pro_isolated,RUN_20260527_223821_09_openclaw_deepseekv4pro_isolated_CL001,Causal (under parallel trends),Paid search availability causes a change in aggregate downstream purchases of magnitude β,supported,none,,codex_adjudication_pass,Unsampled claim; final label inherits first-pass annotation.
C004,level3,level3,openclaw,RUN_20260527_223821_09_openclaw_deepseekv4pro_isolated,RUN_20260527_223821_09_openclaw_deepseekv4pro_isolated_CL002,Descriptive heterogeneity; suggestive of mechanism,The aggregate effect masks heterogeneous effects across user segments,supported,none,,codex_adjudication_pass,Unsampled claim; final label inherits first-pass annotation.
C004,level3,level3,openclaw,RUN_20260527_223821_09_openclaw_deepseekv4pro_isolated,RUN_20260527_223821_09_openclaw_deepseekv4pro_isolated_CL003,Descriptive pattern; suggestive of discovery mechanism,Effects for low-familiarity users are larger than for active users,supported,none,,codex_adjudication_pass,No disagreement; final label matches both first-pass and second-pass judgments.
C004,level3,level3,openclaw,RUN_20260527_223821_09_openclaw_deepseekv4pro_isolated,RUN_20260527_223821_09_openclaw_deepseekv4pro_isolated_CL004,Mechanism inference; not causally identified,Observed effects for active users reflect route substitution rather than demand creation,supported,none,,codex_adjudication_pass,Unsampled claim; final label inherits first-pass annotation.
C004,level3,level3,openclaw,RUN_20260527_223821_09_openclaw_deepseekv4pro_isolated,RUN_20260527_223821_09_openclaw_deepseekv4pro_isolated_CL005,Descriptive summary of evidence pattern,"Paid search is not uniformly ""effective"" or ""ineffective""",supported,none,,codex_adjudication_pass,No disagreement; final label matches both first-pass and second-pass judgments.
C004,level3,level3,openclaw,RUN_20260527_223821_09_openclaw_deepseekv4pro_isolated,RUN_20260527_223821_09_openclaw_deepseekv4pro_isolated_CL006,Descriptive (external validity limitation),"The estimated effect is specific to the studied firm, markets, and time period",supported,none,,codex_adjudication_pass,Unsampled claim; final label inherits first-pass annotation.
C004,level3,level3,openclaw,RUN_20260527_223821_09_openclaw_deepseekv4pro_isolated,RUN_20260527_223821_09_openclaw_deepseekv4pro_isolated_CL007,Causal if market-level estimate is valid; comparison requires both metrics,Individual-level click-to-conversion metrics overstate the causal effect of paid search,supported,none,,codex_adjudication_pass,Unsampled claim; final label inherits first-pass annotation.
C004,perturbed,perturbed,openclaw,RUN_20260527_224310_10_openclaw_deepseekv4pro_isolated,RUN_20260527_224310_10_openclaw_deepseekv4pro_isolated_CL001,Descriptive / Associational,Paid-search availability is associated with downstream purchases in the expected direction,supported,none,,codex_adjudication_pass,Unsampled claim; final label inherits first-pass annotation.
C004,perturbed,perturbed,openclaw,RUN_20260527_224310_10_openclaw_deepseekv4pro_isolated,RUN_20260527_224310_10_openclaw_deepseekv4pro_isolated_CL002,Descriptive / Associational,The association between paid-search availability and purchases differs across user-history segments,supported,none,,codex_adjudication_pass,No disagreement; final label matches both first-pass and second-pass judgments.
C004,perturbed,perturbed,openclaw,RUN_20260527_224310_10_openclaw_deepseekv4pro_isolated,RUN_20260527_224310_10_openclaw_deepseekv4pro_isolated_CL003,Diagnostic / Descriptive,Pre-existing trends do not differ between treated and untreated markets on observables,supported,none,,codex_adjudication_pass,Unsampled claim; final label inherits first-pass annotation.
C004,perturbed,perturbed,openclaw,RUN_20260527_224310_10_openclaw_deepseekv4pro_isolated,RUN_20260527_224310_10_openclaw_deepseekv4pro_isolated_CL004,Diagnostic / Descriptive,Treated and untreated markets are balanced on observable pre-period characteristics after matching/weighting,supported,none,,codex_adjudication_pass,No disagreement; final label matches both first-pass and second-pass judgments.
C004,perturbed,perturbed,openclaw,RUN_20260527_224310_10_openclaw_deepseekv4pro_isolated,RUN_20260527_224310_10_openclaw_deepseekv4pro_isolated_CL005,Sensitivity Analysis,The observed association is robust to reasonable unobserved confounding,partially_supported,Overclaim,major,codex_adjudication_pass,Unsampled claim; final label inherits first-pass annotation.
C004,perturbed,perturbed,openclaw,RUN_20260527_224310_10_openclaw_deepseekv4pro_isolated,RUN_20260527_224310_10_openclaw_deepseekv4pro_isolated_CL006,Causal,Reducing paid-search availability causes a change in downstream purchases,unsupported,Unsupported Claim,critical,codex_adjudication_pass,No disagreement; final label matches both first-pass and second-pass judgments.
C005,level2,level2,openclaw,RUN_20260527_224724_11_openclaw_deepseekv4pro_isolated,RUN_20260527_224724_11_openclaw_deepseekv4pro_isolated_CL001,Causal (ITT),Campaign assignment caused a change in downstream conversions of magnitude \(\tau_{\text{ITT}}\),supported,none,,codex_adjudication_pass,No disagreement; final label matches both first-pass and second-pass judgments.
C005,level2,level2,openclaw,RUN_20260527_224724_11_openclaw_deepseekv4pro_isolated,RUN_20260527_224724_11_openclaw_deepseekv4pro_isolated_CL002,Causal (CACE),Actual ad exposure caused a change in conversions of magnitude \(\tau_{\text{CACE}}\) among compliers,supported,none,,codex_adjudication_pass,Unsampled claim; final label inherits first-pass annotation.
C005,level2,level2,openclaw,RUN_20260527_224724_11_openclaw_deepseekv4pro_isolated,RUN_20260527_224724_11_openclaw_deepseekv4pro_isolated_CL003,Descriptive / Mechanism,The platform's delivery algorithm selects users with higher baseline conversion propensity,supported,none,,codex_adjudication_pass,Unsampled claim; final label inherits first-pass annotation.
C005,level2,level2,openclaw,RUN_20260527_224724_11_openclaw_deepseekv4pro_isolated,RUN_20260527_224724_11_openclaw_deepseekv4pro_isolated_CL004,Descriptive heterogeneity (ITT); suggestive for CACE,The treatment effect is larger for high-activity users than low-activity users,supported,none,,codex_adjudication_pass,Unsampled claim; final label inherits first-pass annotation.
C005,level2,level2,openclaw,RUN_20260527_224724_11_openclaw_deepseekv4pro_isolated,RUN_20260527_224724_11_openclaw_deepseekv4pro_isolated_CL005,Diagnostic,Exposure measurement error is non-differential by assignment,supported,none,,codex_adjudication_pass,Unsampled claim; final label inherits first-pass annotation.
C005,level2,level2,openclaw,RUN_20260527_224724_11_openclaw_deepseekv4pro_isolated,RUN_20260527_224724_11_openclaw_deepseekv4pro_isolated_CL006,Diagnostic,Spillover effects are negligible,partially_supported,Overclaim,minor,codex_adjudication_pass,Unsampled claim; final label inherits first-pass annotation.
C005,level2,level2,openclaw,RUN_20260527_224724_11_openclaw_deepseekv4pro_isolated,RUN_20260527_224724_11_openclaw_deepseekv4pro_isolated_CL007,Falsification,The campaign had no effect on outcomes that should be unrelated to the advertised product,supported,none,,codex_adjudication_pass,Unsampled claim; final label inherits first-pass annotation.
C005,level2,level2,openclaw,RUN_20260527_224724_11_openclaw_deepseekv4pro_isolated,RUN_20260527_224724_11_openclaw_deepseekv4pro_isolated_CL008,Robustness,Results are robust to the choice of attribution window,supported,none,,codex_adjudication_pass,Unsampled claim; final label inherits first-pass annotation.
C005,level2,level2,openclaw,RUN_20260527_224724_11_openclaw_deepseekv4pro_isolated,RUN_20260527_224724_11_openclaw_deepseekv4pro_isolated_CL009,Descriptive,The complier subpopulation is demographically and behaviorally similar to the full eligible population,partially_supported,Overclaim,minor,codex_adjudication_pass,No disagreement; final label matches both first-pass and second-pass judgments.
C005,level2,level2,openclaw,RUN_20260527_224724_11_openclaw_deepseekv4pro_isolated,RUN_20260527_224724_11_openclaw_deepseekv4pro_isolated_CL010,Partial validation,The exclusion restriction is approximately satisfied,unsupported,Unsupported Claim,major,codex_adjudication_pass,"Adopt the stricter second-pass label: this is not merely too strong, it positively asserts a condition the packet does not establish."
C005,level3,level3,openclaw,RUN_20260527_225055_12_openclaw_deepseekv4pro_isolated,RUN_20260527_225055_12_openclaw_deepseekv4pro_isolated_CL001,Causal (under randomization of \(Z_i\)),Making users eligible for the campaign changes their conversion behavior (ITT),supported,none,,codex_adjudication_pass,Unsampled claim; final label inherits first-pass annotation.
C005,level3,level3,openclaw,RUN_20260527_225055_12_openclaw_deepseekv4pro_isolated,RUN_20260527_225055_12_openclaw_deepseekv4pro_isolated_CL002,Causal (under IV assumptions),Actual ad exposure causes increased conversions among compliers (LATE),supported,none,,codex_adjudication_pass,Unsampled claim; final label inherits first-pass annotation.
C005,level3,level3,openclaw,RUN_20260527_225055_12_openclaw_deepseekv4pro_isolated,RUN_20260527_225055_12_openclaw_deepseekv4pro_isolated_CL003,Correlational heterogeneity of a causal estimate,Ad exposure is more effective for high-activity users than low-activity users,supported,none,,codex_adjudication_pass,Unsampled claim; final label inherits first-pass annotation.
C005,level3,level3,openclaw,RUN_20260527_225055_12_openclaw_deepseekv4pro_isolated,RUN_20260527_225055_12_openclaw_deepseekv4pro_isolated_CL004,"Causal under stronger assumptions (linearity, monotonicity across frequency levels)",Additional impressions (beyond the first) have diminishing returns,supported,none,,codex_adjudication_pass,Unsampled claim; final label inherits first-pass annotation.
C005,level3,level3,openclaw,RUN_20260527_225055_12_openclaw_deepseekv4pro_isolated,RUN_20260527_225055_12_openclaw_deepseekv4pro_isolated_CL005,Descriptive (but highly informative),Platform delivery optimization creates positive selection into exposure,supported,none,,codex_adjudication_pass,No disagreement; final label matches both first-pass and second-pass judgments.
C005,level3,level3,openclaw,RUN_20260527_225055_12_openclaw_deepseekv4pro_isolated,RUN_20260527_225055_12_openclaw_deepseekv4pro_isolated_CL006,"Descriptive (causal within each window, but comparison across windows is descriptive)",The campaign's effect persists beyond the immediate attribution window,supported,none,,codex_adjudication_pass,Unsampled claim; final label inherits first-pass annotation.
C005,level3,level3,openclaw,RUN_20260527_225055_12_openclaw_deepseekv4pro_isolated,RUN_20260527_225055_12_openclaw_deepseekv4pro_isolated_CL007,Diagnostic,The measured ad effect is not driven by differential tracking quality,supported,none,,codex_adjudication_pass,Unsampled claim; final label inherits first-pass annotation.
C005,level3,level3,openclaw,RUN_20260527_225055_12_openclaw_deepseekv4pro_isolated,RUN_20260527_225055_12_openclaw_deepseekv4pro_isolated_CL008,Diagnostic,The effect of campaign assignment is not driven by non-ad platform changes (exclusion restriction holds),partially_supported,Overclaim,major,codex_adjudication_pass,Unsampled claim; final label inherits first-pass annotation.
C005,perturbed,perturbed,openclaw,RUN_20260527_225443_13_openclaw_deepseekv4pro_isolated,RUN_20260527_225443_13_openclaw_deepseekv4pro_isolated_CL001,**Causal**,Campaign assignment had a causal effect on downstream conversions (ITT),supported,none,,codex_adjudication_pass,Unsampled claim; final label inherits first-pass annotation.
C005,perturbed,perturbed,openclaw,RUN_20260527_225443_13_openclaw_deepseekv4pro_isolated,RUN_20260527_225443_13_openclaw_deepseekv4pro_isolated_CL002,**Causal with strong assumptions**,Actual ad exposure had a causal effect on conversions for compliers (LATE),contradicted,Contradiction,critical,codex_adjudication_pass,No disagreement; final label matches both first-pass and second-pass judgments.
C005,perturbed,perturbed,openclaw,RUN_20260527_225443_13_openclaw_deepseekv4pro_isolated,RUN_20260527_225443_13_openclaw_deepseekv4pro_isolated_CL003,**Descriptive**,"The LATE estimate applies to a specific, identifiable subpopulation",unsupported,Unsupported Claim,major,codex_adjudication_pass,Unsampled claim; final label inherits first-pass annotation.
C005,perturbed,perturbed,openclaw,RUN_20260527_225443_13_openclaw_deepseekv4pro_isolated,RUN_20260527_225443_13_openclaw_deepseekv4pro_isolated_CL004,**Correlational**,Exposed users converted more than observationally similar unexposed users,supported,none,,codex_adjudication_pass,Unsampled claim; final label inherits first-pass annotation.
C005,perturbed,perturbed,openclaw,RUN_20260527_225443_13_openclaw_deepseekv4pro_isolated,RUN_20260527_225443_13_openclaw_deepseekv4pro_isolated_CL005,**Causal for assignment effect; descriptive for exposure effect**,The ad exposure effect is larger/smaller for high-activity users,supported,none,,codex_adjudication_pass,Unsampled claim; final label inherits first-pass annotation.
C005,perturbed,perturbed,openclaw,RUN_20260527_225443_13_openclaw_deepseekv4pro_isolated,RUN_20260527_225443_13_openclaw_deepseekv4pro_isolated_CL006,**Descriptive / correlational**,Repeated exposures have incrementally different effects,supported,none,,codex_adjudication_pass,Unsampled claim; final label inherits first-pass annotation.
C005,perturbed,perturbed,openclaw,RUN_20260527_225443_13_openclaw_deepseekv4pro_isolated,RUN_20260527_225443_13_openclaw_deepseekv4pro_isolated_CL007,**Speculative**,Results generalize to other campaigns or platforms,unsupported,Unsupported Claim,minor,codex_adjudication_pass,Unsampled claim; final label inherits first-pass annotation.
C005,no_solution,no_solution,openclaw,RUN_20260527_225838_14_openclaw_deepseekv4pro_isolated,RUN_20260527_225838_14_openclaw_deepseekv4pro_isolated_CL001,Descriptive,Exposed users have a higher raw conversion rate than unexposed users.,supported,none,,codex_adjudication_pass,Unsampled claim; final label inherits first-pass annotation.
C005,no_solution,no_solution,openclaw,RUN_20260527_225838_14_openclaw_deepseekv4pro_isolated,RUN_20260527_225838_14_openclaw_deepseekv4pro_isolated_CL002,Descriptive,Exposed and unexposed users differ systematically on observable pre-campaign covariates.,supported,none,,codex_adjudication_pass,Unsampled claim; final label inherits first-pass annotation.
C005,no_solution,no_solution,openclaw,RUN_20260527_225838_14_openclaw_deepseekv4pro_isolated,RUN_20260527_225838_14_openclaw_deepseekv4pro_isolated_CL003,Descriptive,"Observable covariate differences account for part, but not necessarily all, of the raw conversion gap.",supported,none,,codex_adjudication_pass,Unsampled claim; final label inherits first-pass annotation.
C005,no_solution,no_solution,openclaw,RUN_20260527_225838_14_openclaw_deepseekv4pro_isolated,RUN_20260527_225838_14_openclaw_deepseekv4pro_isolated_CL004,Bound / Sensitivity,The adjusted associational difference could be entirely explained by unobserved confounding of plausible magnitude.,supported,none,,codex_adjudication_pass,Unsampled claim; final label inherits first-pass annotation.
C005,no_solution,no_solution,openclaw,RUN_20260527_225838_14_openclaw_deepseekv4pro_isolated,RUN_20260527_225838_14_openclaw_deepseekv4pro_isolated_CL005,Descriptive,The campaign is associated with larger conversion differences in some subgroups than others.,supported,none,,codex_adjudication_pass,Unsampled claim; final label inherits first-pass annotation.
C005,no_solution,no_solution,openclaw,RUN_20260527_225838_14_openclaw_deepseekv4pro_isolated,RUN_20260527_225838_14_openclaw_deepseekv4pro_isolated_CL006,Diagnostic,Pre-campaign conversion rates differ between would-be-exposed and would-be-unexposed users.,supported,none,,codex_adjudication_pass,Unsampled claim; final label inherits first-pass annotation.
C005,no_solution,no_solution,openclaw,RUN_20260527_225838_14_openclaw_deepseekv4pro_isolated,RUN_20260527_225838_14_openclaw_deepseekv4pro_isolated_CL007,Interpretive / Inferential,The associational difference is not caused solely by the ad; algorithmic selection is a substantial contributor.,supported,none,,codex_adjudication_pass,Unsampled claim; final label inherits first-pass annotation.
C005,no_solution,no_solution,openclaw,RUN_20260527_225838_14_openclaw_deepseekv4pro_isolated,RUN_20260527_225838_14_openclaw_deepseekv4pro_isolated_CL008,Logical / Design-based,The data do not support a causal claim about ad lift.,supported,none,,codex_adjudication_pass,No disagreement; final label matches both first-pass and second-pass judgments.
C008,level2,level2,openclaw,RUN_20260527_230420_15_openclaw_deepseekv4pro_isolated,RUN_20260527_230420_15_openclaw_deepseekv4pro_isolated_CL001,Causal (under assumptions A1–A7),Making add-on charges visible at the point of choice reduces (or changes) quantity demanded for treated products.,supported,none,,codex_adjudication_pass,No disagreement; final label matches both first-pass and second-pass judgments.
C008,level2,level2,openclaw,RUN_20260527_230420_15_openclaw_deepseekv4pro_isolated,RUN_20260527_230420_15_openclaw_deepseekv4pro_isolated_CL002,Causal mechanism,The demand effect is driven by visibility rather than by a change in the economic price.,supported,none,,codex_adjudication_pass,Unsampled claim; final label inherits first-pass annotation.
C008,level2,level2,openclaw,RUN_20260527_230420_15_openclaw_deepseekv4pro_isolated,RUN_20260527_230420_15_openclaw_deepseekv4pro_isolated_CL003,Descriptive / diagnostic,Treated and untreated cells followed parallel demand trends before the intervention.,supported,none,,codex_adjudication_pass,Unsampled claim; final label inherits first-pass annotation.
C008,level2,level2,openclaw,RUN_20260527_230420_15_openclaw_deepseekv4pro_isolated,RUN_20260527_230420_15_openclaw_deepseekv4pro_isolated_CL004,Descriptive,The demand effect persists (or decays) over time.,supported,none,,codex_adjudication_pass,Unsampled claim; final label inherits first-pass annotation.
C008,level2,level2,openclaw,RUN_20260527_230420_15_openclaw_deepseekv4pro_isolated,RUN_20260527_230420_15_openclaw_deepseekv4pro_isolated_CL005,Descriptive / suggestive of mechanism,Consumers substitute from treated to untreated products.,supported,none,,codex_adjudication_pass,Unsampled claim; final label inherits first-pass annotation.
C008,level2,level2,openclaw,RUN_20260527_230420_15_openclaw_deepseekv4pro_isolated,RUN_20260527_230420_15_openclaw_deepseekv4pro_isolated_CL006,Descriptive / robustness,The estimated effect is not driven by a single store or category.,supported,none,,codex_adjudication_pass,Unsampled claim; final label inherits first-pass annotation.
C008,level2,level2,openclaw,RUN_20260527_230420_15_openclaw_deepseekv4pro_isolated,RUN_20260527_230420_15_openclaw_deepseekv4pro_isolated_CL007,Descriptive / suggestive of mechanism,The effect is larger for products where the add-on charge is a larger share of the shelf price.,supported,none,,codex_adjudication_pass,Unsampled claim; final label inherits first-pass annotation.
C008,level2,level2,openclaw,RUN_20260527_230420_15_openclaw_deepseekv4pro_isolated,RUN_20260527_230420_15_openclaw_deepseekv4pro_isolated_CL008,Descriptive / robustness,The estimated effect is not an artifact of staggered timing.,supported,none,,codex_adjudication_pass,Unsampled claim; final label inherits first-pass annotation.
C008,level2,level2,openclaw,RUN_20260527_230420_15_openclaw_deepseekv4pro_isolated,RUN_20260527_230420_15_openclaw_deepseekv4pro_isolated_CL009,Causal mechanism (partial),"The effect reflects the visibility display, not contemporaneous promotions.",partially_supported,Overclaim,major,codex_adjudication_pass,Unsampled claim; final label inherits first-pass annotation.
C008,level2,level2,openclaw,RUN_20260527_230420_15_openclaw_deepseekv4pro_isolated,RUN_20260527_230420_15_openclaw_deepseekv4pro_isolated_CL010,Logical claim,The effect is specific to the short-to-medium run and cannot be extrapolated to long-run equilibrium.,supported,none,,codex_adjudication_pass,Unsampled claim; final label inherits first-pass annotation.
C008,level3,level3,openclaw,RUN_20260527_230906_16_openclaw_deepseekv4pro_isolated,RUN_20260527_230906_16_openclaw_deepseekv4pro_isolated_CL001,Causal (under assumptions A1–A7),Making the add-on charge visible at the point of choice reduces demand for treated products.,supported,none,,codex_adjudication_pass,Unsampled claim; final label inherits first-pass annotation.
C008,level3,level3,openclaw,RUN_20260527_230906_16_openclaw_deepseekv4pro_isolated,RUN_20260527_230906_16_openclaw_deepseekv4pro_isolated_CL002,Mechanism (salience vs. price),The demand response is driven by salience rather than by an actual price change.,supported,none,,codex_adjudication_pass,Unsampled claim; final label inherits first-pass annotation.
C008,level3,level3,openclaw,RUN_20260527_230906_16_openclaw_deepseekv4pro_isolated,RUN_20260527_230906_16_openclaw_deepseekv4pro_isolated_CL003,Diagnostic,Pre-existing trends do not explain the estimated effect.,supported,none,,codex_adjudication_pass,Unsampled claim; final label inherits first-pass annotation.
C008,level3,level3,openclaw,RUN_20260527_230906_16_openclaw_deepseekv4pro_isolated,RUN_20260527_230906_16_openclaw_deepseekv4pro_isolated_CL004,Diagnostic,The estimated effect is not driven by differential selection of treated categories.,partially_supported,Overclaim,minor,codex_adjudication_pass,Keep the first-pass conservative judgment because the claim reads as stronger than a pure diagnostic proposal.
C008,level3,level3,openclaw,RUN_20260527_230906_16_openclaw_deepseekv4pro_isolated,RUN_20260527_230906_16_openclaw_deepseekv4pro_isolated_CL005,Descriptive / correlational,Substitution or attention spillover to untreated products exists.,supported,none,,codex_adjudication_pass,Unsampled claim; final label inherits first-pass annotation.
C008,level3,level3,openclaw,RUN_20260527_230906_16_openclaw_deepseekv4pro_isolated,RUN_20260527_230906_16_openclaw_deepseekv4pro_isolated_CL006,Mechanism (quantity vs. revenue decomposition),The effect operates on quantity rather than only on revenue.,supported,none,,codex_adjudication_pass,Unsampled claim; final label inherits first-pass annotation.
C008,level3,level3,openclaw,RUN_20260527_230906_16_openclaw_deepseekv4pro_isolated,RUN_20260527_230906_16_openclaw_deepseekv4pro_isolated_CL007,Robustness,The estimated effect is not driven by a few outlier categories or time periods.,supported,none,,codex_adjudication_pass,Unsampled claim; final label inherits first-pass annotation.
C008,level3,level3,openclaw,RUN_20260527_230906_16_openclaw_deepseekv4pro_isolated,RUN_20260527_230906_16_openclaw_deepseekv4pro_isolated_CL008,Descriptive / caveat,The effect reflects short-run salience and may not persist.,supported,none,,codex_adjudication_pass,Unsampled claim; final label inherits first-pass annotation.
C008,perturbed,perturbed,openclaw,RUN_20260527_231251_17_openclaw_deepseekv4pro_isolated,RUN_20260527_231251_17_openclaw_deepseekv4pro_isolated_CL001,**Descriptive**,Making the add-on charge visible was associated with a change in demand for treated products relative to untreated products.,supported,none,,codex_adjudication_pass,Unsampled claim; final label inherits first-pass annotation.
C008,perturbed,perturbed,openclaw,RUN_20260527_231251_17_openclaw_deepseekv4pro_isolated,RUN_20260527_231251_17_openclaw_deepseekv4pro_isolated_CL002,**Causal (mechanism)**,The demand response reflects salience rather than an actual price change.,unsupported,Unsupported Claim,critical,codex_adjudication_pass,No disagreement; final label matches both first-pass and second-pass judgments.
C008,perturbed,perturbed,openclaw,RUN_20260527_231251_17_openclaw_deepseekv4pro_isolated,RUN_20260527_231251_17_openclaw_deepseekv4pro_isolated_CL003,**Diagnostic**,Pre-intervention trends were parallel between treated and untreated categories.,supported,none,,codex_adjudication_pass,Unsampled claim; final label inherits first-pass annotation.
C008,perturbed,perturbed,openclaw,RUN_20260527_231251_17_openclaw_deepseekv4pro_isolated,RUN_20260527_231251_17_openclaw_deepseekv4pro_isolated_CL004,**Partial identification**,The DiD estimate provides a lower bound on the salience effect.,unsupported,Unsupported Claim,major,codex_adjudication_pass,No disagreement; final label matches both first-pass and second-pass judgments.
C008,perturbed,perturbed,openclaw,RUN_20260527_231251_17_openclaw_deepseekv4pro_isolated,RUN_20260527_231251_17_openclaw_deepseekv4pro_isolated_CL005,**Exploratory**,Demand response is larger for products with larger add-on charges.,supported,none,,codex_adjudication_pass,No disagreement; final label matches both first-pass and second-pass judgments.
C008,perturbed,perturbed,openclaw,RUN_20260527_231251_17_openclaw_deepseekv4pro_isolated,RUN_20260527_231251_17_openclaw_deepseekv4pro_isolated_CL006,**Robustness**,The effect is not driven by a single category or product.,supported,none,,codex_adjudication_pass,Unsampled claim; final label inherits first-pass annotation.
C008,perturbed,perturbed,openclaw,RUN_20260527_231251_17_openclaw_deepseekv4pro_isolated,RUN_20260527_231251_17_openclaw_deepseekv4pro_isolated_CL007,**Robustness**,The effect is not an artifact of the chosen time window.,supported,none,,codex_adjudication_pass,Unsampled claim; final label inherits first-pass annotation.
C008,perturbed,perturbed,openclaw,RUN_20260527_231251_17_openclaw_deepseekv4pro_isolated,RUN_20260527_231251_17_openclaw_deepseekv4pro_isolated_CL008,**Not supported**,"Results generalize to other stores, markets, or settings.",supported,none,,codex_adjudication_pass,No disagreement; final label matches both first-pass and second-pass judgments.
C010,level2,level2,openclaw,RUN_20260527_231632_18_openclaw_deepseekv4pro_isolated,RUN_20260527_231632_18_openclaw_deepseekv4pro_isolated_CL001,Causal (randomized),The early small offer increases adoption relative to no offer,supported,none,,codex_adjudication_pass,No disagreement; final label matches both first-pass and second-pass judgments.
C010,level2,level2,openclaw,RUN_20260527_231632_18_openclaw_deepseekv4pro_isolated,RUN_20260527_231632_18_openclaw_deepseekv4pro_isolated_CL002,Causal (randomized),Early timing matters independently of offer value,supported,none,,codex_adjudication_pass,Unsampled claim; final label inherits first-pass annotation.
C010,level2,level2,openclaw,RUN_20260527_231632_18_openclaw_deepseekv4pro_isolated,RUN_20260527_231632_18_openclaw_deepseekv4pro_isolated_CL003,Causal (randomized),The effect is not purely a reminder/salience effect,partially_supported,Overclaim,major,codex_adjudication_pass,Unsampled claim; final label inherits first-pass annotation.
C010,level2,level2,openclaw,RUN_20260527_231632_18_openclaw_deepseekv4pro_isolated,RUN_20260527_231632_18_openclaw_deepseekv4pro_isolated_CL004,Causal (randomized),A larger late subsidy does not outperform the early small offer,supported,none,,codex_adjudication_pass,Unsampled claim; final label inherits first-pass annotation.
C010,level2,level2,openclaw,RUN_20260527_231632_18_openclaw_deepseekv4pro_isolated,RUN_20260527_231632_18_openclaw_deepseekv4pro_isolated_CL005,Mechanism inference (pattern-based),The pattern is consistent with procrastination/present-bias,supported,none,,codex_adjudication_pass,Unsampled claim; final label inherits first-pass annotation.
C010,level2,level2,openclaw,RUN_20260527_231632_18_openclaw_deepseekv4pro_isolated,RUN_20260527_231632_18_openclaw_deepseekv4pro_isolated_CL006,Mechanism inference (pattern-based),The pattern is definitively present-bias rather than liquidity dissipation,unsupported,Unsupported Claim,critical,codex_adjudication_pass,No disagreement; final label matches both first-pass and second-pass judgments.
C010,level2,level2,openclaw,RUN_20260527_231632_18_openclaw_deepseekv4pro_isolated,RUN_20260527_231632_18_openclaw_deepseekv4pro_isolated_CL007,Mechanism inference,Early offer improves intention-to-action conversion,supported,none,,codex_adjudication_pass,Unsampled claim; final label inherits first-pass annotation.
C010,level2,level2,openclaw,RUN_20260527_231632_18_openclaw_deepseekv4pro_isolated,RUN_20260527_231632_18_openclaw_deepseekv4pro_isolated_CL008,Exploratory heterogeneity,Non-adopters are more responsive to the early offer,supported,none,,codex_adjudication_pass,Unsampled claim; final label inherits first-pass annotation.
C010,level2,level2,openclaw,RUN_20260527_231632_18_openclaw_deepseekv4pro_isolated,RUN_20260527_231632_18_openclaw_deepseekv4pro_isolated_CL009,Exploratory,Effects persist beyond the intervention season,unsupported,Unsupported Claim,minor,codex_adjudication_pass,Unsampled claim; final label inherits first-pass annotation.
C010,level3,level3,openclaw,RUN_20260527_232025_19_openclaw_deepseekv4pro_isolated,RUN_20260527_232025_19_openclaw_deepseekv4pro_isolated_CL001,Causal (randomized),C1. Early offer timing increases seasonal input adoption relative to an economically identical late offer.,supported,none,,codex_adjudication_pass,Unsampled claim; final label inherits first-pass annotation.
C010,level3,level3,openclaw,RUN_20260527_232025_19_openclaw_deepseekv4pro_isolated,RUN_20260527_232025_19_openclaw_deepseekv4pro_isolated_CL002,Causal (randomized),C2. The timing effect is not driven solely by reminders or salience.,partially_supported,Overclaim,major,codex_adjudication_pass,Unsampled claim; final label inherits first-pass annotation.
C010,level3,level3,openclaw,RUN_20260527_232025_19_openclaw_deepseekv4pro_isolated,RUN_20260527_232025_19_openclaw_deepseekv4pro_isolated_CL003,Mechanism inference (reduced-form pattern),C3. The pattern of adoption across arms is consistent with procrastination/present bias.,supported,none,,codex_adjudication_pass,Unsampled claim; final label inherits first-pass annotation.
C010,level3,level3,openclaw,RUN_20260527_232025_19_openclaw_deepseekv4pro_isolated,RUN_20260527_232025_19_openclaw_deepseekv4pro_isolated_CL004,Descriptive comparison,C4. The early-small offer can partially substitute for a late large subsidy.,supported,none,,codex_adjudication_pass,No disagreement; final label matches both first-pass and second-pass judgments.
C010,level3,level3,openclaw,RUN_20260527_232025_19_openclaw_deepseekv4pro_isolated,RUN_20260527_232025_19_openclaw_deepseekv4pro_isolated_CL005,Mechanism inference (design-based),C5. Static liquidity constraints do not explain the adoption pattern.,partially_supported,Overclaim,major,codex_adjudication_pass,Unsampled claim; final label inherits first-pass annotation.
C010,level3,level3,openclaw,RUN_20260527_232025_19_openclaw_deepseekv4pro_isolated,RUN_20260527_232025_19_openclaw_deepseekv4pro_isolated_CL006,Descriptive heterogeneity,C6. Prior non-adopters are more responsive to the early-small offer than prior adopters.,supported,none,,codex_adjudication_pass,Unsampled claim; final label inherits first-pass annotation.
C010,level3,level3,openclaw,RUN_20260527_232025_19_openclaw_deepseekv4pro_isolated,RUN_20260527_232025_19_openclaw_deepseekv4pro_isolated_CL007,Descriptive (stated intentions measured post-assignment in some arms),C7. The stated-intention-to-behavior gap is larger in late-offer arms than in the early-offer arm.,supported,none,,codex_adjudication_pass,Unsampled claim; final label inherits first-pass annotation.
C010,level3,level3,openclaw,RUN_20260527_232025_19_openclaw_deepseekv4pro_isolated,RUN_20260527_232025_19_openclaw_deepseekv4pro_isolated_CL008,Descriptive validation,C8. The design's findings are internally valid (randomization produced comparable groups).,supported,none,,codex_adjudication_pass,Unsampled claim; final label inherits first-pass annotation.
C010,level3,level3,openclaw,RUN_20260527_232025_19_openclaw_deepseekv4pro_isolated,RUN_20260527_232025_19_openclaw_deepseekv4pro_isolated_CL009,Descriptive validation,C9. The results are not driven by differential attrition.,supported,none,,codex_adjudication_pass,Unsampled claim; final label inherits first-pass annotation.
C010,level3,level3,openclaw,RUN_20260527_232025_19_openclaw_deepseekv4pro_isolated,RUN_20260527_232025_19_openclaw_deepseekv4pro_isolated_CL010,Descriptive diagnostic,C10. Spillovers do not qualitatively change the conclusions.,partially_supported,Overclaim,minor,codex_adjudication_pass,Unsampled claim; final label inherits first-pass annotation.
C010,perturbed,perturbed,openclaw,RUN_20260527_232448_20_openclaw_deepseekv4pro_isolated,RUN_20260527_232448_20_openclaw_deepseekv4pro_isolated_CL001,Causal (ITT),C1. Early offer availability increases seasonal input adoption relative to later availability (when all producers are informed early).,supported,none,,codex_adjudication_pass,Unsampled claim; final label inherits first-pass annotation.
C010,perturbed,perturbed,openclaw,RUN_20260527_232448_20_openclaw_deepseekv4pro_isolated,RUN_20260527_232448_20_openclaw_deepseekv4pro_isolated_CL002,Descriptive,C2. The timing effect is larger for liquidity-constrained producers.,partially_supported,Overclaim,minor,codex_adjudication_pass,Adopt the second-pass weaker label: the heterogeneity claim is plausible but better treated as exploratory under the perturbed information structure.
C010,perturbed,perturbed,openclaw,RUN_20260527_232448_20_openclaw_deepseekv4pro_isolated,RUN_20260527_232448_20_openclaw_deepseekv4pro_isolated_CL003,Descriptive / suggestive,C3. Late-arm producers are more likely than early-arm producers to state an intention to adopt but fail to follow through.,supported,none,,codex_adjudication_pass,Unsampled claim; final label inherits first-pass annotation.
C010,perturbed,perturbed,openclaw,RUN_20260527_232448_20_openclaw_deepseekv4pro_isolated,RUN_20260527_232448_20_openclaw_deepseekv4pro_isolated_CL004,Descriptive,C4. Adoption declines monotonically with offer delay from the income moment.,supported,none,,codex_adjudication_pass,No disagreement; final label matches both first-pass and second-pass judgments.
C010,perturbed,perturbed,openclaw,RUN_20260527_232448_20_openclaw_deepseekv4pro_isolated,RUN_20260527_232448_20_openclaw_deepseekv4pro_isolated_CL005,Diagnostic,C5. Spillover effects do not materially bias the ITT.,supported,none,,codex_adjudication_pass,Unsampled claim; final label inherits first-pass annotation.
C010,perturbed,perturbed,openclaw,RUN_20260527_232448_20_openclaw_deepseekv4pro_isolated,RUN_20260527_232448_20_openclaw_deepseekv4pro_isolated_CL006,Diagnostic,C6. The timing effect is not driven by differential attrition.,supported,none,,codex_adjudication_pass,Unsampled claim; final label inherits first-pass annotation.
C010,perturbed,perturbed,openclaw,RUN_20260527_232448_20_openclaw_deepseekv4pro_isolated,RUN_20260527_232448_20_openclaw_deepseekv4pro_isolated_CL007,Interpretive / synthetic,C7. Procrastination is the primary mechanism driving the timing effect.,unsupported,Unsupported Claim,critical,codex_adjudication_pass,No disagreement; final label matches both first-pass and second-pass judgments.
C014,level2,level2,openclaw,RUN_20260527_232816_21_openclaw_deepseekv4pro_isolated,RUN_20260527_232816_21_openclaw_deepseekv4pro_isolated_CL001,Causal,Formal oversight reduces independently measured leakage relative to control.,supported,none,,codex_adjudication_pass,Unsampled claim; final label inherits first-pass annotation.
C014,level2,level2,openclaw,RUN_20260527_232816_21_openclaw_deepseekv4pro_isolated,RUN_20260527_232816_21_openclaw_deepseekv4pro_isolated_CL002,Causal,Community monitoring reduces independently measured leakage relative to control.,supported,none,,codex_adjudication_pass,Unsampled claim; final label inherits first-pass annotation.
C014,level2,level2,openclaw,RUN_20260527_232816_21_openclaw_deepseekv4pro_isolated,RUN_20260527_232816_21_openclaw_deepseekv4pro_isolated_CL003,Causal,Formal oversight and community monitoring have different effects.,supported,none,,codex_adjudication_pass,Unsampled claim; final label inherits first-pass annotation.
C014,level2,level2,openclaw,RUN_20260527_232816_21_openclaw_deepseekv4pro_isolated,RUN_20260527_232816_21_openclaw_deepseekv4pro_isolated_CL004,Mechanism (descriptive),Administrative records overstate the effect of monitoring relative to independent measurement.,supported,none,,codex_adjudication_pass,Unsampled claim; final label inherits first-pass annotation.
C014,level2,level2,openclaw,RUN_20260527_232816_21_openclaw_deepseekv4pro_isolated,RUN_20260527_232816_21_openclaw_deepseekv4pro_isolated_CL005,Mechanism (descriptive),Community monitoring effects are larger where baseline information asymmetries are greater.,partially_supported,Overclaim,major,codex_adjudication_pass,Unsampled claim; final label inherits first-pass annotation.
C014,level2,level2,openclaw,RUN_20260527_232816_21_openclaw_deepseekv4pro_isolated,RUN_20260527_232816_21_openclaw_deepseekv4pro_isolated_CL006,Descriptive,Leakage exists in the absence of additional monitoring.,supported,none,,codex_adjudication_pass,Unsampled claim; final label inherits first-pass annotation.
C014,level2,level2,openclaw,RUN_20260527_232816_21_openclaw_deepseekv4pro_isolated,RUN_20260527_232816_21_openclaw_deepseekv4pro_isolated_CL007,Robustness,Treatment effects are robust to alternative leakage definitions.,partially_supported,Overclaim,minor,codex_adjudication_pass,"The design supports alternative definitions, but not an ex ante robustness conclusion."
C014,level2,level2,openclaw,RUN_20260527_232816_21_openclaw_deepseekv4pro_isolated,RUN_20260527_232816_21_openclaw_deepseekv4pro_isolated_CL008,Causal (if factorial design),The combined effect of formal oversight and community monitoring differs from the sum of individual effects.,unsupported,Unsupported Claim,major,codex_adjudication_pass,No disagreement; final label matches both first-pass and second-pass judgments.
C014,level2,level2,openclaw,RUN_20260527_232816_21_openclaw_deepseekv4pro_isolated,RUN_20260527_232816_21_openclaw_deepseekv4pro_isolated_CL009,Diagnostic,Spillover effects are small enough not to undermine the primary analysis.,supported,none,,codex_adjudication_pass,Unsampled claim; final label inherits first-pass annotation.
C014,level2,level2,openclaw,RUN_20260527_232816_21_openclaw_deepseekv4pro_isolated,RUN_20260527_232816_21_openclaw_deepseekv4pro_isolated_CL010,Diagnostic,Attrition does not drive the results.,supported,none,,codex_adjudication_pass,Unsampled claim; final label inherits first-pass annotation.
C014,level3,level3,openclaw,RUN_20260527_233158_22_openclaw_deepseekv4pro_isolated,RUN_20260527_233158_22_openclaw_deepseekv4pro_isolated_CL001,Causal (under random assignment and no spillover).,Assignment to formal oversight reduces independently measured resource leakage relative to control.,supported,none,,codex_adjudication_pass,No disagreement; final label matches both first-pass and second-pass judgments.
C014,level3,level3,openclaw,RUN_20260527_233158_22_openclaw_deepseekv4pro_isolated,RUN_20260527_233158_22_openclaw_deepseekv4pro_isolated_CL002,Causal (under random assignment and no spillover).,Assignment to community monitoring reduces independently measured resource leakage relative to control.,supported,none,,codex_adjudication_pass,Unsampled claim; final label inherits first-pass annotation.
C014,level3,level3,openclaw,RUN_20260527_233158_22_openclaw_deepseekv4pro_isolated,RUN_20260527_233158_22_openclaw_deepseekv4pro_isolated_CL003,Causal (under random assignment and comparable treatment intensity/timing).,Formal oversight and community monitoring differ in effectiveness.,supported,none,,codex_adjudication_pass,Unsampled claim; final label inherits first-pass annotation.
C014,level3,level3,openclaw,RUN_20260527_233158_22_openclaw_deepseekv4pro_isolated,RUN_20260527_233158_22_openclaw_deepseekv4pro_isolated_CL004,"Mechanism (suggestive, not definitive).",Formal oversight reduces leakage primarily by deterring diversion (not merely by improving reporting).,partially_supported,Overclaim,major,codex_adjudication_pass,Unsampled claim; final label inherits first-pass annotation.
C014,level3,level3,openclaw,RUN_20260527_233158_22_openclaw_deepseekv4pro_isolated,RUN_20260527_233158_22_openclaw_deepseekv4pro_isolated_CL005,"Mechanism (suggestive, not definitive).",Community monitoring reduces leakage through increased beneficiary information and voice.,partially_supported,Overclaim,major,codex_adjudication_pass,Unsampled claim; final label inherits first-pass annotation.
C014,level3,level3,openclaw,RUN_20260527_233158_22_openclaw_deepseekv4pro_isolated,RUN_20260527_233158_22_openclaw_deepseekv4pro_isolated_CL006,Descriptive/diagnostic.,Officials substitute corruption from measured to unmeasured dimensions when monitoring is introduced.,unsupported,Unsupported Claim,major,codex_adjudication_pass,No disagreement; final label matches both first-pass and second-pass judgments.
C014,level3,level3,openclaw,RUN_20260527_233158_22_openclaw_deepseekv4pro_isolated,RUN_20260527_233158_22_openclaw_deepseekv4pro_isolated_CL007,Diagnostic (descriptive).,Spillover from treated to control projects attenuates the estimated treatment effects.,partially_supported,Overclaim,minor,codex_adjudication_pass,Unsampled claim; final label inherits first-pass annotation.
C014,level3,level3,openclaw,RUN_20260527_233158_22_openclaw_deepseekv4pro_isolated,RUN_20260527_233158_22_openclaw_deepseekv4pro_isolated_CL008,Diagnostic.,The estimated treatment effects are not driven by differential attrition.,supported,none,,codex_adjudication_pass,Unsampled claim; final label inherits first-pass annotation.
C014,level3,level3,openclaw,RUN_20260527_233158_22_openclaw_deepseekv4pro_isolated,RUN_20260527_233158_22_openclaw_deepseekv4pro_isolated_CL009,Diagnostic.,Pre-existing differences between treatment arms do not explain the results.,supported,none,,codex_adjudication_pass,Unsampled claim; final label inherits first-pass annotation.
C014,level3,level3,openclaw,RUN_20260527_233158_22_openclaw_deepseekv4pro_isolated,RUN_20260527_233158_22_openclaw_deepseekv4pro_isolated_CL010,Descriptive/interpretive.,The estimated effects apply to the study population and program but may not generalize to other contexts.,supported,none,,codex_adjudication_pass,Unsampled claim; final label inherits first-pass annotation.
C014,perturbed,perturbed,openclaw,RUN_20260527_233717_23_openclaw_deepseekv4pro_isolated,RUN_20260527_233717_23_openclaw_deepseekv4pro_isolated_CL001,Causal (on reported outcome),Monitoring assignment causes a change in officially reported expenditures.,supported,none,,codex_adjudication_pass,Unsampled claim; final label inherits first-pass annotation.
C014,perturbed,perturbed,openclaw,RUN_20260527_233717_23_openclaw_deepseekv4pro_isolated,RUN_20260527_233717_23_openclaw_deepseekv4pro_isolated_CL002,Causal (on true outcome),The change in reported expenditures reflects a change in true resource leakage.,contradicted,Contradiction,critical,codex_adjudication_pass,No disagreement; final label matches both first-pass and second-pass judgments.
C014,perturbed,perturbed,openclaw,RUN_20260527_233717_23_openclaw_deepseekv4pro_isolated,RUN_20260527_233717_23_openclaw_deepseekv4pro_isolated_CL003,Causal comparison (on reported outcome),Formal oversight produces different reported outcomes than community monitoring.,supported,none,,codex_adjudication_pass,Unsampled claim; final label inherits first-pass annotation.
C014,perturbed,perturbed,openclaw,RUN_20260527_233717_23_openclaw_deepseekv4pro_isolated,RUN_20260527_233717_23_openclaw_deepseekv4pro_isolated_CL004,Causal comparison (on true outcome),The difference between formal and community monitoring reflects differential effectiveness at reducing true corruption.,contradicted,Contradiction,critical,codex_adjudication_pass,No disagreement; final label matches both first-pass and second-pass judgments.
C014,perturbed,perturbed,openclaw,RUN_20260527_233717_23_openclaw_deepseekv4pro_isolated,RUN_20260527_233717_23_openclaw_deepseekv4pro_isolated_CL005,Causal (on reporting quality),Monitoring reduces reporting anomalies in administrative data.,supported,none,,codex_adjudication_pass,Unsampled claim; final label inherits first-pass annotation.
C014,perturbed,perturbed,openclaw,RUN_20260527_233717_23_openclaw_deepseekv4pro_isolated,RUN_20260527_233717_23_openclaw_deepseekv4pro_isolated_CL006,Correlational/diagnostic,Reporting-channel effects are likely to be small relative to real-behavior effects (or vice versa).,unsupported,Unsupported Claim,major,codex_adjudication_pass,Unsampled claim; final label inherits first-pass annotation.
C014,perturbed,perturbed,openclaw,RUN_20260527_233717_23_openclaw_deepseekv4pro_isolated,RUN_20260527_233717_23_openclaw_deepseekv4pro_isolated_CL007,Cost-effectiveness (on reported outcomes),The intervention generates net social benefits exceeding its costs.,unsupported,Unsupported Claim,major,codex_adjudication_pass,Unsampled claim; final label inherits first-pass annotation.
C014,perturbed,perturbed,openclaw,RUN_20260527_233717_23_openclaw_deepseekv4pro_isolated,RUN_20260527_233717_23_openclaw_deepseekv4pro_isolated_CL008,Correlational,Spillover effects on nearby unmonitored projects are minimal.,unsupported,Unsupported Claim,minor,codex_adjudication_pass,Unsampled claim; final label inherits first-pass annotation.
C016,level2,level2,openclaw,RUN_20260527_234026_24_openclaw_deepseekv4pro_isolated,RUN_20260527_234026_24_openclaw_deepseekv4pro_isolated_CL001,Causal (if randomized); Descriptive association (if not),Targeted information reduces objective adverse outcomes relative to generic curriculum alone,supported,none,,codex_adjudication_pass,Unsampled claim; final label inherits first-pass annotation.
C016,level2,level2,openclaw,RUN_20260527_234026_24_openclaw_deepseekv4pro_isolated,RUN_20260527_234026_24_openclaw_deepseekv4pro_isolated_CL002,Mechanism inference (pattern-based),Effect operates through safer partner choice,partially_supported,Overclaim,major,codex_adjudication_pass,Unsampled claim; final label inherits first-pass annotation.
C016,level2,level2,openclaw,RUN_20260527_234026_24_openclaw_deepseekv4pro_isolated,RUN_20260527_234026_24_openclaw_deepseekv4pro_isolated_CL003,Mechanism inference (pattern-based),Effect operates through increased protection,partially_supported,Overclaim,major,codex_adjudication_pass,Unsampled claim; final label inherits first-pass annotation.
C016,level2,level2,openclaw,RUN_20260527_234026_24_openclaw_deepseekv4pro_isolated,RUN_20260527_234026_24_openclaw_deepseekv4pro_isolated_CL004,Mechanism inference (pattern-based),Effect operates through reduced activity,partially_supported,Overclaim,major,codex_adjudication_pass,Unsampled claim; final label inherits first-pass annotation.
C016,level2,level2,openclaw,RUN_20260527_234026_24_openclaw_deepseekv4pro_isolated,RUN_20260527_234026_24_openclaw_deepseekv4pro_isolated_CL005,Diagnostic (internal consistency),"Self-reported changes reflect reporting artifacts, not behavior",unsupported,Unsupported Claim,critical,codex_adjudication_pass,No disagreement; final label matches both first-pass and second-pass judgments.
C016,level2,level2,openclaw,RUN_20260527_234026_24_openclaw_deepseekv4pro_isolated,RUN_20260527_234026_24_openclaw_deepseekv4pro_isolated_CL006,Speculation,Generic curriculum alone has negligible effects,unsupported,Unsupported Claim,major,codex_adjudication_pass,Unsampled claim; final label inherits first-pass annotation.
C016,level2,level2,openclaw,RUN_20260527_234026_24_openclaw_deepseekv4pro_isolated,RUN_20260527_234026_24_openclaw_deepseekv4pro_isolated_CL007,Cannot be claimed,Results generalize to other schools/regions,supported,none,,codex_adjudication_pass,Unsampled claim; final label inherits first-pass annotation.
C016,level2,level2,openclaw,RUN_20260527_234026_24_openclaw_deepseekv4pro_isolated,RUN_20260527_234026_24_openclaw_deepseekv4pro_isolated_CL008,Descriptive heterogeneity analysis,Treatment effects are homogeneous across student subgroups,unsupported,Unsupported Claim,major,codex_adjudication_pass,Unsampled claim; final label inherits first-pass annotation.
C016,level2,level2,openclaw,RUN_20260527_234026_24_openclaw_deepseekv4pro_isolated,RUN_20260527_234026_24_openclaw_deepseekv4pro_isolated_CL009,Diagnostic (SUTVA check),Spillover is negligible,partially_supported,Overclaim,minor,codex_adjudication_pass,Unsampled claim; final label inherits first-pass annotation.
C016,level2,level2,openclaw,RUN_20260527_234026_24_openclaw_deepseekv4pro_isolated,RUN_20260527_234026_24_openclaw_deepseekv4pro_isolated_CL010,Diagnostic,Attrition does not bias results,partially_supported,Overclaim,minor,codex_adjudication_pass,Replace the strong attrition claim with the weaker statement that attrition should be diagnosed rather than assumed harmless.
C016,level3,level3,openclaw,RUN_20260527_234511_25_openclaw_deepseekv4pro_isolated,RUN_20260527_234511_25_openclaw_deepseekv4pro_isolated_CL001,Causal (if assignment is randomized or conditionally ignorable),Assignment to targeted (vs. generic) information reduces the objective adverse outcome,supported,none,,codex_adjudication_pass,Unsampled claim; final label inherits first-pass annotation.
C016,level3,level3,openclaw,RUN_20260527_234511_25_openclaw_deepseekv4pro_isolated,RUN_20260527_234511_25_openclaw_deepseekv4pro_isolated_CL002,Descriptive / exploratory,The effect of targeted information is larger in higher-baseline-risk schools,supported,none,,codex_adjudication_pass,Unsampled claim; final label inherits first-pass annotation.
C016,level3,level3,openclaw,RUN_20260527_234511_25_openclaw_deepseekv4pro_isolated,RUN_20260527_234511_25_openclaw_deepseekv4pro_isolated_CL003,Descriptive association,Students in targeted schools report lower-risk partner characteristics,supported,none,,codex_adjudication_pass,Unsampled claim; final label inherits first-pass annotation.
C016,level3,level3,openclaw,RUN_20260527_234511_25_openclaw_deepseekv4pro_isolated,RUN_20260527_234511_25_openclaw_deepseekv4pro_isolated_CL004,Descriptive association,"Students in targeted schools report more protective behavior, conditional on activity",supported,none,,codex_adjudication_pass,Unsampled claim; final label inherits first-pass annotation.
C016,level3,level3,openclaw,RUN_20260527_234511_25_openclaw_deepseekv4pro_isolated,RUN_20260527_234511_25_openclaw_deepseekv4pro_isolated_CL005,Descriptive association,Students in targeted schools report lower rates of any activity,supported,none,,codex_adjudication_pass,No disagreement; final label matches both first-pass and second-pass judgments.
C016,level3,level3,openclaw,RUN_20260527_234511_25_openclaw_deepseekv4pro_isolated,RUN_20260527_234511_25_openclaw_deepseekv4pro_isolated_CL006,Diagnostic,The survey subgroup is approximately representative of the full cohort,partially_supported,Overclaim,minor,codex_adjudication_pass,No disagreement; final label matches both first-pass and second-pass judgments.
C016,level3,level3,openclaw,RUN_20260527_234511_25_openclaw_deepseekv4pro_isolated,RUN_20260527_234511_25_openclaw_deepseekv4pro_isolated_CL007,Diagnostic,Spillover does not materially affect the ITT estimate,partially_supported,Overclaim,minor,codex_adjudication_pass,Unsampled claim; final label inherits first-pass annotation.
C016,level3,level3,openclaw,RUN_20260527_234511_25_openclaw_deepseekv4pro_isolated,RUN_20260527_234511_25_openclaw_deepseekv4pro_isolated_CL008,Diagnostic,Results are not driven by a single influential school,supported,none,,codex_adjudication_pass,Unsampled claim; final label inherits first-pass annotation.
C016,perturbed,perturbed,openclaw,RUN_20260527_235045_26_openclaw_deepseekv4pro_isolated,RUN_20260527_235045_26_openclaw_deepseekv4pro_isolated_CL001,**Descriptive/Causal on reports**,Targeted risk information changes self-reported adolescent behavior relative to generic curriculum,supported,none,,codex_adjudication_pass,Unsampled claim; final label inherits first-pass annotation.
C016,perturbed,perturbed,openclaw,RUN_20260527_235045_26_openclaw_deepseekv4pro_isolated,RUN_20260527_235045_26_openclaw_deepseekv4pro_isolated_CL002,**Untestable in current data**,Observed differences reflect actual behavior change rather than reporting change,contradicted,Contradiction,critical,codex_adjudication_pass,No disagreement; final label matches both first-pass and second-pass judgments.
C016,perturbed,perturbed,openclaw,RUN_20260527_235045_26_openclaw_deepseekv4pro_isolated,RUN_20260527_235045_26_openclaw_deepseekv4pro_isolated_CL003,**Manipulation check (causal on knowledge)**,The information intervention shifted risk perceptions,supported,none,,codex_adjudication_pass,Unsampled claim; final label inherits first-pass annotation.
C016,perturbed,perturbed,openclaw,RUN_20260527_235045_26_openclaw_deepseekv4pro_isolated,RUN_20260527_235045_26_openclaw_deepseekv4pro_isolated_CL004,**Descriptive pattern**,Effects are concentrated on behaviors with the largest risk differential,supported,none,,codex_adjudication_pass,Unsampled claim; final label inherits first-pass annotation.
C016,perturbed,perturbed,openclaw,RUN_20260527_235045_26_openclaw_deepseekv4pro_isolated,RUN_20260527_235045_26_openclaw_deepseekv4pro_isolated_CL005,**Descriptive pattern**,Reported protection behavior increases more for higher-risk partner types,supported,none,,codex_adjudication_pass,Unsampled claim; final label inherits first-pass annotation.
C016,perturbed,perturbed,openclaw,RUN_20260527_235045_26_openclaw_deepseekv4pro_isolated,RUN_20260527_235045_26_openclaw_deepseekv4pro_isolated_CL006,**Descriptive/Causal on schooling**,The intervention does not affect schooling outcomes,supported,none,,codex_adjudication_pass,Unsampled claim; final label inherits first-pass annotation.
C016,perturbed,perturbed,openclaw,RUN_20260527_235045_26_openclaw_deepseekv4pro_isolated,RUN_20260527_235045_26_openclaw_deepseekv4pro_isolated_CL007,**Sensitivity check**,Treatment effects on reports are robust to plausible reporting bias,partially_supported,Overclaim,major,codex_adjudication_pass,Unsampled claim; final label inherits first-pass annotation.
C016,no_solution,no_solution,openclaw,RUN_20260527_235457_27_openclaw_deepseekv4pro_isolated,RUN_20260527_235457_27_openclaw_deepseekv4pro_isolated_CL001,Descriptive,Students in schools with targeted information programming exhibit different average outcomes than students in schools without such programming.,supported,none,,codex_adjudication_pass,Unsampled claim; final label inherits first-pass annotation.
C016,no_solution,no_solution,openclaw,RUN_20260527_235457_27_openclaw_deepseekv4pro_isolated,RUN_20260527_235457_27_openclaw_deepseekv4pro_isolated_CL002,Descriptive,"Part of the raw outcome gap between exposure groups is accounted for by observed differences in student, school, and community characteristics.",supported,none,,codex_adjudication_pass,Unsampled claim; final label inherits first-pass annotation.
C016,no_solution,no_solution,openclaw,RUN_20260527_235457_27_openclaw_deepseekv4pro_isolated,RUN_20260527_235457_27_openclaw_deepseekv4pro_isolated_CL003,Descriptive,Adopting and non-adopting schools differ substantially on observed characteristics.,supported,none,,codex_adjudication_pass,Unsampled claim; final label inherits first-pass annotation.
C016,no_solution,no_solution,openclaw,RUN_20260527_235457_27_openclaw_deepseekv4pro_isolated,RUN_20260527_235457_27_openclaw_deepseekv4pro_isolated_CL004,Correlational,The residual outcome gap after adjustment is consistent with a protective effect of targeted information.,partially_supported,Overclaim,major,codex_adjudication_pass,Unsampled claim; final label inherits first-pass annotation.
C016,no_solution,no_solution,openclaw,RUN_20260527_235457_27_openclaw_deepseekv4pro_isolated,RUN_20260527_235457_27_openclaw_deepseekv4pro_isolated_CL005,Sensitivity,The estimated association would not survive moderate unobserved confounding.,supported,none,,codex_adjudication_pass,Unsampled claim; final label inherits first-pass annotation.
C016,no_solution,no_solution,openclaw,RUN_20260527_235457_27_openclaw_deepseekv4pro_isolated,RUN_20260527_235457_27_openclaw_deepseekv4pro_isolated_CL006,Correlational/Exploratory,The association between targeted information and outcomes operates partly through increased protection behavior.,supported,none,,codex_adjudication_pass,Unsampled claim; final label inherits first-pass annotation.
C016,no_solution,no_solution,openclaw,RUN_20260527_235457_27_openclaw_deepseekv4pro_isolated,RUN_20260527_235457_27_openclaw_deepseekv4pro_isolated_CL007,Correlational/Exploratory,Students in adopting schools report different partner profiles.,supported,none,,codex_adjudication_pass,Unsampled claim; final label inherits first-pass annotation.
C016,no_solution,no_solution,openclaw,RUN_20260527_235457_27_openclaw_deepseekv4pro_isolated,RUN_20260527_235457_27_openclaw_deepseekv4pro_isolated_CL008,Descriptive (heterogeneity),The outcome gap between exposure groups is larger in communities with higher baseline risk.,supported,none,,codex_adjudication_pass,Unsampled claim; final label inherits first-pass annotation.
C016,no_solution,no_solution,openclaw,RUN_20260527_235457_27_openclaw_deepseekv4pro_isolated,RUN_20260527_235457_27_openclaw_deepseekv4pro_isolated_CL009,Descriptive,Missing follow-up data are differential by exposure status.,supported,none,,codex_adjudication_pass,Unsampled claim; final label inherits first-pass annotation.
C016,no_solution,no_solution,openclaw,RUN_20260527_235457_27_openclaw_deepseekv4pro_isolated,RUN_20260527_235457_27_openclaw_deepseekv4pro_isolated_CL010,Descriptive,There exist adopting and non-adopting schools with sufficient overlap on observed characteristics to permit comparison.,supported,none,,codex_adjudication_pass,Unsampled claim; final label inherits first-pass annotation.
C016,no_solution,no_solution,openclaw,RUN_20260527_235457_27_openclaw_deepseekv4pro_isolated,RUN_20260527_235457_27_openclaw_deepseekv4pro_isolated_CL011,Methodological,Causal identification is not credible from the provided data.,supported,none,,codex_adjudication_pass,No disagreement; final label matches both first-pass and second-pass judgments.
C019,level2,level2,openclaw,RUN_20260527_235916_28_openclaw_deepseekv4pro_isolated,RUN_20260527_235916_28_openclaw_deepseekv4pro_isolated_CL001,Descriptive association,Longer observed route length is associated with higher unplanned spending,supported,none,,codex_adjudication_pass,Unsampled claim; final label inherits first-pass annotation.
C019,level2,level2,openclaw,RUN_20260527_235916_28_openclaw_deepseekv4pro_isolated,RUN_20260527_235916_28_openclaw_deepseekv4pro_isolated_CL002,Descriptive decomposition,Pre-trip mission characteristics explain part (but not all) of the route–spending association,supported,none,,codex_adjudication_pass,Unsampled claim; final label inherits first-pass annotation.
C019,level2,level2,openclaw,RUN_20260527_235916_28_openclaw_deepseekv4pro_isolated,RUN_20260527_235916_28_openclaw_deepseekv4pro_isolated_CL003,Descriptive decomposition,Reverse causality (unplanned purchases → longer route) accounts for part of the association,supported,none,,codex_adjudication_pass,Unsampled claim; final label inherits first-pass annotation.
C019,level2,level2,openclaw,RUN_20260527_235916_28_openclaw_deepseekv4pro_isolated,RUN_20260527_235916_28_openclaw_deepseekv4pro_isolated_CL004,Causal (ITT),Random assignment of path-inducing promotions increases unplanned spending,supported,none,,codex_adjudication_pass,Unsampled claim; final label inherits first-pass annotation.
C019,level2,level2,openclaw,RUN_20260527_235916_28_openclaw_deepseekv4pro_isolated,RUN_20260527_235916_28_openclaw_deepseekv4pro_isolated_CL005,Causal (ITT),Larger detour distances reduce promotion redemption or net unplanned spending,supported,none,,codex_adjudication_pass,Unsampled claim; final label inherits first-pass annotation.
C019,level2,level2,openclaw,RUN_20260527_235916_28_openclaw_deepseekv4pro_isolated,RUN_20260527_235916_28_openclaw_deepseekv4pro_isolated_CL006,"Causal (LATE, exploratory)",Induced additional travel (via promotion) causes additional unplanned spending,supported,none,,codex_adjudication_pass,Unsampled claim; final label inherits first-pass annotation.
C019,level2,level2,openclaw,RUN_20260527_235916_28_openclaw_deepseekv4pro_isolated,RUN_20260527_235916_28_openclaw_deepseekv4pro_isolated_CL007,Mechanism (descriptive mediation),The effect of promotions on unplanned spending operates partly through additional categories visited,supported,none,,codex_adjudication_pass,No disagreement; final label matches both first-pass and second-pass judgments.
C019,level2,level2,openclaw,RUN_20260527_235916_28_openclaw_deepseekv4pro_isolated,RUN_20260527_235916_28_openclaw_deepseekv4pro_isolated_CL008,Heterogeneous treatment effect,Store familiarity moderates responsiveness to path-inducing promotions,supported,none,,codex_adjudication_pass,Unsampled claim; final label inherits first-pass annotation.
C019,level2,level2,openclaw,RUN_20260527_235916_28_openclaw_deepseekv4pro_isolated,RUN_20260527_235916_28_openclaw_deepseekv4pro_isolated_CL009,Heterogeneous treatment effect,Shoppers with larger planned missions have less budget slack for unplanned spending,supported,none,,codex_adjudication_pass,Unsampled claim; final label inherits first-pass annotation.
C019,level2,level2,openclaw,RUN_20260527_235916_28_openclaw_deepseekv4pro_isolated,RUN_20260527_235916_28_openclaw_deepseekv4pro_isolated_CL010,External validity caveat,Results from this store/format do not generalize to all retail settings,supported,none,,codex_adjudication_pass,Unsampled claim; final label inherits first-pass annotation.
C019,level3,level3,openclaw,RUN_20260528_000312_29_openclaw_deepseekv4pro_isolated,RUN_20260528_000312_29_openclaw_deepseekv4pro_isolated_CL001,**Causal** (ITT of promotion distance),Assigning shoppers a far (vs. near) route-inducing promotion causes an increase in trip-level unplanned spending.,supported,none,,codex_adjudication_pass,Unsampled claim; final label inherits first-pass annotation.
C019,level3,level3,openclaw,RUN_20260528_000312_29_openclaw_deepseekv4pro_isolated,RUN_20260528_000312_29_openclaw_deepseekv4pro_isolated_CL002,**Causal** (LATE under exclusion restriction),Additional route length causally increases unplanned spending.,supported,none,,codex_adjudication_pass,No disagreement; final label matches both first-pass and second-pass judgments.
C019,level3,level3,openclaw,RUN_20260528_000312_29_openclaw_deepseekv4pro_isolated,RUN_20260528_000312_29_openclaw_deepseekv4pro_isolated_CL003,**Descriptive**,Shoppers with larger planned baskets have longer routes.,supported,none,,codex_adjudication_pass,Unsampled claim; final label inherits first-pass annotation.
C019,level3,level3,openclaw,RUN_20260528_000312_29_openclaw_deepseekv4pro_isolated,RUN_20260528_000312_29_openclaw_deepseekv4pro_isolated_CL004,**Causal** (for the induced component),The route-length/unplanned-spending relationship is not purely driven by mission size.,supported,none,,codex_adjudication_pass,Unsampled claim; final label inherits first-pass annotation.
C019,level3,level3,openclaw,RUN_20260528_000312_29_openclaw_deepseekv4pro_isolated,RUN_20260528_000312_29_openclaw_deepseekv4pro_isolated_CL005,**Causal**,Route-inducing promotions increase the number of unplanned categories purchased.,supported,none,,codex_adjudication_pass,Unsampled claim; final label inherits first-pass annotation.
C019,level3,level3,openclaw,RUN_20260528_000312_29_openclaw_deepseekv4pro_isolated,RUN_20260528_000312_29_openclaw_deepseekv4pro_isolated_CL006,**Mechanism**,The far-promotion effect operates through increased route length rather than category appeal alone.,partially_supported,Overclaim,major,codex_adjudication_pass,Unsampled claim; final label inherits first-pass annotation.
C019,level3,level3,openclaw,RUN_20260528_000312_29_openclaw_deepseekv4pro_isolated,RUN_20260528_000312_29_openclaw_deepseekv4pro_isolated_CL007,**Causal** (for spillover to other categories),The results generalize to unplanned spending in unpromoted categories.,partially_supported,Overclaim,major,codex_adjudication_pass,"The claim reaches beyond the most directly identified route-induced spending effect, so the weaker label is more defensible."
C019,perturbed,perturbed,openclaw,RUN_20260528_000656_30_openclaw_deepseekv4pro_isolated,RUN_20260528_000656_30_openclaw_deepseekv4pro_isolated_CL001,Causal (experimental),Randomized prompts increase average route length,supported,none,,codex_adjudication_pass,Unsampled claim; final label inherits first-pass annotation.
C019,perturbed,perturbed,openclaw,RUN_20260528_000656_30_openclaw_deepseekv4pro_isolated,RUN_20260528_000656_30_openclaw_deepseekv4pro_isolated_CL002,Causal (LATE),Route length increases unplanned spending among compliers,supported,none,,codex_adjudication_pass,No disagreement; final label matches both first-pass and second-pass judgments.
C019,perturbed,perturbed,openclaw,RUN_20260528_000656_30_openclaw_deepseekv4pro_isolated,RUN_20260528_000656_30_openclaw_deepseekv4pro_isolated_CL003,Causal (mechanism evidence),Prompt-induced route extension generates unplanned spending in non-prompted categories,supported,none,,codex_adjudication_pass,Unsampled claim; final label inherits first-pass annotation.
C019,perturbed,perturbed,openclaw,RUN_20260528_000656_30_openclaw_deepseekv4pro_isolated,RUN_20260528_000656_30_openclaw_deepseekv4pro_isolated_CL004,Descriptive association,Longer routes are positively correlated with proxy-unplanned spending,supported,none,,codex_adjudication_pass,Unsampled claim; final label inherits first-pass annotation.
C019,perturbed,perturbed,openclaw,RUN_20260528_000656_30_openclaw_deepseekv4pro_isolated,RUN_20260528_000656_30_openclaw_deepseekv4pro_isolated_CL005,Descriptive (conditional),Route-spending association is stronger for unfamiliar shoppers,supported,none,,codex_adjudication_pass,Unsampled claim; final label inherits first-pass annotation.
C019,perturbed,perturbed,openclaw,RUN_20260528_000656_30_openclaw_deepseekv4pro_isolated,RUN_20260528_000656_30_openclaw_deepseekv4pro_isolated_CL006,Measurement validity,Historical-deviation proxy captures genuine unplanned purchases,unsupported,Unsupported Claim,major,codex_adjudication_pass,The second-pass stricter label is more faithful to the gold reference: the proxy is useful but not validated enough to support the claim as stated.
C019,perturbed,perturbed,openclaw,RUN_20260528_000656_30_openclaw_deepseekv4pro_isolated,RUN_20260528_000656_30_openclaw_deepseekv4pro_isolated_CL007,Assumption (partially testable),The exclusion restriction holds (prompts only affect unplanned spending through route length),partially_supported,Overclaim,major,codex_adjudication_pass,No disagreement; final label matches both first-pass and second-pass judgments.
C020,level2,level2,openclaw,RUN_20260528_001055_31_openclaw_deepseekv4pro_isolated,RUN_20260528_001055_31_openclaw_deepseekv4pro_isolated_CL001,Causal (randomized),"Salient terminal-digit format causes higher demand than alternative format (familiar items, no promotional cue)",supported,none,,codex_adjudication_pass,Unsampled claim; final label inherits first-pass annotation.
C020,level2,level2,openclaw,RUN_20260528_001055_31_openclaw_deepseekv4pro_isolated,RUN_20260528_001055_31_openclaw_deepseekv4pro_isolated_CL002,Causal (randomized interaction),The format effect differs when explicit promotional cues are present,supported,none,,codex_adjudication_pass,Unsampled claim; final label inherits first-pass annotation.
C020,level2,level2,openclaw,RUN_20260528_001055_31_openclaw_deepseekv4pro_isolated,RUN_20260528_001055_31_openclaw_deepseekv4pro_isolated_CL003,Descriptive / correlational (NewItem not randomized),The format effect is larger for newer or less familiar items,supported,none,,codex_adjudication_pass,Unsampled claim; final label inherits first-pass annotation.
C020,level2,level2,openclaw,RUN_20260528_001055_31_openclaw_deepseekv4pro_isolated,RUN_20260528_001055_31_openclaw_deepseekv4pro_isolated_CL004,Design-based,The format effect is not driven by manager selection into pricing format,supported,none,,codex_adjudication_pass,Unsampled claim; final label inherits first-pass annotation.
C020,level2,level2,openclaw,RUN_20260528_001055_31_openclaw_deepseekv4pro_isolated,RUN_20260528_001055_31_openclaw_deepseekv4pro_isolated_CL005,Suggestive,The format effect is not a generic visual-salience artifact,partially_supported,Overclaim,major,codex_adjudication_pass,Unsampled claim; final label inherits first-pass annotation.
C020,level2,level2,openclaw,RUN_20260528_001055_31_openclaw_deepseekv4pro_isolated,RUN_20260528_001055_31_openclaw_deepseekv4pro_isolated_CL006,Descriptive,The format effect is not driven by a specific product category,supported,none,,codex_adjudication_pass,Unsampled claim; final label inherits first-pass annotation.
C020,level2,level2,openclaw,RUN_20260528_001055_31_openclaw_deepseekv4pro_isolated,RUN_20260528_001055_31_openclaw_deepseekv4pro_isolated_CL007,Cannot be claimed,The format effect is attributable to true digit-ending processing rather than implicit bargain association,unsupported,Unsupported Claim,major,codex_adjudication_pass,The second-pass label is adopted because the gold explicitly warns against a pure digit-processing interpretation at this strength.
C020,level2,level2,openclaw,RUN_20260528_001055_31_openclaw_deepseekv4pro_isolated,RUN_20260528_001055_31_openclaw_deepseekv4pro_isolated_CL008,Cannot be claimed,"The estimated ATE generalizes to other retailers, channels, or product assortments",supported,none,,codex_adjudication_pass,Unsampled claim; final label inherits first-pass annotation.
C020,level3,level3,openclaw,RUN_20260528_001414_32_openclaw_deepseekv4pro_isolated,RUN_20260528_001414_32_openclaw_deepseekv4pro_isolated_CL001,Causal (experimental),"Terminal-digit pricing format increases demand relative to alternative endings, on average",supported,none,,codex_adjudication_pass,Unsampled claim; final label inherits first-pass annotation.
C020,level3,level3,openclaw,RUN_20260528_001414_32_openclaw_deepseekv4pro_isolated,RUN_20260528_001414_32_openclaw_deepseekv4pro_isolated_CL002,Causal (experimental),The format effect operates independently of explicit markdown signaling,supported,none,,codex_adjudication_pass,Unsampled claim; final label inherits first-pass annotation.
C020,level3,level3,openclaw,RUN_20260528_001414_32_openclaw_deepseekv4pro_isolated,RUN_20260528_001414_32_openclaw_deepseekv4pro_isolated_CL003,Causal (experimental),The format effect is stronger when markdown cues are absent than when they are present,supported,none,,codex_adjudication_pass,Unsampled claim; final label inherits first-pass annotation.
C020,level3,level3,openclaw,RUN_20260528_001414_32_openclaw_deepseekv4pro_isolated,RUN_20260528_001414_32_openclaw_deepseekv4pro_isolated_CL004,Causal moderation if products change familiarity status; otherwise correlational,The format effect is larger for unfamiliar (new) items than for familiar items,supported,none,,codex_adjudication_pass,Unsampled claim; final label inherits first-pass annotation.
C020,level3,level3,openclaw,RUN_20260528_001414_32_openclaw_deepseekv4pro_isolated,RUN_20260528_001414_32_openclaw_deepseekv4pro_isolated_CL005,Interpretive/psychological inference,Customers process terminal-digit endings through left-digit bias or rounding heuristics,unsupported,Unsupported Claim,major,codex_adjudication_pass,No disagreement; final label matches both first-pass and second-pass judgments.
C020,level3,level3,openclaw,RUN_20260528_001414_32_openclaw_deepseekv4pro_isolated,RUN_20260528_001414_32_openclaw_deepseekv4pro_isolated_CL006,External validity claim,"The treatment effect generalizes to other retailers, channels, or product categories",unsupported,Unsupported Claim,major,codex_adjudication_pass,Unsampled claim; final label inherits first-pass annotation.
C020,level3,level3,openclaw,RUN_20260528_001414_32_openclaw_deepseekv4pro_isolated,RUN_20260528_001414_32_openclaw_deepseekv4pro_isolated_CL007,Temporal generalizability claim,The terminal-digit format effect persists beyond the study waves (long-run),unsupported,Unsupported Claim,major,codex_adjudication_pass,Unsampled claim; final label inherits first-pass annotation.
C020,level3,level3,openclaw,RUN_20260528_001414_32_openclaw_deepseekv4pro_isolated,RUN_20260528_001414_32_openclaw_deepseekv4pro_isolated_CL008,Descriptive/correlational,The interaction between offer-environment features and the terminal-digit effect is causal,unsupported,Unsupported Claim,major,codex_adjudication_pass,Unsampled claim; final label inherits first-pass annotation.
C020,perturbed,perturbed,openclaw,RUN_20260528_001721_33_openclaw_deepseekv4pro_isolated,RUN_20260528_001721_33_openclaw_deepseekv4pro_isolated_CL001,Causal (under A1–A5),The bargain-cue bundle (salient terminal-digit + promotional framing) raises demand relative to the non-bundle control,supported,none,,codex_adjudication_pass,Unsampled claim; final label inherits first-pass annotation.
C020,perturbed,perturbed,openclaw,RUN_20260528_001721_33_openclaw_deepseekv4pro_isolated,RUN_20260528_001721_33_openclaw_deepseekv4pro_isolated_CL002,Causal claim — **not supported**,The terminal-digit format *itself* causes the demand increase,supported,none,,codex_adjudication_pass,Unsampled claim; final label inherits first-pass annotation.
C020,perturbed,perturbed,openclaw,RUN_20260528_001721_33_openclaw_deepseekv4pro_isolated,RUN_20260528_001721_33_openclaw_deepseekv4pro_isolated_CL003,Causal claim — **not supported**,The framing channel *itself* causes the demand increase,supported,none,,codex_adjudication_pass,Unsampled claim; final label inherits first-pass annotation.
C020,perturbed,perturbed,openclaw,RUN_20260528_001721_33_openclaw_deepseekv4pro_isolated,RUN_20260528_001721_33_openclaw_deepseekv4pro_isolated_CL004,Correlational heterogeneity of bundle effect,The bundle effect varies by item familiarity,supported,none,,codex_adjudication_pass,Unsampled claim; final label inherits first-pass annotation.
C020,perturbed,perturbed,openclaw,RUN_20260528_001721_33_openclaw_deepseekv4pro_isolated,RUN_20260528_001721_33_openclaw_deepseekv4pro_isolated_CL005,Causal claim — **not supported**,The heterogeneity is driven by differential format sensitivity,unsupported,Unsupported Claim,major,codex_adjudication_pass,"Under the bundled perturbed treatment, attributing heterogeneity to standalone format sensitivity is too strong."
C020,perturbed,perturbed,openclaw,RUN_20260528_001721_33_openclaw_deepseekv4pro_isolated,RUN_20260528_001721_33_openclaw_deepseekv4pro_isolated_CL006,Descriptive validity check,The bundle assignment protocol produces comparable treatment and control groups,supported,none,,codex_adjudication_pass,No disagreement; final label matches both first-pass and second-pass judgments.
C020,perturbed,perturbed,openclaw,RUN_20260528_001721_33_openclaw_deepseekv4pro_isolated,RUN_20260528_001721_33_openclaw_deepseekv4pro_isolated_CL007,Design assumption,Customer-group isolation is sufficient for SUTVA,supported,none,,codex_adjudication_pass,Unsampled claim; final label inherits first-pass annotation.
C020,perturbed,perturbed,openclaw,RUN_20260528_001721_33_openclaw_deepseekv4pro_isolated,RUN_20260528_001721_33_openclaw_deepseekv4pro_isolated_CL008,External validity claim — **not supported**,The bundle effect generalizes to non-promotional pricing contexts,supported,none,,codex_adjudication_pass,Unsampled claim; final label inherits first-pass annotation.
C020,perturbed,perturbed,openclaw,RUN_20260528_001721_33_openclaw_deepseekv4pro_isolated,RUN_20260528_001721_33_openclaw_deepseekv4pro_isolated_CL009,Methodological claim,Adding independent variation (Cells B and C from 2×2) would enable separable estimation of format and framing effects,supported,none,,codex_adjudication_pass,Unsampled claim; final label inherits first-pass annotation.
C020,no_solution,no_solution,openclaw,RUN_20260528_002016_34_openclaw_deepseekv4pro_isolated,RUN_20260528_002016_34_openclaw_deepseekv4pro_isolated_CL001,Descriptive,Items with salient terminal-digit endings are associated with higher average demand,supported,none,,codex_adjudication_pass,Unsampled claim; final label inherits first-pass annotation.
C020,no_solution,no_solution,openclaw,RUN_20260528_002016_34_openclaw_deepseekv4pro_isolated,RUN_20260528_002016_34_openclaw_deepseekv4pro_isolated_CL002,Descriptive,The raw association weakens when controlling for price level and promotions,supported,none,,codex_adjudication_pass,Unsampled claim; final label inherits first-pass annotation.
C020,no_solution,no_solution,openclaw,RUN_20260528_002016_34_openclaw_deepseekv4pro_isolated,RUN_20260528_002016_34_openclaw_deepseekv4pro_isolated_CL003,Descriptive,The association is larger in markdown/promotion contexts,supported,none,,codex_adjudication_pass,Unsampled claim; final label inherits first-pass annotation.
C020,no_solution,no_solution,openclaw,RUN_20260528_002016_34_openclaw_deepseekv4pro_isolated,RUN_20260528_002016_34_openclaw_deepseekv4pro_isolated_CL004,Descriptive,The conditional association is robust to rich observable controls,supported,none,,codex_adjudication_pass,Unsampled claim; final label inherits first-pass annotation.
C020,no_solution,no_solution,openclaw,RUN_20260528_002016_34_openclaw_deepseekv4pro_isolated,RUN_20260528_002016_34_openclaw_deepseekv4pro_isolated_CL005,Sensitivity analysis,Selection on unobservables would need to be large to eliminate the residual association,supported,none,,codex_adjudication_pass,Unsampled claim; final label inherits first-pass annotation.
C020,no_solution,no_solution,openclaw,RUN_20260528_002016_34_openclaw_deepseekv4pro_isolated,RUN_20260528_002016_34_openclaw_deepseekv4pro_isolated_CL006,Predictive,Terminal-digit format improves out-of-sample demand prediction,supported,none,,codex_adjudication_pass,No disagreement; final label matches both first-pass and second-pass judgments.
C020,no_solution,no_solution,openclaw,RUN_20260528_002016_34_openclaw_deepseekv4pro_isolated,RUN_20260528_002016_34_openclaw_deepseekv4pro_isolated_CL007,Diagnostic,The association does not reflect pre-existing demand trends,supported,none,,codex_adjudication_pass,Unsampled claim; final label inherits first-pass annotation.
C020,no_solution,no_solution,openclaw,RUN_20260528_002016_34_openclaw_deepseekv4pro_isolated,RUN_20260528_002016_34_openclaw_deepseekv4pro_isolated_CL008,Descriptive,The format-demand relationship is partially driven by promotional bundling,supported,none,,codex_adjudication_pass,Unsampled claim; final label inherits first-pass annotation.
C020,no_solution,no_solution,openclaw,RUN_20260528_002016_34_openclaw_deepseekv4pro_isolated,RUN_20260528_002016_34_openclaw_deepseekv4pro_isolated_CL009,**Causal**,The terminal-digit format has a causal effect on demand,contradicted,Contradiction,critical,codex_adjudication_pass,No disagreement; final label matches both first-pass and second-pass judgments.
C001,perturbed,perturbed,openclaw,RUN_20260528_173940_01_openclaw_deepseekv4pro_isolated,RUN_20260528_173940_01_openclaw_deepseekv4pro_isolated_CL001,Descriptive,Households that self-select into advance notice differ on observables from those that do not,supported,none,,codex_adjudication_pass,Unsampled claim; final label inherits first-pass annotation.
C001,perturbed,perturbed,openclaw,RUN_20260528_173940_01_openclaw_deepseekv4pro_isolated,RUN_20260528_173940_01_openclaw_deepseekv4pro_isolated_CL002,Descriptive,Contact rates vary across self-selected pre-contact states,supported,none,,codex_adjudication_pass,Unsampled claim; final label inherits first-pass annotation.
C001,perturbed,perturbed,openclaw,RUN_20260528_173940_01_openclaw_deepseekv4pro_isolated,RUN_20260528_173940_01_openclaw_deepseekv4pro_isolated_CL003,Descriptive (conditional association),Giving rates conditional on contact vary across pre-contact states,supported,none,,codex_adjudication_pass,Unsampled claim; final label inherits first-pass annotation.
C001,perturbed,perturbed,openclaw,RUN_20260528_173940_01_openclaw_deepseekv4pro_isolated,RUN_20260528_173940_01_openclaw_deepseekv4pro_isolated_CL004,Descriptive with sensitivity analysis,The association between pre-contact state and giving is partially explained by observable covariates,supported,none,,codex_adjudication_pass,Unsampled claim; final label inherits first-pass annotation.
C001,perturbed,perturbed,openclaw,RUN_20260528_173940_01_openclaw_deepseekv4pro_isolated,RUN_20260528_173940_01_openclaw_deepseekv4pro_isolated_CL005,Descriptive with mechanistic interpretation,The contribution amount distribution differs across pre-contact states in ways suggestive of different mechanisms (altruism vs. pressure),partially_supported,Overclaim,major,codex_adjudication_pass,Unsampled claim; final label inherits first-pass annotation.
C001,perturbed,perturbed,openclaw,RUN_20260528_173940_01_openclaw_deepseekv4pro_isolated,RUN_20260528_173940_01_openclaw_deepseekv4pro_isolated_CL006,Partial identification / bounds,"The social pressure effect on giving is bounded between [L, U]",supported,none,,codex_adjudication_pass,Unsampled claim; final label inherits first-pass annotation.
C001,perturbed,perturbed,openclaw,RUN_20260528_173940_01_openclaw_deepseekv4pro_isolated,RUN_20260528_173940_01_openclaw_deepseekv4pro_isolated_CL007,Sensitivity diagnostic,Selection on unobservables would need to be δ times as large as selection on observables to eliminate the observed association,supported,none,,codex_adjudication_pass,Unsampled claim; final label inherits first-pass annotation.
C001,perturbed,perturbed,openclaw,RUN_20260528_173940_01_openclaw_deepseekv4pro_isolated,RUN_20260528_173940_01_openclaw_deepseekv4pro_isolated_CL008,Causal,Pre-contact state choice causally affects giving,contradicted,Contradiction,critical,codex_adjudication_pass,No disagreement; final label matches both first-pass and second-pass judgments.
C001,no_solution,no_solution,openclaw,RUN_20260528_174342_02_openclaw_deepseekv4pro_isolated,RUN_20260528_174342_02_openclaw_deepseekv4pro_isolated_CL001,Descriptive association,Households receiving more intensive outreach are more likely to contribute,supported,none,,codex_adjudication_pass,Unsampled claim; final label inherits first-pass annotation.
C001,no_solution,no_solution,openclaw,RUN_20260528_174342_02_openclaw_deepseekv4pro_isolated,RUN_20260528_174342_02_openclaw_deepseekv4pro_isolated_CL002,Descriptive diagnostic,Selection on observables partly explains the outreach-giving association,supported,none,,codex_adjudication_pass,Unsampled claim; final label inherits first-pass annotation.
C001,no_solution,no_solution,openclaw,RUN_20260528_174342_02_openclaw_deepseekv4pro_isolated,RUN_20260528_174342_02_openclaw_deepseekv4pro_isolated_CL003,Sensitivity bound,Selection on unobservables could fully explain any remaining association,supported,none,,codex_adjudication_pass,Unsampled claim; final label inherits first-pass annotation.
C001,no_solution,no_solution,openclaw,RUN_20260528_174342_02_openclaw_deepseekv4pro_isolated,RUN_20260528_174342_02_openclaw_deepseekv4pro_isolated_CL004,Descriptive,Prior donors are disproportionately targeted for intensive outreach,supported,none,,codex_adjudication_pass,Unsampled claim; final label inherits first-pass annotation.
C001,no_solution,no_solution,openclaw,RUN_20260528_174342_02_openclaw_deepseekv4pro_isolated,RUN_20260528_174342_02_openclaw_deepseekv4pro_isolated_CL005,Descriptive diagnostic,Observed covariates are strongly imbalanced across outreach intensity levels,supported,none,,codex_adjudication_pass,Unsampled claim; final label inherits first-pass annotation.
C001,no_solution,no_solution,openclaw,RUN_20260528_174342_02_openclaw_deepseekv4pro_isolated,RUN_20260528_174342_02_openclaw_deepseekv4pro_isolated_CL006,Descriptive,Solicitor identity explains meaningful variation in outreach allocation,supported,none,,codex_adjudication_pass,Unsampled claim; final label inherits first-pass annotation.
C001,no_solution,no_solution,openclaw,RUN_20260528_174342_02_openclaw_deepseekv4pro_isolated,RUN_20260528_174342_02_openclaw_deepseekv4pro_isolated_CL007,Suggestive pattern analysis,Contribution patterns are consistent with either pressure or genuine demand,supported,none,,codex_adjudication_pass,Unsampled claim; final label inherits first-pass annotation.
C001,no_solution,no_solution,openclaw,RUN_20260528_174342_02_openclaw_deepseekv4pro_isolated,RUN_20260528_174342_02_openclaw_deepseekv4pro_isolated_CL008,Methodological assessment,No credible causal claim can be made,supported,none,,codex_adjudication_pass,Unsampled claim; final label inherits first-pass annotation.
